tree
version=v4
num_class=1
num_tree_per_iteration=1
label_index=0
max_feature_idx=25
objective=regression
feature_names=Column_0 Column_1 Column_2 Column_3 Column_4 Column_5 Column_6 Column_7 Column_8 Column_9 Column_10 Column_11 Column_12 Column_13 Column_14 Column_15 Column_16 Column_17 Column_18 Column_19 Column_20 Column_21 Column_22 Column_23 Column_24 Column_25
feature_infos=[-28:312] [-28:312] [-28:312] [-28:312] [-28:312] [-28:312] [-28:312] [-28:312] [-112:41] [-110:113] [-121:163] [-115:223] [0.14139190265868379:95.182483277467981] [-14:312] [-28:289] [0:42.399999999999999] [0:42.799999999999997] [0:42.799999999999997] [0:48.200000000000003] [0:65] [0:87.400000000000006] [0:93] [-1:1] [-1:1] [-0.99999073973619002:0.99999073973619002] [-0.99996295911626565:1]
tree_sizes=2522 2423 2601 2673 2024 2617 2436 2377 2535 2540 2616 2179 2619 2558 2531 2619 2630 2637 2061 2660 2700 2708 2713 2465 2456 2443 2532 2214 2450 2530 2265 1796 2517 2415 2318 2119 2444 2301 2040 2393 2382 1538 2453 1582 2029 2426 2699 2134 2516 2669 1120 1518 1186 2589 1465 2698 2674 2216 2179 2396 1721 1440 1628 1439 1535 2055 1882 1921 1039 2640 1785 938 1516 1536 1424 1785 2478 2234 2476 1860 2324 2578 2226 1305

Tree=0
num_leaves=28
num_cat=0
split_feature=8 18 3 18 18 8 19 17 8 21 13 0 14 1 8 3 5 18 19 19 21 3 8 12 13 17 13
split_gain=789775 316626 228848 149211 90509 76896.9 56564.5 53099.7 43498.3 39390.4 36391.6 34113.9 62262.8 33960.6 27909.4 26571.4 23149.4 18407.1 14994 12671.3 11302.7 11200.1 10964 9460.31 6508.83 6280.98 4642.87
threshold=1.5000000000000002 13.200000000000005 113.50000000000001 0.70000000000000018 44.5 -1.0000000180025095e-35 0.70000000000000018 8.7000000000000028 1.0000000180025095e-35 34.300000000000018 145.50000000000003 39.500000000000007 -9.4999999999999982 37.500000000000007 1.0000000180025095e-35 172.50000000000003 9.5000000000000018 10.699999999999999 12.600000000000003 45.500000000000021 57.300000000000033 228.50000000000003 7.5000000000000009 29.391656423389616 132.50000000000003 12.300000000000002 162.50000000000003
decision_type=10 10 10 10 10 10 10 10 8 10 8 2 10 10 10 10 10 10 10 10 8 10 10 10 8 10 10
left_child=2 6 3 8 11 15 22 14 13 -9 16 25 -13 -1 -5 23 -8 24 -10 -17 -19 -12 26 -4 -7 -3 -2
right_child=1 4 5 7 -6 17 10 9 18 -11 21 12 -14 -15 -16 19 -18 20 -20 -21 -22 -23 -24 -25 -26 -27 -28
leaf_value=-0.049027083036229435 0.33093191204744482 0.51383558687048281 -0.46145822843217349 0.13401159092133361 5.7483355368025819 0.18957390374647834 0.42028003369704336 0.59614949166383957 0.074955191690135439 2.0120260621905417 0.55901267815003497 5.1167879245669221 2.2601144360942005 -0.16800719014612023 0.4597251481635995 -0.85584293217345619 1.2847545250397556 1.1336133631684926 1.2358355969028227 -2.1022596081958786 -0.20999773999171092 -0.49519887512414063 1.3531433032328044 -0.82035707380890865 -0.22352514238531587 1.6462523031401659 -0.42606917155556767
leaf_weight=17513 571 25 1164 3125 20 107 90 223 4214 63 192 21 208 9121 833 703 555 45 28 21 24 29 26 218 876 24 21
leaf_count=17513 571 25 1164 3125 20 107 90 223 4214 63 192 21 208 9121 833 703 555 45 28 21 24 29 26 218 876 24 21
internal_value=-0.0166382 1.01229 -0.0645393 -0.0278788 2.49959 -0.472239 0.713632 0.250103 -0.0660882 0.908038 0.974404 2.26587 2.52208 -0.0897727 0.202561 -0.646619 1.16413 -0.123147 0.0826178 -0.891996 0.66627 0.420677 0.348214 -0.518072 -0.178559 1.06849 0.304079
internal_weight=40060 1782 38278 35120 298 3158 1484 4244 30876 286 866 278 229 26634 3958 2106 645 1052 4242 724 69 221 618 1382 983 49 592
internal_count=40060 1782 38278 35120 298 3158 1484 4244 30876 286 866 278 229 26634 3958 2106 645 1052 4242 724 69 221 618 1382 983 49 592
is_linear=0
shrinkage=1


Tree=1
num_leaves=27
num_cat=0
split_feature=8 18 9 18 18 8 1 18 0 18 6 6 1 8 8 5 1 8 13 4 8 0 24 9 14 14
split_gain=712772 285755 227528 113192 81684.4 64280.1 50175.4 45330.1 38403.4 34238.9 33439.3 48403.2 30440.9 29475 20973.7 18912.8 22524 15819.3 14731.6 13382.2 6603.11 5435.96 5183.51 3936.78 1941.48 1892.74
threshold=1.5000000000000002 13.200000000000005 -4.4999999999999991 0.70000000000000018 44.5 1.0000000180025095e-35 69.500000000000014 1.3000000000000003 80.500000000000014 11.5 -7.4999999999999991 27.500000000000004 172.50000000000003 1.0000000180025095e-35 9.5000000000000018 9.5000000000000018 176.50000000000003 -1.0000000180025095e-35 132.50000000000003 196.50000000000003 -3.4999999999999996 14.500000000000002 -0.32533907195844758 -13.499999999999998 -8.4999999999999982 43.500000000000007
decision_type=10 10 8 10 10 10 10 10 2 10 8 8 10 10 10 10 10 10 8 8 10 2 2 10 8 8
left_child=2 7 8 6 10 12 13 14 21 -7 -3 -12 -5 -4 18 24 -17 -8 -2 23 -21 -1 -16 -10 -9 -23
right_child=1 4 3 5 -6 9 17 15 19 -11 11 -13 -14 -15 22 16 -18 -19 -20 20 -22 25 -24 -25 -26 -27
leaf_value=0.51067241063007174 0.57114598957832752 4.1363113498687749 -0.049822906102499252 0.13344812393330704 5.4750831604003913 0.40943150612313239 -0.30567326179994292 0.77246424633523691 -1.2427257977999175 1.1456449050007691 0.97369609201947849 2.4648881147636308 -0.56486327154504745 0.10810164221338917 0.92268891442905776 1.3467407904200905 0.083070286802756479 -0.12477243618765105 0.13481938935183951 -1.61642101004317 -0.91687108125752192 -0.28955713661061122 1.9482858694025449 -0.61836743954090634 0.22823782589351921 0.041270219114346383
leaf_weight=39 676 20 23522 3667 20 912 2145 23 26 191 78 180 163 3379 22 368 39 2768 271 37 382 97 28 872 57 78
leaf_count=39 676 20 23522 3667 20 912 2145 23 26 191 78 180 163 3379 22 368 39 2768 271 37 382 97 28 872 57 78
internal_value=-0.00164188 0.975844 -0.0471479 -0.0222657 2.38878 0.200588 -0.0568208 0.692115 -0.644371 0.536917 2.16674 2.01406 0.103729 -0.0299862 0.498979 1.08751 1.22565 -0.203753 0.446284 -0.745315 -0.978645 -0.023139 1.49702 -0.636445 0.384703 -0.142103
internal_weight=40060 1782 38278 36747 298 4933 31814 1484 1531 1103 278 258 3830 26901 997 487 407 4913 947 1317 419 214 50 898 80 175
internal_count=40060 1782 38278 36747 298 4933 31814 1484 1531 1103 278 258 3830 26901 997 487 407 4913 947 1317 419 214 50 898 80 175
is_linear=0
shrinkage=0.05


Tree=2
num_leaves=29
num_cat=0
split_feature=9 17 9 19 19 23 19 9 11 14 12 0 0 17 19 25 11 3 10 4 23 25 9 0 5 4 23 14
split_gain=508424 254847 208936 116733 70837.5 79405 67859 60884.3 54921 37530.2 54107.2 37029.3 34659.1 31149.7 30724.6 38192.2 28191.9 21521.4 16502.3 12187.7 10576.5 15857.7 5638.46 4905.95 4772.36 4565.86 3053 1708.2
threshold=5.5000000000000009 8.5000000000000018 -4.4999999999999991 2.100000000000001 45.500000000000021 -0.19509032201612839 3.5000000000000013 1.5000000000000002 1.5000000000000002 51.500000000000007 16.177482457303629 110.50000000000001 80.500000000000014 8.5000000000000018 32.300000000000018 -0.62538740722492592 -1.4999999999999998 113.50000000000001 -11.499999999999998 187.50000000000003 0.16280825711809002 0.098816478347602058 -14.499999999999998 14.500000000000002 -4.4999999999999991 99.500000000000014 0.35206144883412543 43.500000000000007
decision_type=10 10 8 10 8 2 10 10 10 10 10 2 2 10 10 2 10 10 8 8 2 2 10 2 8 10 2 8
left_child=2 6 12 8 9 -6 20 17 11 24 -11 -4 23 -9 16 -16 -8 -5 -10 26 25 -22 -21 -1 -3 -2 -14 -25
right_child=1 4 3 7 5 -7 14 13 18 10 -12 -13 19 -15 15 -17 -18 -19 -20 22 21 -23 -24 27 -26 -27 -28 -29
leaf_value=0.48513879695763951 0.16386897248590923 1.9436373483567011 -0.064009824050666853 0.16298972286902674 1.7551822423934937 5.2451387943365644 0.2463385593954866 0.42248140963716163 -0.35217372160297256 4.3425896414395035 0.96208511888980874 -0.35846466731594995 -0.6536996237046977 1.1964483059700453 3.5892981876497689 1.2137536956230179 1.0284827485179702 -0.15898601530401271 0.14744280956037492 -1.5142209943703244 0.02619019531265453 0.68257361357535362 -0.85619627026273459 -0.27507927967715512 1.0956034382687339 -0.48671330665719925 -0.44459493836984337 0.039206709531255261
leaf_weight=39 385 21 26800 3134 28 39 152 1069 173 29 20 1112 563 148 23 64 476 622 3702 35 135 289 466 97 79 29 253 78
leaf_count=39 385 21 26800 3134 28 39 152 1069 173 29 20 1112 563 148 23 64 476 622 3702 35 135 289 466 97 79 29 253 78
internal_value=-0.00155979 0.827168 -0.0398461 -0.0160104 2.43635 3.78665 0.603355 0.209255 -0.0512527 1.82917 2.96279 -0.0757408 -0.612152 0.516604 0.961168 1.84177 0.839174 0.10967 0.125137 -0.708049 0.29806 0.473584 -0.902166 -0.021982 1.27369 0.118297 -0.588867 -0.134998
internal_weight=40060 1769 38291 36760 216 67 1553 4973 31787 149 49 27912 1531 1217 715 87 628 3756 3875 1317 838 424 501 214 100 414 816 175
internal_count=40060 1769 38291 36760 216 67 1553 4973 31787 149 49 27912 1531 1217 715 87 628 3756 3875 1317 838 424 501 214 100 414 816 175
is_linear=0
shrinkage=0.05


Tree=3
num_leaves=30
num_cat=0
split_feature=8 17 3 19 19 19 8 23 11 7 19 19 13 13 0 3 12 19 12 17 21 17 8 8 8 13 5 21 13
split_gain=592026 200616 173485 110787 67983 58134.3 57610.5 56632.5 53875.4 36647.4 35440.2 26540.1 41769.2 24643.3 23353.2 20081.6 19757.5 17793.3 15541.8 13651.9 12135 10274.4 9067.54 8900.5 8690.74 5233.51 5207.35 4122.9 3955.49
threshold=1.5000000000000002 8.5000000000000018 113.50000000000001 11.600000000000003 45.500000000000021 0.70000000000000018 -1.0000000180025095e-35 -0.19509032201612839 1.5000000000000002 32.500000000000007 0.90000000000000013 33.000000000000007 214.50000000000003 145.50000000000003 15.500000000000002 183.50000000000003 11.43438258622179 31.5 16.177482457303629 1.0000000180025095e-35 4.7000000000000028 0.50000000000000011 7.5000000000000009 1.0000000180025095e-35 -1.4999999999999998 130.50000000000003 -4.4999999999999991 22.299999999999994 162.50000000000003
decision_type=10 10 10 10 8 10 10 2 10 10 10 10 8 8 2 10 10 10 8 10 8 10 10 10 8 8 8 10 10
left_child=2 5 3 8 9 22 15 -6 10 26 -1 13 -13 -7 27 24 -16 -11 -9 -10 -17 25 28 -23 -4 -8 -3 -5 -2
right_child=1 4 6 14 7 11 21 18 19 17 -12 12 -14 -15 16 20 -18 -19 -20 -21 -22 23 -24 -25 -26 -27 -28 -29 -30
leaf_value=-0.070420510214327645 0.29608587848741497 1.8197611288590865 -0.65242922193936859 0.14338843587799172 1.8218880002315228 1.0060974042837061 0.19606183731291249 3.8338036227226255 0.10532219607968954 3.513484438881278 0.084772492364773355 2.7616674019618239 0.41966248028911651 0.38139646367814684 0.9216666129447465 -0.0042957853187214241 0.2051647013378522 1.752521751018671 5.8049591541290289 0.35585045129363968 -0.86861763855979646 -0.021274050587089734 1.2253204607870432 0.57462650758439104 -0.38311424972696073 -0.24192196849145389 0.94751426858174337 0.62027990375817932 -0.40265593145574841
leaf_weight=25852 570 22 408 282 26 655 76 20 3465 32 4289 47 32 208 407 44 126 26 20 645 527 224 26 87 1127 665 77 54 21
leaf_count=25852 570 22 408 282 26 655 76 20 3465 32 4289 47 32 208 407 44 126 26 20 645 527 224 26 87 1127 665 77 54 21
internal_value=-0.0014818 0.88937 -0.0429547 -0.0110352 2.29208 0.688726 -0.39793 3.63855 -0.0251805 1.72605 -0.0483369 0.93583 1.81301 0.855532 0.54649 -0.548866 0.752287 2.72409 4.81938 0.144639 -0.802015 -0.0957702 0.311461 0.145425 -0.454698 -0.197001 1.14135 0.220032 0.271257
internal_weight=40060 1782 38278 35120 223 1559 3158 66 34251 157 30141 942 79 863 869 2106 533 58 40 4110 571 1052 617 311 1535 741 99 336 591
internal_count=40060 1782 38278 35120 223 1559 3158 66 34251 157 30141 942 79 863 869 2106 533 58 40 4110 571 1052 617 311 1535 741 99 336 591
is_linear=0
shrinkage=0.05


Tree=4
num_leaves=22
num_cat=0
split_feature=18 10 11 18 21 6 18 18 6 4 3 21 0 13 20 12 10 14 10 6 13
split_gain=425804 158970 167191 114270 59277.2 74924 58222.8 55775.6 53135.6 40210.1 37269.1 28656.7 23385.1 17756.8 13279 9079.93 8683.09 5360.75 3705.86 3242.55 2389.49
threshold=13.1 -12.499999999999998 2.5000000000000004 43.70000000000001 32.899999999999991 77.500000000000014 0.70000000000000018 0.70000000000000018 -5.4999999999999991 39.500000000000007 169.50000000000003 84.600000000000009 80.500000000000014 177.50000000000003 3.5000000000000013 17.595044186960568 -18.499999999999996 13.500000000000002 -44.499999999999993 114.50000000000001 206.50000000000003
decision_type=10 8 10 10 10 10 10 10 8 10 10 10 2 8 10 10 10 10 10 10 10
left_child=1 12 7 4 5 15 14 9 -6 -3 -9 -10 17 -8 -4 -2 18 -1 -14 -19 -18
right_child=3 2 6 -5 8 -7 13 10 11 -11 -12 -13 16 -15 -16 -17 20 19 -20 -21 -22
leaf_value=0.68073200073838236 0.43568804765978053 -0.015429664888860502 0.1827353938183327 4.6336750268936155 3.4326723126804128 3.1537892653391912 0.89533534629525191 0.16535598436168664 1.4968596763053055 -0.13698228209886534 -0.49478708789249259 -0.20473611506598965 -1.3401660240613498 0.1278066474045145 0.50841446885552555 -0.56540267217159268 -0.43215092566367946 -0.20881216526600241 -0.72831856723773347 0.40246873245789455 -0.61883787267483203
leaf_weight=25 241 20596 1585 24 34 26 563 4296 296 10160 225 27 26 87 390 25 503 131 514 26 260
leaf_count=25 241 20596 1585 24 34 26 563 4296 296 10160 225 27 26 87 390 25 503 131 514 26 260
internal_value=-0.00140771 -0.0227161 -0.00283301 1.24566 1.12037 0.592001 0.382137 -0.0314791 1.55253 -0.0555836 0.132502 1.35462 -0.530196 0.792605 0.247047 0.341601 -0.604351 0.00070381 -0.757778 -0.107581 -0.495766
internal_weight=40060 39387 37902 673 649 292 2625 35277 357 30756 4521 323 1485 650 1975 266 1303 182 540 157 763
internal_count=40060 39387 37902 673 649 292 2625 35277 357 30756 4521 323 1485 650 1975 266 1303 182 540 157 763
is_linear=0
shrinkage=0.05


Tree=5
num_leaves=29
num_cat=0
split_feature=9 17 9 17 7 0 11 17 9 0 1 14 4 4 10 6 20 3 9 20 23 20 9 23 6 0 14 5
split_gain=394688 231253 155914 67677.3 51306.3 48182.8 45830.9 44185.6 40111.3 30399.7 52350.6 27482.7 24292.7 24037.5 23996.8 23641.9 22328.9 19977.4 15982.1 15300.4 24122.1 11517.6 9917.36 7334.85 5964.38 4619.17 2919.34 2453.82
threshold=4.5000000000000009 8.5000000000000018 -3.4999999999999996 0.70000000000000018 9.5000000000000018 83.500000000000014 1.0000000180025095e-35 0.50000000000000011 1.5000000000000002 169.50000000000003 70.500000000000014 23.500000000000004 40.500000000000007 12.500000000000002 117.50000000000001 -1.4999999999999998 40.800000000000018 139.50000000000003 -5.4999999999999991 41.500000000000028 -0.290129255202841 8.9000000000000039 -16.499999999999996 0.55557023301960229 159.50000000000003 14.500000000000002 -12.499999999999998 172.50000000000003
decision_type=10 10 8 10 10 2 8 10 10 2 10 10 8 10 10 10 10 10 10 10 2 10 10 2 8 2 10 10
left_child=2 7 5 6 19 24 17 14 21 10 -6 -10 -8 23 16 -15 -2 -4 22 26 -21 -5 -7 -9 25 -1 -3 -20
right_child=1 4 3 8 9 18 12 13 11 -11 -12 -13 -14 15 -16 -17 -18 -19 27 20 -22 -23 -24 -25 -26 -27 -28 -29
leaf_value=0.096740026113234068 0.31650411523447097 0.3970021394667802 -0.072182554494140336 0.03036053594150705 1.8116764674867902 -1.5820940131141294 0.10421238029765652 -0.0083838809467852125 0.3324009404388083 1.453906171075229 4.2942079040739278 1.0144645973936552 -0.043368844964333637 2.6922234463691712 -1.4006049033999444 0.93343678930965823 1.7952861166917362 -0.46382783315738163 -0.36130967356014854 1.1697013092041015 3.2018443615540217 0.25056954944448678 -0.67137519461965123 0.74692299839854248 0.5570433639428195 -0.18504745515003321 1.1322697564407631 -0.53611083343144394
leaf_weight=190 1403 27 19985 1531 35 31 7045 90 467 29 54 216 4615 20 20 428 26 331 716 40 23 970 837 50 34 620 27 279
leaf_count=190 1403 27 19985 1531 35 31 7045 90 467 29 54 216 4615 20 20 428 26 331 716 40 23 970 837 50 34 620 27 279
internal_value=-0.00107119 0.639017 -0.0394762 -0.0113247 2.12417 -0.405123 -0.0332145 0.467682 0.208508 2.85982 3.31793 0.548105 0.0458001 0.833243 0.319338 1.01195 0.34341 -0.0785635 -0.547106 1.38223 1.91159 0.115767 -0.703901 0.261369 -0.0917172 -0.118949 0.764636 -0.410324
internal_weight=40139 2272 37867 35160 235 2707 31976 2037 3184 118 89 683 11660 588 1449 448 1429 20316 1863 117 63 2501 868 140 844 810 54 995
internal_count=40139 2272 37867 35160 235 2707 31976 2037 3184 118 89 683 11660 588 1449 448 1429 20316 1863 117 63 2501 868 140 844 810 54 995
is_linear=0
shrinkage=0.05


Tree=6
num_leaves=27
num_cat=0
split_feature=18 9 0 9 19 0 19 23 24 9 9 18 2 10 9 20 6 6 13 9 12 19 0 9 7 17
split_gain=381995 151798 132568 102140 99136.1 44172 46127 46489.2 41886 38110.9 30446.1 26091.2 30273.1 24842.2 24415.7 28527 16917.5 16634.6 11897.1 11533.9 10547.1 9326.67 9082.19 8733.01 3356.73 2630.88
threshold=13.200000000000005 1.0000000180025095e-35 110.50000000000001 5.5000000000000009 1.1000000000000003 240.50000000000003 45.70000000000001 -0.290129255202841 -0.34964421742355262 4.5000000000000009 -5.4999999999999991 0.70000000000000018 17.500000000000004 92.500000000000014 1.5000000000000002 38.300000000000004 139.50000000000003 27.500000000000004 216.50000000000003 28.500000000000004 27.78929879316609 37.500000000000021 168.50000000000003 -16.499999999999996 46.500000000000007 10.100000000000003
decision_type=10 10 2 10 10 2 8 2 2 10 8 10 10 8 10 10 10 10 8 10 10 8 2 10 8 10
left_child=1 2 11 14 19 6 8 -8 -5 18 23 12 -1 -11 21 17 -13 -16 -6 20 -3 25 -12 -4 -21 -2
right_child=3 4 10 5 9 -7 7 -9 -10 13 22 16 -14 -15 15 -17 -18 -19 -20 24 -22 -23 -24 -25 -26 -27
leaf_value=0.0027393299742067803 0.068919691991888812 0.044597187002829532 -1.5831329565208694 1.0760094684541226 0.2920604105896219 -0.027977057700527126 1.3812675725330008 4.242812578678131 2.4451346950439534 0.69096186084274358 -0.25713173076955015 0.096405679485040086 -0.10988396447387233 -0.46293766920606849 0.30064066693533298 2.6938269647684967 1.4890134811401368 1.3231587878755622 -0.20085516539580039 1.3482609899342062 -0.61047657867593152 -0.78327438181096865 -0.53394585257555172 -0.65037628321597973 0.4321916684508324 0.48924891854544267
leaf_weight=10642 63 6875 26 125 1868 29 22 40 101 970 1613 2501 13582 49 86 22 22 74 131 20 62 22 363 720 20 91
leaf_count=10642 63 6875 26 125 1868 29 22 40 101 970 1613 2501 13582 49 86 22 22 74 131 20 62 22 363 720 20 91
internal_value=-0.00101764 -0.0211905 -0.0783003 1.17839 0.147191 1.83202 2.01931 3.22743 1.68788 0.386616 -0.41073 -0.0444694 -0.0604067 0.635475 0.599622 1.00568 0.108549 0.773555 0.259758 0.0436241 0.0387424 0.179725 -0.307984 -0.682885 0.890226 0.317296
internal_weight=40139 39464 29469 675 9995 317 288 62 226 3018 2722 26747 24224 1019 358 182 2523 160 1999 6977 6937 176 1976 746 40 154
internal_count=40139 39464 29469 675 9995 317 288 62 226 3018 2722 26747 24224 1019 358 182 2523 160 1999 6977 6937 176 1976 746 40 154
is_linear=0
shrinkage=0.05


Tree=7
num_leaves=26
num_cat=0
split_feature=18 9 19 9 9 1 4 14 3 9 13 9 20 2 4 2 6 4 19 9 23 7 4 5 15
split_gain=344750 138835 117851 92181.7 67029.3 39745.5 44951.6 47500.8 37851.5 34813 24093.9 22035.2 25745.7 17893.3 17532.7 15633.7 15012.7 12246.9 8417.32 6049.19 5904.83 5515.2 4478.81 2558.78 2412.79
threshold=13.200000000000005 -3.4999999999999996 2.100000000000001 5.5000000000000009 3.5000000000000004 223.50000000000003 12.500000000000002 -9.4999999999999982 91.500000000000014 -1.0000000180025095e-35 179.50000000000003 1.5000000000000002 38.300000000000004 169.50000000000003 161.50000000000003 17.500000000000004 27.500000000000004 187.50000000000003 37.500000000000021 -16.499999999999996 1.0000000180025095e-35 43.500000000000007 -11.499999999999998 38.500000000000007 1.7000000000000004
decision_type=10 8 10 10 10 10 10 10 10 8 8 10 10 10 10 10 10 8 8 10 2 10 8 8 10
left_child=1 8 9 11 13 6 20 -8 22 15 -6 18 16 -4 -11 -3 -13 21 24 -19 -5 -10 -1 -24 -2
right_child=3 2 4 5 10 -7 7 -9 17 14 -12 12 -14 -15 -16 -17 -18 19 -20 -21 -22 -23 23 -25 -26
leaf_value=0.64029457688331615 0.16420480602402956 -0.017855832092588193 0.1549878409531012 0.00051335238892099135 0.66779165120124018 0.069587186723947522 4.5544595956802372 2.0059059596257591 -0.56838984706309525 0.023691680776326739 0.019542379794124317 0.28560863452162161 2.5591356692835689 -0.34060638904649554 -0.72775459289550781 -0.12278007232602575 1.2570008445430447 -1.545092049241066 -0.74411068937995228 -0.65982668854547277 1.0732982031230269 -0.33937367262463702 -0.00069344407281192195 -0.18053287330130452 0.58686225619912147
leaf_weight=20 104 5548 3921 23 944 32 20 213 381 16073 169 86 22 191 78 9859 74 20 22 549 29 848 307 556 50
leaf_count=20 104 5548 3921 23 944 32 20 213 381 16073 169 86 22 191 78 9859 74 20 22 549 29 848 307 556 50
internal_value=-0.000966752 -0.0201309 0.00518794 1.11947 0.225139 1.74041 1.92802 2.22467 -0.367503 -0.0312289 0.56936 0.569641 0.955392 0.131968 0.0200626 -0.0849973 0.734878 -0.499161 0.170739 -0.690943 0.598797 -0.410371 -0.0994148 -0.116558 0.301431
internal_weight=40139 39464 36783 675 5225 317 285 233 2681 31558 1113 358 182 4112 16151 15407 160 1798 176 569 52 1229 883 863 154
internal_count=40139 39464 36783 675 5225 317 285 233 2681 31558 1113 358 182 4112 16151 15407 160 1798 176 569 52 1229 883 863 154
is_linear=0
shrinkage=0.05


Tree=8
num_leaves=28
num_cat=0
split_feature=8 18 3 19 11 8 19 1 19 10 7 13 3 14 18 18 16 23 18 19 10 3 8 23 13 12 21
split_gain=385110 139402 112366 83257.1 42285.3 37842.1 33822.6 31981 27876.3 26764 34554.1 23934.3 22578.3 24292.6 19221 18756.9 18371.8 16994.1 16220.4 14774.1 10353.1 9467.3 8032.56 6215.8 5038.15 4759.49 4633.5
threshold=1.5000000000000002 13.200000000000005 113.50000000000001 11.500000000000004 1.0000000180025095e-35 -1.0000000180025095e-35 45.70000000000001 166.50000000000003 0.70000000000000018 88.500000000000014 32.500000000000007 150.50000000000003 17.500000000000004 64.500000000000014 10.699999999999999 0.70000000000000018 7.9000000000000012 0.35206144883412543 0.70000000000000018 45.500000000000021 89.500000000000014 217.50000000000003 7.5000000000000009 0.72947329433276265 274.50000000000006 29.391656423389616 22.299999999999994
decision_type=10 10 10 10 10 10 8 10 10 8 10 8 10 8 10 10 10 2 10 10 10 10 10 2 10 10 10
left_child=2 8 3 4 18 19 9 16 22 10 -3 17 26 -14 23 -6 -8 -10 -1 21 -13 -4 25 -7 -16 -2 -5
right_child=1 6 5 12 15 14 7 -9 11 -11 -12 20 13 -15 24 -17 -18 -19 -20 -21 -22 -23 -24 -25 -26 -27 -28
leaf_value=-0.072504521558917151 0.24859086057786711 1.0391567795999408 -0.39297675166648105 0.095106207825384051 0.03700544305906301 -0.20114461692318303 4.2540178722805448 1.3136672247201204 0.57295294184992207 -0.28003320152109323 2.3607785065646896 0.34538226594105459 0.5911488553591292 1.9745528342092742 1.0488881862163544 0.24534406772116771 2.2546272403001786 1.0767259998015832 0.069072138931382435 -1.7982202351093293 -0.84885175451636319 -0.72300854275221771 1.193821358409795 0.097156715320858136 0.095124208517372619 -0.50077191658995368 0.51461821544062658
leaf_weight=21339 575 127 1807 318 9498 757 27 30 316 22 81 196 476 34 45 1219 20 356 2235 20 20 247 22 227 20 22 83
leaf_count=21339 575 127 1807 318 9498 757 27 30 316 22 81 196 476 34 45 1219 20 356 2235 20 20 247 22 227 20 22 83
internal_value=-0.000918415 0.710953 -0.0346127 -0.00911218 -0.0216455 -0.322051 1.68207 2.5891 0.51312 1.37841 1.55383 0.692664 0.462655 0.683376 -0.0773207 0.0607028 3.40321 0.839833 -0.0590819 -0.445832 0.234805 -0.432664 0.255552 -0.132329 0.755422 0.220976 0.181938
internal_weight=40139 1814 38325 35202 34291 3123 307 77 1507 230 208 888 911 510 1049 10717 47 672 23574 2074 216 2054 619 984 65 597 401
internal_count=40139 1814 38325 35202 34291 3123 307 77 1507 230 208 888 911 510 1049 10717 47 672 23574 2074 216 2054 619 984 65 597 401
is_linear=0
shrinkage=0.05


Tree=9
num_leaves=28
num_cat=0
split_feature=8 18 9 19 19 11 13 6 3 4 8 23 17 5 4 9 3 19 11 1 9 3 8 13 3 23 5
split_gain=347562 125874 109104 68494.5 36337.5 35770.6 35674.5 34107.9 31902 30519.4 25043.5 20719.7 20120.9 19266.5 18884.3 18102.2 16624 16149.6 13949.9 12252.2 10919.6 7141.2 6811.05 6950.18 3927.17 2230.92 1708.86
threshold=1.5000000000000002 8.7000000000000046 -3.4999999999999996 7.3000000000000016 45.70000000000001 1.0000000180025095e-35 200.50000000000003 77.500000000000014 86.500000000000014 79.500000000000014 1.0000000180025095e-35 0.32143946530316164 9.1000000000000014 50.500000000000007 176.50000000000003 31.500000000000004 69.500000000000014 0.70000000000000018 -1.4999999999999998 168.50000000000003 -5.4999999999999991 243.50000000000003 9.5000000000000018 185.50000000000003 -14.499999999999998 0.93540483100319627 172.50000000000003
decision_type=10 10 8 10 8 8 8 8 10 10 10 2 10 8 10 8 10 10 10 10 10 10 10 10 10 2 10
left_child=2 11 8 5 6 18 7 -3 24 16 19 22 -12 -7 17 -8 -6 -13 -4 -5 21 -10 23 -2 -1 -26 -22
right_child=1 4 3 10 9 13 15 -9 20 -11 12 14 -14 -15 -16 -17 -18 -19 -20 -21 26 -23 -24 -25 25 -27 -28
leaf_value=0.5957808664866856 0.28462468863902601 1.1562703661661331 -0.14231124939513742 0.19851205391611146 2.3772753936052324 0.086044771066673395 0.73958524173746509 2.4896106910705567 -0.53491500128003844 1.4178718069666312 0.39719773830116711 0.37306748349419416 1.1191392056770244 -0.046120863788067339 -0.81728411884534935 -1.0508322829008103 4.4159031867980962 0.89322663637528932 -0.044470377556792423 -0.32423140450676041 -0.30035332185470709 -1.0172959239342634 1.0554773262253514 -0.3856223629015248 -0.12834177489824955 0.1240823710411787 -0.44577908532353505
leaf_weight=21 683 183 4666 1264 20 8125 48 65 788 38 530 233 118 4174 21 20 20 415 16618 123 732 85 27 41 702 100 279
leaf_count=21 683 183 4666 1264 20 8125 48 65 788 38 530 233 118 4174 21 20 20 415 16618 123 732 85 27 41 702 100 279
internal_value=-0.000872494 0.675405 -0.0328821 -0.00962479 1.46611 -0.0266929 1.22755 1.50573 -0.338896 2.4326 0.272045 0.456012 0.528662 0.0411908 0.658372 0.212992 3.39659 0.706194 -0.0659196 0.152155 -0.452343 -0.581882 0.275747 0.246669 -0.0791935 -0.0968674 -0.340486
internal_weight=40139 1814 38325 35618 394 33583 316 248 2707 78 2035 1420 648 12299 669 68 40 648 21284 1387 1884 873 751 724 823 802 1011
internal_count=40139 1814 38325 35618 394 33583 316 248 2707 78 2035 1420 648 12299 669 68 40 648 21284 1387 1884 873 751 724 823 802 1011
is_linear=0
shrinkage=0.05


Tree=10
num_leaves=29
num_cat=0
split_feature=8 18 8 0 19 19 19 2 10 6 11 15 21 4 20 3 4 20 8 5 0 10 17 4 25 8 4 16
split_gain=331861 116501 95078.3 67680.7 62616.2 31981.1 27446.6 26333.5 24180.2 49199.2 24119.8 19475.4 17536.2 27321.9 17371.4 14806.5 14108.6 13465.1 12671.2 10699.3 8013.31 10426.5 6374.27 6241.25 6001.02 5539.84 5015.67 1889.19
threshold=1.5000000000000002 13.1 -1.0000000180025095e-35 111.50000000000001 11.500000000000004 45.70000000000001 1.1000000000000003 154.50000000000003 77.500000000000014 72.500000000000014 1.5000000000000002 2.3000000000000007 59.400000000000048 17.500000000000004 1.5000000000000002 228.50000000000003 187.50000000000003 2.100000000000001 7.5000000000000009 90.500000000000014 23.500000000000004 -4.4999999999999991 1.0000000180025095e-35 21.500000000000004 0.57727023316007786 -3.4999999999999996 148.50000000000003 0.90000000000000013
decision_type=10 10 8 2 10 8 10 10 8 10 10 10 10 10 10 10 8 10 10 8 2 8 10 10 2 10 10 10
left_child=2 6 3 20 10 8 18 11 9 -3 17 -7 13 -6 23 -16 19 -4 26 -5 21 -1 -12 -8 -22 -18 -2 -14
right_child=1 5 4 16 12 7 14 -9 -10 -11 22 -13 27 -15 15 -17 25 -19 -20 -21 24 -23 -24 -25 -26 -27 -28 -29
leaf_value=0.053089054471121222 0.21406362586653269 0.89640639802527355 -0.037178998530260549 -0.7734547925189259 0.17749634603980535 4.1473438594652263 2.2480978974274226 1.184288474609112 -0.128379081446549 2.4923137595116254 0.085092598891664983 2.1674021420655429 -0.49559219190134451 0.72452325698503961 0.64950719234108711 -0.54215621131437797 -1.1650501841945309 0.060832940447295952 1.2240407372452131 -0.28490763700354482 -0.19259612067556262 -0.11507059581352411 0.25225393838804128 1.0677862831701836 -0.077530528196234585 -0.57158669011012275 -0.59003939419984819 0.048625158874884895
leaf_weight=1595 639 151 18429 123 432 23 21 29 29 71 3456 27 52 484 754 27 42 4327 31 1261 2594 2184 683 24 2012 617 20 23
leaf_count=1595 639 151 18429 123 432 23 21 29 29 71 3456 27 52 484 754 27 42 4327 31 1261 2594 2184 683 24 2012 617 20 23
internal_value=-0.000582926 0.654225 -0.0321321 -0.160935 0.0160337 1.50558 0.468904 2.38295 1.22944 1.40681 0.00165168 3.07818 0.406352 0.466537 0.66335 0.60831 -0.418994 -0.0185423 0.236132 -0.328326 -0.0980588 -0.0440956 0.112677 1.6186 -0.142333 -0.60941 0.18966 -0.328699
internal_weight=40160 1846 38314 10428 27886 330 1516 79 251 222 26895 50 991 916 826 781 2043 22756 690 1384 8385 3779 4139 45 4606 659 659 75
internal_count=40160 1846 38314 10428 27886 330 1516 79 251 222 26895 50 991 916 826 781 2043 22756 690 1384 8385 3779 4139 45 4606 659 659 75
is_linear=0
shrinkage=0.05


Tree=11
num_leaves=24
num_cat=0
split_feature=18 11 4 19 19 6 13 19 21 16 19 4 10 4 5 20 4 25 13 1 14 19 5
split_gain=232442 91088.3 79493.5 51113.1 45319.9 40692.3 108868 55284.8 41684.3 34714.5 34235.4 34094.2 27220.7 21491 17195.4 15206 11276.3 10499.6 7107.46 5334.31 5071.25 4573.24 1681.93
threshold=13.1 2.5000000000000004 172.50000000000003 46.100000000000016 2.100000000000001 71.500000000000014 90.500000000000014 39.500000000000007 32.899999999999991 1.0000000180025095e-35 0.70000000000000018 68.500000000000014 -5.4999999999999991 86.500000000000014 9.5000000000000018 19.600000000000001 122.50000000000001 0.87377473702374975 82.500000000000014 82.500000000000014 98.500000000000014 2.7000000000000015 157.50000000000003
decision_type=10 10 10 10 10 10 10 10 10 8 10 10 10 10 10 8 10 2 10 10 10 10 10
left_child=1 2 4 5 11 8 -7 -8 19 -10 16 -1 18 -5 -14 -6 20 21 -12 -2 -3 -4 -18
right_child=3 10 17 13 15 6 7 -9 9 -11 12 -13 14 -15 -16 -17 22 -19 -20 -21 -22 -23 -24
leaf_value=-0.023498521021529696 0.18794124425246805 0.13867893421959332 -0.56841453216349092 3.0483426707131525 0.080054439446892209 4.0489320039749144 1.341162000990753 -1.1302335389729206 3.0265075278282167 0.83759887956742518 0.76066164672374725 -0.16156368149573586 0.12284462736044305 1.3083721737066905 0.68510075511994151 0.32088571589207282 -0.19492844862968856 -1.3046175247583633 -0.24653777301522861 -0.49999091774225235 0.74705077105334827 -0.33623771876096731 -0.60131401626431213
leaf_weight=25890 236 1608 480 35 3627 32 103 29 20 192 20 5405 166 36 752 800 53 39 141 32 35 380 49
leaf_count=25890 236 1608 480 35 3627 32 103 29 20 192 20 5405 166 36 752 800 53 39 141 32 35 380 49
internal_value=-0.00055378 -0.016749 -0.0378486 0.892903 -0.0261621 0.752535 1.43249 0.798204 0.520216 1.0441 0.256865 -0.0473439 0.478257 2.1661 0.583429 0.123575 0.11997 -0.502213 -0.12142 0.1058 0.151639 -0.465825 -0.390153
internal_weight=40160 39445 36621 715 35722 644 164 132 480 212 2824 31295 1079 71 918 4427 1745 899 161 268 1643 860 102
internal_count=40160 39445 36621 715 35722 644 164 132 480 212 2824 31295 1079 71 918 4427 1745 899 161 268 1643 860 102
is_linear=0
shrinkage=0.05


Tree=12
num_leaves=29
num_cat=0
split_feature=8 18 9 8 19 19 10 6 8 8 0 16 19 0 3 1 13 19 18 3 19 20 25 8 6 24 3 13
split_gain=277178 95579.1 84402.3 55171 37098.2 30887.5 25975.4 37354 23291.8 23092.9 22487 18241.5 16354 16079.8 15361.4 13847.1 13197.4 12827.7 9543.9 8381.86 8217.94 10717.4 7971.13 6528.69 6227.64 3647.71 2917.91 2862.93
threshold=1.5000000000000002 8.100000000000005 -4.4999999999999991 1.0000000180025095e-35 12.100000000000003 45.70000000000001 88.500000000000014 72.500000000000014 -1.0000000180025095e-35 2.5000000000000004 149.50000000000003 7.6000000000000014 2.100000000000001 86.500000000000014 28.500000000000004 112.50000000000001 123.50000000000001 1.0000000180025095e-35 0.50000000000000011 255.50000000000003 1.1000000000000003 1.5000000000000002 0.7987497853924842 -4.4999999999999991 148.50000000000003 0.47494667389482614 18.500000000000004 111.50000000000001
decision_type=10 10 8 10 10 8 8 10 8 10 2 10 10 2 10 10 8 10 10 10 10 10 2 10 8 2 8 10
left_child=2 9 13 8 18 6 7 -3 15 20 11 -7 -10 24 -6 -4 17 -11 -5 23 27 -22 -18 -15 26 -21 -1 -2
right_child=1 5 3 4 14 10 -8 -9 12 16 -12 -13 -14 19 -16 -17 22 -19 -20 25 21 -23 -24 -25 -26 -27 -28 -29
leaf_value=0.41643790626525884 0.12076801698331692 0.85094654389984525 -0.084551521296524601 0.068027300855754744 0.23459477859924172 3.9076939756220037 -0.27736320567853529 2.0756123484551221 -0.027325739038647469 0.28324483673680917 1.1572721327796127 1.9144392194197282 0.10135381922822323 -1.3307114720344544 0.88389095014604357 -0.28163617477425057 0.13405139737163382 0.97055961208963637 0.25642655865654523 -0.72157085653808384 1.535460459291935 0.34335532992127099 0.76643774652317775 -0.41991319705931185 0.83140271618962291 -1.5173617442448935 -0.15835555213744995 -0.41925282031297684
leaf_weight=25 438 219 7935 3689 154 22 33 87 20147 88 33 24 2814 20 223 1004 157 297 822 36 20 329 73 1212 20 24 189 26
leaf_count=25 438 219 7935 3689 154 22 33 87 20147 88 33 24 2814 20 223 1004 157 297 822 36 20 329 73 1212 20 24 189 26
internal_value=-0.000526091 0.597906 -0.0293591 -0.0142446 0.142179 1.26289 1.05541 1.19914 -0.0382132 0.403254 2.15324 2.86773 -0.0115553 -0.39373 0.618661 -0.106687 0.634435 0.813459 0.102358 -0.462804 0.228375 0.411671 0.334765 -0.434699 -0.0123513 -1.03989 -0.0912068 0.0905082
internal_weight=40160 1846 38314 36788 4888 418 339 306 31900 1428 79 46 22961 1526 377 8939 615 385 4511 1292 813 349 230 1232 234 60 214 464
internal_count=40160 1846 38314 36788 4888 418 339 306 31900 1428 79 46 22961 1526 377 8939 615 385 4511 1292 813 349 230 1232 234 60 214 464
is_linear=0
shrinkage=0.05


Tree=13
num_leaves=28
num_cat=0
split_feature=8 18 9 8 19 19 10 7 11 3 1 8 18 3 10 3 18 9 22 23 18 13 18 10 21 3 7
split_gain=250153 86260.1 76445.8 46665 33481.2 27875.9 23442.8 35415.4 21983.7 21581.4 21530.9 20841.3 20372 13863.6 12992.7 12169 8613.37 8602.85 8287.81 8152.67 14009.1 7294.32 6031.23 5240.96 4346.88 3759.14 2118.5
threshold=1.5000000000000002 8.100000000000005 -3.4999999999999996 1.0000000180025095e-35 12.100000000000003 45.70000000000001 88.500000000000014 32.500000000000007 -1.0000000180025095e-35 91.500000000000014 40.500000000000007 2.5000000000000004 37.900000000000013 28.500000000000004 78.500000000000014 213.50000000000003 0.50000000000000011 -6.4999999999999991 0.58216583101416164 0.97335555334614954 0.3000000000000001 123.50000000000001 1.8000000000000005 25.500000000000004 38.900000000000006 18.500000000000004 61.500000000000007
decision_type=10 10 8 10 10 8 8 10 8 10 10 10 10 10 10 10 10 10 2 2 10 8 8 10 10 10 10
left_child=2 11 9 8 16 6 7 -3 14 24 -10 19 18 -6 -4 21 -5 22 -7 23 -21 -13 -11 -2 25 -1 -19
right_child=1 5 3 4 13 12 -8 -9 10 17 -12 15 -14 -15 -16 -17 -18 26 -20 20 -22 -23 -24 -25 -26 -27 -28
leaf_value=0.092550077216699722 0.21044948167029479 0.70712334195412296 -0.084510054108023341 0.064625936373840454 0.22286504004392529 0.90848436651130526 -0.26349504463600393 1.8088653849065304 0.037603028275139887 -0.46187259851901541 -0.074084967060710369 0.77278613550322406 3.0998635333159879 0.83969639521676864 -1.2035318874968934 -0.61040419869124896 0.24360523252737187 -0.40017399653256436 2.2224963355064395 0.094263907028613869 1.5482179708169619 0.40644908317497797 -0.86865927812300248 -0.25946023888312858 0.64843373417854311 -0.15502502370620064 -0.26296476789139678
leaf_weight=200 681 186 11171 3689 154 30 33 120 13086 454 6438 385 29 223 26 20 822 424 20 37 30 210 114 65 20 657 836
leaf_count=200 681 186 11171 3689 154 30 33 120 13086 454 6438 385 29 223 26 20 822 424 20 37 30 210 114 65 20 657 836
internal_value=-0.000499786 0.568011 -0.0278911 -0.00842532 0.13507 1.19975 1.00264 1.13918 -0.0312568 -0.284141 0.000774135 0.383091 2.04558 0.587728 -0.0871085 0.602714 0.0972398 -0.381964 1.43409 0.216956 0.745288 0.643491 -0.543516 0.169506 -0.0802426 -0.0972479 -0.309137
internal_weight=40160 1846 38314 35609 4888 418 339 306 30721 2705 19524 1428 79 377 11197 615 4511 1828 50 813 67 595 568 746 877 857 1260
internal_count=40160 1846 38314 35609 4888 418 339 306 30721 2705 19524 1428 79 377 11197 615 4511 1828 50 813 67 595 568 746 877 857 1260
is_linear=0
shrinkage=0.05


Tree=14
num_leaves=28
num_cat=0
split_feature=8 18 0 19 19 9 0 13 9 0 8 3 25 16 2 3 20 10 18 0 23 18 24 8 21 10 24
split_gain=225763 77849.8 71611.5 50684 25158 23821.3 22256.9 27879.7 21707.9 18960.2 18809.3 18762.3 18160.6 16260.3 13233.2 10982.5 10914.3 8262.21 11243.5 7828.54 7357.79 12643.2 7056.77 5779.84 5326.23 4729.96 2984.92
threshold=1.5000000000000002 8.100000000000005 116.50000000000001 9.6000000000000032 45.70000000000001 -1.0000000180025095e-35 215.50000000000003 66.500000000000014 -4.4999999999999991 149.50000000000003 2.5000000000000004 18.500000000000004 -0.15855351192338588 7.6000000000000014 -5.4999999999999991 213.50000000000003 2.100000000000001 80.500000000000014 13.900000000000004 248.50000000000003 0.97335555334614954 0.3000000000000001 -0.18399664778440297 -4.4999999999999991 22.299999999999994 25.500000000000004 -0.6254047815183511
decision_type=10 10 2 10 8 8 2 10 10 2 10 10 2 10 8 10 10 10 10 2 2 10 2 8 10 10 2
left_child=2 10 3 5 6 14 7 -3 19 13 20 24 -13 -6 -1 22 -7 18 -10 23 25 -22 -12 -4 -5 -2 -21
right_child=1 4 8 11 9 16 -8 -9 17 -11 15 12 -14 -15 -16 -17 -18 -19 -20 26 21 -23 -24 -25 -26 -27 -28
leaf_value=0.07899735654042403 0.1999270073759743 0.5044621060331983 -1.23300823257083 0.022053439245676463 3.5812350966713646 0.0042205807391097706 -0.30236071144463494 1.4755247033521779 -0.16503932898965581 1.0287638446598342 0.45805806233880753 0.80854843492073503 0.27598706954135677 1.6993374223510427 -0.073511781077393215 -0.57988398201763636 0.1062061217967081 -0.92180652844054356 0.69351222415765124 -0.71690430916272685 0.089550715825847685 1.4708070717255275 0.80478267192321806 -0.3946639393570795 0.43563439991879971 -0.24648722788462274 -1.425614090760549
leaf_weight=1564 681 124 21 453 22 13730 32 183 1717 33 332 266 402 24 15707 20 3243 35 39 39 37 30 263 980 94 65 24
leaf_count=1564 681 124 21 453 22 13730 32 183 1717 33 332 266 402 24 15707 20 3243 35 39 39 37 30 263 980 94 65 24
internal_value=-0.000474797 0.53961 -0.0264965 -0.00710009 1.13976 -0.0183601 0.952504 1.0833 -0.2674 1.9433 0.363937 0.310256 0.488055 2.59938 -0.0597011 0.572578 0.0237068 -0.161133 -0.145971 -0.446276 0.206109 0.708024 0.611316 -0.412252 0.0931259 0.16103 -0.986889
internal_weight=40160 1846 38314 35459 418 34244 339 307 2855 79 1428 1215 668 46 17271 615 16973 1791 1756 1064 813 67 595 1001 547 746 63
internal_count=40160 1846 38314 35459 418 34244 339 307 2855 79 1428 1215 668 46 17271 615 16973 1791 1756 1064 813 67 595 1001 547 746 63
is_linear=0
shrinkage=0.05


Tree=15
num_leaves=29
num_cat=0
split_feature=8 18 1 20 10 18 7 19 11 19 7 4 19 23 20 17 3 0 19 20 11 8 7 21 5 3 3 7
split_gain=193536 69515.6 64086.1 41918 31561.5 33510.7 28440.5 25595 25141.9 22799.7 21512.6 18029.1 15625.5 16580.9 14467.4 13841.1 12720.5 12614.2 12553.4 39809.4 8249.21 6171.13 6141.1 4892.5 5558.78 4864.25 3966.83 2310.27
threshold=1.5000000000000002 8.7000000000000046 116.50000000000001 9.1000000000000032 78.500000000000014 36.900000000000013 56.500000000000007 43.70000000000001 1.0000000180025095e-35 57.899999999999999 33.500000000000007 187.50000000000003 1.1000000000000003 0.96592582628906831 5.1000000000000032 1.3000000000000003 228.50000000000003 40.500000000000007 2.9000000000000017 5.900000000000003 -1.4999999999999998 3.5000000000000004 107.50000000000001 7.3000000000000016 119.50000000000001 108.50000000000001 224.50000000000003 40.500000000000007
decision_type=10 10 10 10 8 10 10 8 8 8 10 8 10 2 10 10 10 2 10 8 10 10 8 8 10 10 10 10
left_child=2 12 3 8 5 10 -6 15 20 -7 -3 18 21 16 -15 -5 -14 -10 22 -20 -1 27 -4 26 -25 -23 -13 -2
right_child=1 4 11 7 6 9 -8 -9 17 -11 -12 23 13 14 -16 -17 -18 -19 19 -21 -22 25 -24 24 -26 -27 -28 -29
leaf_value=-0.11525537072561264 0.15136823282947862 0.76471408160023424 -0.40226419104037181 0.07829236880857407 0.8968879688869823 1.4816722936355151 -1.4239884560758418 1.8805506811900572 0.066752896842763254 3.6687147660688924 1.668240885831872 -0.62256027912864331 0.44767460647555224 2.0736957337175097 0.70435312201058675 0.31302193923770466 -0.77520478327165954 -0.048407961115286009 2.1557702132633754 -0.061011344572342613 -0.039689514235381237 0.68346007502702788 -0.18534651779531636 -0.77763659618002301 -0.36439059117759759 -0.075295933229582654 -1.4511534357070923 -0.084946433112134026
leaf_weight=4638 422 201 478 1642 33 26 22 22 8550 22 98 52 637 28 62 1017 22 3294 21 569 16320 86 1028 94 606 28 20 137
leaf_count=4638 422 201 478 1642 33 26 22 22 8550 22 98 52 637 28 62 1017 22 3294 21 569 16320 86 1028 94 606 28 20 137
internal_value=-0.00241084 0.500799 -0.0263438 -0.00796816 1.08134 1.25772 -0.0314626 0.182123 -0.0235048 2.48407 1.06085 -0.253688 0.336678 0.493789 1.13037 0.16807 0.40685 0.0347249 -0.177606 0.017891 -0.0564122 0.161826 -0.254196 -0.460252 -0.419884 0.497099 -0.852725 0.0934521
internal_weight=40175 1824 38351 35483 402 347 55 2681 32802 48 299 2868 1422 749 90 2659 659 11844 2096 590 20958 673 1506 772 700 114 72 559
internal_count=40175 1824 38351 35483 402 347 55 2681 32802 48 299 2868 1422 749 90 2659 659 11844 2096 590 20958 673 1506 772 700 114 72 559
is_linear=0
shrinkage=0.05


Tree=16
num_leaves=29
num_cat=0
split_feature=8 18 9 8 0 13 17 6 11 0 9 0 20 20 18 5 8 21 11 18 13 6 9 8 13 21 7 7
split_gain=174666 62737.8 61093.6 36648.9 27879.1 31494.2 23241.8 20544.6 20097.3 18228.7 17667.3 17287.4 16403 15302.7 13723.8 14415.1 13779.6 10981.7 9942.19 9535.07 9369.45 7437.89 6161.28 3602.24 3506.16 3016.95 1054.55 803.487
threshold=1.5000000000000002 8.7000000000000046 -3.4999999999999996 1.0000000180025095e-35 205.50000000000003 69.500000000000014 9.5000000000000018 58.500000000000007 -1.0000000180025095e-35 22.500000000000004 33.500000000000007 83.500000000000014 42.100000000000016 34.400000000000027 1.3000000000000003 11.500000000000002 14.500000000000002 4.7000000000000028 -21.499999999999996 0.70000000000000018 133.50000000000003 159.50000000000003 -5.4999999999999991 -4.4999999999999991 253.50000000000003 0.50000000000000011 61.500000000000007 7.5000000000000009
decision_type=10 10 8 10 2 10 10 10 8 2 10 2 10 10 10 10 10 8 10 10 10 8 10 10 10 8 10 8
left_child=2 14 11 8 5 12 19 24 18 -10 -7 21 -3 -8 16 27 20 -17 -4 -5 -2 25 23 -13 -6 -1 -24 -16
right_child=1 4 3 6 7 10 13 -9 9 -11 -12 22 -14 -15 15 17 -18 -19 -20 -21 -22 -23 26 -25 -26 -27 -28 -29
leaf_value=0.040838657967605684 0.2591267506096106 0.35490105778594083 -0.68438519677695109 0.066456952556219404 1.2671196174621582 1.8094005844807801 0.50270018189490495 -1.0064007855378665 0.049020453382411032 -0.047270383465046265 0.57580421549933303 -1.0429669464627902 1.8516286644068634 1.8581761157071151 0.033814126906687753 1.3222104564180661 1.4854757780120487 0.56875634951344167 -0.07794090780807035 0.24154816429664414 -0.16149304523781133 0.65740551951286552 -0.32844890947202726 -0.42157942877390941 0.33088188044726852 -0.16489524641416639 -0.21952788684894445 -0.33452893268316986
leaf_weight=265 817 109 68 3779 20 170 91 26 10169 9513 35 24 22 27 57 58 21 291 11033 979 158 34 334 827 20 544 664 20
leaf_count=265 817 109 68 3779 20 170 91 26 10169 9513 35 24 22 27 57 58 21 291 11033 979 158 34 334 827 20 544 664 20
internal_value=-0.00229029 0.475759 -0.0250266 -0.0076873 1.02728 1.21182 0.119675 0.087782 -0.0278613 0.00247972 1.59879 -0.254708 0.60626 0.812851 0.319844 0.557355 0.218259 0.693972 -0.0816557 0.102483 0.190965 -0.0670569 -0.340263 -0.439104 0.799001 -0.097504 -0.25598 -0.0618594
internal_weight=40175 1824 38351 35659 402 336 4876 66 30783 19682 205 2692 131 118 1422 426 996 349 11101 4758 975 843 1849 851 40 809 998 77
internal_count=40175 1824 38351 35659 402 336 4876 66 30783 19682 205 2692 131 118 1422 426 996 349 11101 4758 975 843 1849 851 40 809 998 77
is_linear=0
shrinkage=0.05


Tree=17
num_leaves=29
num_cat=0
split_feature=8 18 9 8 1 19 17 11 14 7 2 1 20 23 19 20 19 11 11 8 4 9 19 9 2 21 1 23
split_gain=157636 56620.9 55136.9 33075.6 23767.9 32991 20975.7 18311 16868.3 16682.7 14630.2 14099.8 13810.6 13651.2 12248.9 13336.7 10793.9 7937.77 7870.04 5491.87 6267.64 5140.73 3849.31 3455.21 2581.96 1786.2 1750.09 1391.75
threshold=1.5000000000000002 8.7000000000000046 -3.4999999999999996 1.0000000180025095e-35 187.50000000000003 56.600000000000016 9.5000000000000018 -1.4999999999999998 50.500000000000007 33.500000000000007 85.500000000000014 22.500000000000004 34.400000000000027 0.32143946530316164 1.1000000000000003 4.7000000000000028 0.3000000000000001 22.500000000000004 -21.499999999999996 3.5000000000000004 48.500000000000007 -5.4999999999999991 41.900000000000006 7.5000000000000009 -16.499999999999996 36.800000000000011 243.50000000000003 0.22695468355932433
decision_type=10 10 8 10 10 8 10 8 10 10 10 10 10 2 10 10 10 10 10 10 10 10 10 10 10 10 10 2
left_child=2 13 10 7 5 9 16 18 26 -3 24 -9 -8 19 17 -16 -5 -15 -4 23 -21 22 -12 -2 -1 -26 -6 -23
right_child=1 4 3 6 8 -7 12 11 -10 -11 21 -13 -14 14 15 -17 -18 -19 -20 20 -22 27 -24 -25 25 -27 -28 -29
leaf_value=0.49268978904932742 0.1890643413745515 0.69631431241632324 -0.65016593337059025 0.043578213764832223 1.1316495938734574 2.6590662443276609 0.47756517902835394 0.026051701125710803 -0.69609383316710594 1.4719036204607361 -0.39238210805313078 -0.047650801593813297 1.765267324447632 0.12654029287275723 1.074570963615852 0.4503210602881576 0.20281313019648184 1.1626633000373841 -0.10841997873460998 0.76638386286795146 0.1153854318943463 -0.28987137183661738 -1.0346932878096899 -0.054178833516607107 -0.094886804831173246 0.35206836306530498 0.49351298000131338 -0.16853008416260037
leaf_weight=20 368 182 68 3151 22 33 91 13313 32 112 830 12660 27 244 124 276 1607 20 4742 72 76 617 24 242 795 23 21 383
leaf_count=20 368 182 68 3151 22 33 91 13313 32 112 830 12660 27 244 124 276 1607 20 4742 72 76 617 24 242 795 23 21 383
internal_value=-0.00217578 0.451971 -0.0237753 -0.00730294 0.975912 1.16004 0.113691 -0.0264682 0.173134 0.991777 -0.241973 -0.00987305 0.772209 0.303852 0.469374 0.643839 0.0973593 0.205034 -0.116079 0.158857 0.432087 -0.320338 -0.410433 0.0925646 -0.0685962 -0.0823196 0.820001 -0.243398
internal_weight=40175 1824 38351 35659 402 327 4876 30783 75 294 2692 25973 118 1422 664 400 4758 264 4810 758 148 1854 854 610 838 818 43 1000
internal_count=40175 1824 38351 35659 402 327 4876 30783 75 294 2692 25973 118 1422 664 400 4758 264 4810 758 148 1854 854 610 838 818 43 1000
is_linear=0
shrinkage=0.05


Tree=18
num_leaves=22
num_cat=0
split_feature=18 9 1 19 18 11 21 6 6 13 2 11 1 11 4 1 19 4 11 1 12
split_gain=106239 51776.9 45533 38706.1 36423.1 29642 34080.1 40964.1 34941 24104.5 22090.2 13511.4 14074.2 10737.1 9077.45 8340.64 5792.71 4015.37 3901.97 3214.39 2929.63
threshold=13.200000000000005 1.0000000180025095e-35 111.50000000000001 1.1000000000000003 44.5 -23.499999999999996 32.400000000000006 -5.4999999999999991 72.500000000000014 25.500000000000004 176.50000000000003 1.0000000180025095e-35 27.500000000000004 -1.0000000180025095e-35 187.50000000000003 201.50000000000003 0.90000000000000013 1.5000000000000002 24.500000000000004 156.50000000000003 27.78929879316609
decision_type=10 10 10 10 10 8 10 8 10 10 10 8 10 8 8 10 10 10 10 10 10
left_child=1 2 11 13 5 -2 8 -8 -7 17 -11 16 -13 20 15 -4 -1 -5 -15 -16 -3
right_child=4 3 14 9 -6 6 7 -9 -10 10 -12 12 -14 18 19 -17 -18 -19 -20 -21 -22
leaf_value=-0.060905315362186956 -1.174990515038371 -0.081065592025970495 -0.19874891728764632 -0.095254027471456629 2.6180315069176938 0.027334372170556051 2.8209846531903304 0.79243377087719791 1.803226433165612 0.3898377312080008 -0.18243029689997114 0.085487243081868766 -0.048540986285938566 0.052130335432792954 0.012974911067220901 0.73904652893543243 0.019279106031883455 0.11158349370864565 0.63367697575996662 -0.42371452784230357 -0.57174065459159118
leaf_weight=16128 24 1627 1959 365 22 260 27 318 31 1806 186 4561 3433 5361 45 24 2618 657 29 663 31
leaf_count=16128 24 1627 1959 365 22 260 27 318 31 1806 186 4561 3433 5361 45 24 2618 657 29 663 31
internal_value=-0.00206699 -0.0127518 -0.0462265 0.0851607 0.616663 0.549951 0.615043 0.95119 0.216519 0.235122 0.336403 -0.0264975 0.0279292 0.0210315 -0.242271 -0.187399 -0.049707 0.037713 0.0552593 -0.395959 -0.0902399
internal_weight=40175 39493 29431 10062 682 660 636 345 291 3014 1992 26740 7994 7048 2691 1983 18746 1022 5390 708 1658
internal_count=40175 39493 29431 10062 682 660 636 345 291 3014 1992 26740 7994 7048 2691 1983 18746 1022 5390 708 1658
is_linear=0
shrinkage=0.05


Tree=19
num_leaves=29
num_cat=0
split_feature=8 8 18 0 20 10 18 6 6 19 18 19 13 11 23 5 19 25 19 12 11 19 25 24 12 23 12 10
split_gain=132332 47794.8 46524.6 30241.1 26748.8 24472.2 25094.1 27651.5 21480.4 18830 16653.4 15678.2 14919.5 12952.7 12047.2 11552.2 11425.8 15770.9 8504.75 7261.21 7108.97 6667.47 6301.1 5058.65 4780.58 4350.46 4034.34 2946.21
threshold=1.5000000000000002 -1.0000000180025095e-35 8.7000000000000046 129.50000000000003 9.1000000000000032 78.500000000000014 36.900000000000013 -6.4999999999999991 75.500000000000014 57.899999999999999 20.900000000000006 37.90000000000002 185.50000000000003 1.5000000000000002 0.32143946530316164 90.500000000000014 14.100000000000003 0.098816478347602058 3.7000000000000011 7.4537585992816231 -1.0000000180025095e-35 29.500000000000004 0.99962961997441069 0.99273952934267351 16.929921454812796 -0.91037613702198739 15.614819047366437 1.0000000180025095e-35
decision_type=10 8 10 2 10 8 10 8 10 8 10 8 10 10 2 10 10 2 10 10 8 10 2 2 10 2 10 8
left_child=1 3 14 19 13 6 7 -4 -7 -8 12 -12 -6 20 23 21 17 -16 -17 27 -3 -5 -21 25 -18 -2 -15 -1
right_child=2 4 5 15 10 8 9 -9 -10 -11 11 -13 -14 26 16 18 24 -19 -20 22 -22 -23 -24 -25 -26 -27 -28 -29
leaf_value=-0.039491215107050337 0.33772408359506162 -0.061036380127097167 2.5801972996104849 -0.59873043431658046 0.17528028850699787 0.77861733244311426 1.1946509074706297 0.7385181499409762 -1.2138254672288895 3.182201350818981 0.48654515912427626 2.0424696397781372 -0.28936671678967935 0.090077259569732462 0.063878157598843716 -0.35054216335256089 0.66851045315464341 0.58120539892676204 -0.06310470847707951 -0.16846886615299458 0.00096784939224497414 -1.572179663181305 0.64630619858702021 0.92829485088586816 1.7119398904883345 0.053957036686707788 -0.23019249343340942 -0.13168700489379903
leaf_weight=5759 178 6705 22 146 2269 31 26 277 24 22 85 20 187 3718 241 957 21 379 352 2102 14886 20 24 20 23 560 101 1020
leaf_count=5759 178 6705 22 146 2269 31 26 277 24 22 85 20 187 3718 241 957 21 379 352 2102 14886 20 24 20 23 560 101 1020
internal_value=-0.00196364 -0.0217538 0.414139 -0.113382 0.0122492 0.889076 1.04439 0.874026 -0.0908123 2.10561 0.166265 0.782912 0.139902 -0.00327366 0.279875 -0.323078 0.435369 0.380115 -0.273248 -0.078648 -0.0182873 -0.716013 -0.159271 0.143663 1.21394 0.122399 0.0816072 -0.0533634
internal_weight=40175 38351 1824 10380 27971 402 347 299 55 48 2561 105 2456 25410 1422 1475 664 620 1309 8905 21591 166 2126 758 44 738 3819 6779
internal_count=40175 38351 1824 10380 27971 402 347 299 55 48 2561 105 2456 25410 1422 1475 664 620 1309 8905 21591 166 2126 758 44 738 3819 6779
is_linear=0
shrinkage=0.05


Tree=20
num_leaves=30
num_cat=0
split_feature=8 8 2 19 18 21 5 4 6 18 2 20 12 7 12 19 19 18 25 24 7 5 24 25 7 18 23 24 18
split_gain=146482 53414.9 41410.7 36601.1 29615.7 18322.7 22998.6 16052.9 34670.9 14518.5 15789.6 14457.1 11839.7 12570.7 11329.4 11139.7 10890.1 10807.8 9670.06 6878.53 6759.72 10906.8 8268.43 6486.11 5674.94 5628.5 5614.21 4925.09 2426.57
threshold=2.5000000000000004 1.0000000180025095e-35 135.50000000000003 9.9000000000000057 6.1000000000000041 34.699999999999996 11.500000000000002 15.500000000000002 1.5000000000000002 0.70000000000000018 17.500000000000004 35.100000000000001 14.44727881135068 32.500000000000007 13.247570275839438 38.300000000000018 2.9000000000000017 18.100000000000005 0.99548449742306444 -0.18399664778440297 36.500000000000007 11.500000000000002 0.45972848220565493 0.77756834408811348 94.500000000000014 1.0000000180025095e-35 0.63405362205439486 -0.86529924138975423 22.700000000000006
decision_type=10 10 10 10 10 10 8 10 8 10 10 10 8 10 8 10 10 10 2 2 8 10 2 2 10 10 2 2 8
left_child=1 2 9 17 14 12 -7 28 -9 10 -1 -8 13 -6 20 16 -4 23 -11 27 21 -2 -22 -3 -17 -21 -14 -16 -5
right_child=4 3 15 7 5 6 11 8 -10 18 -12 -13 26 -15 19 24 -18 -19 -20 25 22 -23 -24 -25 -26 -27 -28 -29 -30
leaf_value=0.0062224115979213727 0.25907385836427033 0.044476730251846779 -0.33839380867108865 0.01390671526828334 0.26758709759623917 2.8267810697140905 2.0577675675644596 2.2158177398866221 0.49456046624628541 0.06448403516031527 -0.069250113534510882 0.90064952734125547 -0.55487271574139596 1.779649109499795 0.37719219898184142 -1.607909302819859 -0.079760262592616926 1.2374948123842477 0.92448737396661085 0.71629594065822089 0.17920574216415053 1.1353295156565895 0.9989109416802725 0.18502274848499489 -0.52608789834711289 0.055810126878998501 0.4849611861838235 -0.28089406340890988 0.43088493374891068
leaf_weight=12475 52 4059 1160 185 27 23 34 31 520 3441 15591 131 25 28 42 22 627 20 33 78 115 112 42 1029 27 55 27 88 43
leaf_count=12475 52 4059 1160 185 27 23 34 31 520 3441 15591 131 25 28 42 22 627 20 33 78 115 112 42 1029 27 55 27 88 43
internal_value=0.00157812 -0.012713 -0.0372058 0.126148 0.639929 1.04828 1.34556 0.445395 0.591401 -0.0237684 -0.0357035 1.13909 0.525955 1.03736 0.433657 -0.268042 -0.247648 0.0774607 0.0726533 0.190358 0.632996 0.857492 0.39849 0.0729008 -1.0118 0.443163 -0.014959 -0.0682816 0.0925473
internal_weight=40142 39263 33376 5887 879 295 188 779 551 31540 28066 165 107 55 584 1836 1787 5108 3474 263 321 164 157 5088 49 133 52 130 228
internal_count=40142 39263 33376 5887 879 295 188 779 551 31540 28066 165 107 55 584 1836 1787 5108 3474 263 321 164 157 5088 49 133 52 130 228
is_linear=0
shrinkage=0.05


Tree=21
num_leaves=30
num_cat=0
split_feature=8 8 17 6 5 18 19 2 10 19 1 7 11 20 16 7 12 19 19 7 19 14 12 20 9 18 16 7 17
split_gain=132200 48338.4 49098.6 28166.2 27737.9 26728.2 25281.8 24891.3 23225.6 20630.1 17298.8 17116.3 12908.7 12744.7 25243.3 11232.3 10224.8 9236.7 6278.37 6100.64 10381.3 7036.07 5966.87 5874.05 6713.66 6065.56 5703.86 4495.88 3433.01
threshold=2.5000000000000004 -1.0000000180025095e-35 10.100000000000003 74.500000000000014 75.500000000000014 6.1000000000000041 2.100000000000001 135.50000000000003 89.500000000000014 40.200000000000017 31.500000000000004 36.500000000000007 -1.0000000180025095e-35 29.899999999999988 1.0000000180025095e-35 32.500000000000007 13.247570275839438 38.300000000000018 3.3000000000000012 36.500000000000007 0.70000000000000018 63.500000000000007 7.4537585992816231 7.0000000000000044 21.500000000000004 3.5000000000000013 0.50000000000000011 95.500000000000014 5.700000000000002
decision_type=10 8 10 10 10 10 10 8 10 10 10 10 8 10 10 10 8 10 10 8 10 10 10 10 10 10 8 10 10
left_child=1 7 6 9 -5 16 12 22 13 -4 -8 -10 -3 15 -15 -7 19 18 -9 20 -2 -21 28 24 -18 -25 -24 -19 -1
right_child=5 2 3 4 -6 8 10 17 11 -11 -12 -13 -14 14 -16 -17 23 27 -20 21 -22 -23 26 25 -26 -27 -28 -29 -30
leaf_value=-0.053483087175975379 0.32367069691419603 -0.06651069658950319 0.29142462453669593 2.8572988427602333 0.62601987560590111 0.32027659423649313 0.032367823316508747 -0.34505425047927668 0.91083913246790571 1.9644949024915697 0.23624387178209913 -0.99793482396913624 0.01637929743451828 2.9320532798767092 1.1892390632653624 1.4019556397199633 0.76903255033070472 -1.5716237330436709 -0.1116304822706654 0.054338223611315101 1.1369566957155863 0.72412338787689812 -0.16596006241390449 -0.22069632970841135 0.04400887897268671 0.60591495888573788 0.18329198734267738 -0.53582447902722796 0.38961986110291702
leaf_weight=6691 65 6343 234 26 30 60 2219 980 24 20 1959 23 18100 25 123 40 67 20 408 81 99 76 2043 107 61 28 124 22 44
leaf_count=6691 65 6343 234 26 30 60 2219 980 24 20 1959 23 18100 25 123 40 67 20 408 81 99 76 2043 107 61 28 124 22 44
internal_value=0.00149921 -0.0120773 0.0210766 0.646947 1.66197 0.607933 0.0142977 -0.104913 0.995865 0.423162 0.127962 -0.0232417 -0.0051308 1.189 1.48363 0.752948 0.411974 -0.298545 -0.27644 0.601346 0.814618 0.378565 -0.0738082 0.18084 0.423513 -0.049251 -0.145975 -1.02906 -0.0505883
internal_weight=40142 39263 28931 310 56 879 28621 10332 295 254 4178 47 24443 248 148 100 584 1430 1388 321 164 157 8902 263 128 135 2167 42 6735
internal_count=40142 39263 28931 310 56 879 28621 10332 295 254 4178 47 24443 248 148 100 584 1430 1388 321 164 157 8902 263 128 135 2167 42 6735
is_linear=0
shrinkage=0.05


Tree=22
num_leaves=30
num_cat=0
split_feature=8 8 3 18 14 18 24 19 10 7 18 1 20 16 19 25 7 19 12 13 4 24 25 7 7 24 19 18 3
split_gain=119310 45348.7 35385.7 30838 29539.8 24122.2 24117.6 23134.1 20961.1 15447.5 13583.1 12625.7 11502.1 22782 10718.5 10387.6 10137.1 9649.45 9227.85 8171.88 6889.67 6074.84 8371.12 7539.03 5965.92 5928.48 5218.66 4569.74 3672.81
threshold=2.5000000000000004 1.0000000180025095e-35 113.50000000000001 9.9000000000000039 63.500000000000007 6.1000000000000041 -0.79356426026969629 43.300000000000004 89.500000000000014 36.500000000000007 0.70000000000000018 17.500000000000004 29.899999999999988 1.0000000180025095e-35 0.50000000000000011 0.98927755889796032 32.500000000000007 38.300000000000018 13.247570275839438 26.500000000000004 187.50000000000003 0.14153898451656993 0.098816478347602058 21.500000000000004 152.50000000000003 -0.18399664778440297 2.3000000000000012 1.3000000000000003 101.50000000000001
decision_type=10 10 10 10 10 10 2 10 10 10 10 10 10 10 10 2 10 10 8 10 8 2 2 8 10 2 8 10 10
left_child=1 2 10 14 7 18 -6 -5 12 -10 11 -1 16 -14 28 -12 -7 20 21 -16 -4 23 -23 -2 -19 27 -27 -20 -3
right_child=5 3 17 4 6 8 -8 -9 9 -11 15 -13 13 -15 19 -17 -18 24 25 -21 -22 22 -24 -25 -26 26 -28 -29 -30
leaf_value=0.0071717965558600596 0.78743736709399925 0.044369547630742148 -0.14303345955857483 0.25548351092759569 0.47449410689564853 0.30426276678840325 2.5394319534301761 1.9330530193718998 0.86529717544714613 -0.94803809018238727 0.064484656991121297 -0.061176374107997214 2.7854506111145021 1.1297771040865077 0.044555823388043793 0.66767280081873892 1.3318578590452672 -1.2491707600866047 -0.26952257724583489 0.26649562463519472 -0.32398330396286434 0.20289865822503061 1.1528885459479612 0.17335666278358985 -0.25996034843502225 0.044842060446216352 0.67773602142145761 0.36844794851977652 -0.31383827945140946
leaf_weight=12495 82 3627 2126 312 26 60 31 22 24 23 3208 14713 25 123 650 73 40 35 89 1146 699 33 78 128 27 57 76 41 73
leaf_count=12495 82 3627 2126 312 26 60 31 22 24 23 3208 14713 25 123 650 73 40 35 89 1146 699 33 78 128 27 57 76 41 73
internal_value=0.00142425 -0.0114735 -0.0340413 0.116474 0.545517 0.577536 1.59753 0.365982 0.946072 -0.0220797 -0.018199 -0.0297882 1.12955 1.40945 0.0859504 0.0779052 0.715301 -0.201349 0.391375 0.186172 -0.187807 0.571279 0.870459 0.413141 -0.818386 0.171798 0.406496 -0.0683165 0.0373022
internal_weight=40142 39263 33376 5887 391 879 57 334 295 47 30489 27208 248 148 5496 3281 100 2887 584 1796 2825 321 111 210 62 263 133 130 3700
internal_count=40142 39263 33376 5887 391 879 57 334 295 47 30489 27208 248 148 5496 3281 100 2887 584 1796 2825 321 111 210 62 263 133 130 3700
is_linear=0
shrinkage=0.05


Tree=23
num_leaves=27
num_cat=0
split_feature=8 8 19 18 2 18 10 11 21 16 7 4 25 7 2 7 24 19 19 21 0 10 25 19 21 7
split_gain=107678 41053.2 41241.3 21770.3 20372.4 18933.3 18917.4 14693.6 14192.1 17163 13941.3 13099.4 23823.1 11119.3 8522.85 7922.95 8052.18 7849.06 5579.91 6597.99 5465.71 8005.17 4717.83 4683.35 3560.99 1496.21
threshold=2.5000000000000004 -1.0000000180025095e-35 10.500000000000002 6.1000000000000041 135.50000000000003 19.900000000000009 89.500000000000014 1.5000000000000002 34.699999999999996 1.0000000180025095e-35 36.500000000000007 15.500000000000002 -0.84291031405530259 32.500000000000007 117.50000000000001 91.500000000000014 0.97310932590074095 45.500000000000021 3.3000000000000012 7.3000000000000016 23.500000000000004 -4.4999999999999991 0.57727023316007786 3.3000000000000012 22.299999999999994 56.500000000000007
decision_type=10 8 10 10 8 10 10 10 10 10 10 10 2 10 10 10 2 10 8 10 2 8 2 10 8 10
left_child=1 4 5 14 20 7 8 -3 13 -10 -8 24 -13 -5 15 16 -2 23 25 -20 21 -1 -22 -6 -4 -16
right_child=3 2 11 6 17 -7 10 -9 9 -11 -12 12 -14 -15 18 -17 -18 -19 19 -21 22 -23 -24 -25 -26 -27
leaf_value=0.063536038473207032 0.38361582624597851 -0.011191254947249684 -0.0093563606151763137 0.17009769268965319 -0.31725106926649166 1.544171792343259 0.82203231751918793 0.086510285100670589 2.5133754465315081 1.1252031448968196 -0.90063618777886689 1.1687573295373184 0.31437633854112179 1.2949938511848451 -0.62419002393017653 1.4650433373451233 1.2782798268176894 -1.2087623869830912 1.0420624504918636 0.087478133426869623 -0.14468859702180817 -0.08441797988331419 -0.048362941802046581 -0.11900040651105832 0.2817666087287331 -0.11571872394818526
leaf_weight=1573 367 22914 340 59 980 20 24 4625 27 127 23 91 789 35 23 20 27 22 23 85 2854 2183 2292 428 152 39
leaf_count=1573 367 22914 340 59 980 20 24 4625 27 127 23 91 789 35 23 20 27 22 23 85 2854 2183 2292 428 152 39
internal_value=0.00135304 -0.0108998 0.0196538 0.54866 -0.096454 0.00633394 0.898768 0.0052171 1.07307 1.36858 -0.0209757 0.287206 0.402727 0.588942 0.371807 0.494206 0.444925 -0.27163 0.0737275 0.290769 -0.068314 -0.0224553 -0.101786 -0.256987 0.0805841 -0.304345
internal_weight=40142 39263 28931 879 10332 27559 295 27539 248 154 47 1372 880 94 584 414 394 1430 170 108 8902 3756 5146 1408 492 62
internal_count=40142 39263 28931 879 10332 27559 295 27539 248 154 47 1372 880 94 584 414 394 1430 170 108 8902 3756 5146 1408 492 62
is_linear=0
shrinkage=0.05


Tree=24
num_leaves=27
num_cat=0
split_feature=8 8 17 0 6 19 19 5 10 18 6 0 19 19 25 10 21 8 10 17 4 6 10 7 10 8
split_gain=97179.1 38002 32260.4 30741.4 29029.6 22124.6 19746.4 18668.7 13111.6 10898.8 16785.2 11007.3 10697.4 10122.3 9966.35 15633.1 9690.65 8950.53 8575.06 8374.16 8302.39 6677.21 5102.74 4939.41 2929.18 2583.09
threshold=2.5000000000000004 1.0000000180025095e-35 8.7000000000000028 110.50000000000001 74.500000000000014 43.300000000000004 13.5 10.500000000000002 1.5000000000000002 0.70000000000000018 140.50000000000003 17.500000000000004 1.0000000180025095e-35 54.900000000000013 -0.18399835165767989 37.500000000000007 2.5000000000000013 -2.4999999999999996 89.500000000000014 0.50000000000000011 14.500000000000002 77.500000000000014 79.500000000000014 144.50000000000003 -1.4999999999999998 3.5000000000000004
decision_type=10 10 10 2 10 10 10 8 10 10 10 2 10 10 2 8 8 10 8 10 10 10 10 10 8 10
left_child=1 3 12 9 5 -4 14 -8 -6 11 -11 -1 24 18 21 19 -17 23 -9 -16 -14 25 -19 -5 -3 -2
right_child=6 2 4 17 8 -7 7 13 -10 10 -12 -13 20 -15 15 16 -18 22 -20 -21 -22 -23 -24 -25 -26 -27
leaf_value=0.0078986495955338503 -0.0082870072964578868 0.13801778670277945 0.2127400601101137 -0.6102087945179191 0.87630776345729844 1.9772377306222915 1.9931780545942246 0.70327555003645115 2.5938960723876954 0.061022189186962852 1.4791686716533843 -0.055956527797728466 0.046406105803021049 1.456448615514315 0.56325208172695529 0.66019213957631073 -0.2370997485415689 -0.15440737233857671 -0.14768448870848208 1.2534062678775479 0.23271112023072732 -0.74626816835092469 -0.82117944642387597 0.075453993678092968 0.0019565859338430804 0.37699689970339662
leaf_weight=12542 100 464 159 172 20 20 31 229 25 3252 21 14611 978 39 151 46 87 2718 34 62 1539 23 29 31 2682 77
leaf_count=12542 100 464 159 172 20 20 31 229 25 3252 21 14611 978 39 151 46 87 2718 34 62 1539 23 29 31 2682 77
internal_value=0.00128539 -0.0103548 0.106771 -0.0310139 0.695286 0.409891 0.521227 0.824681 1.83052 -0.0160721 0.0701212 -0.0264618 0.083492 0.704736 0.336153 0.498565 0.0732418 -0.185122 0.593266 0.764142 0.160321 0.0551795 -0.161446 -0.505502 0.0220241 0.159322
internal_weight=40142 39263 5887 33376 224 179 879 333 45 30426 3273 27153 5663 302 546 346 133 2950 263 213 2517 200 2747 203 3146 177
internal_count=40142 39263 5887 33376 224 179 879 333 45 30426 3273 27153 5663 302 546 346 133 2950 263 213 2517 200 2747 203 3146 177
is_linear=0
shrinkage=0.05


Tree=25
num_leaves=27
num_cat=0
split_feature=8 8 18 20 13 20 18 4 9 2 17 14 7 11 10 2 11 24 18 3 21 0 13 21 0 20
split_gain=87184.6 34536.5 41583.3 23057.9 17968.7 30983.6 22057.1 21319.1 16774.8 11678 9791.5 9488 10731.8 8969.35 7686.48 6349.61 6123.62 5892.22 5786.61 5436.26 4953.52 4947.79 4548.47 3556.35 2482.59 1297.88
threshold=2.5000000000000004 -1.0000000180025095e-35 35.500000000000007 9.1000000000000032 155.50000000000003 29.899999999999988 22.500000000000004 42.500000000000007 -5.4999999999999991 177.50000000000003 4.3000000000000016 65.500000000000014 42.500000000000007 1.5000000000000002 95.500000000000014 237.50000000000003 -5.4999999999999991 -0.32533907195844758 14.000000000000004 228.50000000000003 63.499999999999993 67.500000000000014 101.50000000000001 52.000000000000021 196.50000000000003 5.1000000000000032
decision_type=10 8 10 10 10 10 8 10 10 10 10 10 10 10 10 10 8 2 10 10 10 2 10 10 2 10
left_child=1 8 3 13 5 11 18 -8 15 -5 14 12 -2 -3 19 21 25 -13 -7 -6 24 -1 -18 -17 -12 -10
right_child=4 2 -4 9 10 6 7 -9 16 -11 20 17 -14 -15 -16 23 22 -19 -20 -21 -22 -23 -24 -25 -26 -27
leaf_value=0.086219348416974151 0.48354062925995395 -0.011639087277358564 2.0985221425692244 0.17146528931602378 0.18011905416329899 1.6980200880765914 0.1090847726741975 1.6839847991154309 -0.20529997671667233 -0.26892922793239732 1.343419402241707 0.2816324628889561 -0.1626674531535669 0.068309900158343692 -0.93206388759613046 -1.0113453025041623 -0.041177848091698423 1.3000388228619586 2.9007885456085205 -0.72215188503265382 0.082406794386250648 -0.28284468185336553 -0.12532069948731703 -0.37885461514410768 0.55560716092586515 -0.4341399539229942
leaf_weight=102 388 21744 24 2826 101 20 44 42 133 159 20 20 77 4183 25 43 6970 49 20 20 28 828 2087 46 20 116
leaf_count=102 388 21744 24 2826 101 20 44 42 133 159 20 20 77 4183 25 43 6970 49 20 20 28 828 2087 46 20 116
internal_value=0.00112002 -0.00987518 0.0181375 0.0164105 0.495036 0.624131 1.32939 0.878222 -0.0883811 0.148007 0.096894 0.457721 0.376534 0.00125969 -0.133922 -0.280978 -0.067292 1.00485 2.2994 0.0309834 0.592469 -0.242367 -0.0605668 -0.68444 0.949513 -0.311908
internal_weight=40135 39261 28936 28912 874 660 126 86 10325 2985 214 534 465 25927 146 1019 9306 69 40 121 68 930 9057 89 40 249
internal_count=40135 39261 28936 28912 874 660 126 86 10325 2985 214 534 465 25927 146 1019 9306 69 40 121 68 930 9057 89 40 249
is_linear=0
shrinkage=0.05


Tree=26
num_leaves=28
num_cat=0
split_feature=8 8 18 19 13 20 18 4 2 4 6 24 19 7 6 4 22 5 18 12 18 19 1 10 18 7 9
split_gain=78684.1 31169.2 37528.9 25964.3 16216.8 27962.7 19906.5 19240.5 15189.5 11324.4 9390.58 10818.6 8375.72 7650.79 9724.27 7995.41 6755.75 5880.23 5424.11 5366.26 5222.41 5055.05 4219.03 3461.01 1792.93 1642.12 537.036
threshold=2.5000000000000004 -1.0000000180025095e-35 35.500000000000007 9.6000000000000032 155.50000000000003 29.899999999999988 22.500000000000004 42.500000000000007 135.50000000000003 17.500000000000004 72.500000000000014 0.97310932590074095 0.3000000000000001 143.50000000000003 75.500000000000014 114.50000000000001 -0.58216583101416164 90.500000000000014 12.100000000000001 27.78929879316609 14.000000000000004 3.7000000000000011 203.50000000000003 1.0000000180025095e-35 15.900000000000004 190.50000000000003 -5.4999999999999991
decision_type=10 8 10 10 10 10 8 10 8 10 10 2 10 8 10 8 2 10 10 10 10 10 10 10 10 8 10
left_child=1 8 3 12 5 10 20 -8 19 -5 11 -2 -3 14 24 -16 -12 22 25 23 -7 -19 -10 -1 -6 -15 -21
right_child=4 2 -4 9 13 6 7 -9 17 -11 16 -13 -14 18 15 -17 -18 21 -20 26 -22 -23 -24 -25 -26 -27 -28
leaf_value=-0.042283639050742158 0.26303322019037045 -0.0098555089853665928 1.9935960641130805 0.047358487890444445 0.10557126051613264 1.6131190645694735 0.10363053303973919 1.5997855515707107 -0.34732863920264295 0.32592959578295355 1.5436727550412928 1.1350703645975162 0.058046499292050906 -0.077865024549620493 -1.3390463314273142 -0.18411881486152082 0.6102503802331668 -0.2594414573317384 1.0557981544070774 -0.40105190823876091 2.7557491135597232 -0.03213529620231171 -0.87721059322357187 -0.13964717145388925 0.65475768680157875 0.47965595448017129 -0.23882429462618535
leaf_weight=7672 404 21636 24 602 42 20 44 42 129 926 28 39 5748 28 22 47 63 892 27 93 20 337 53 1036 23 25 113
leaf_count=7672 404 21636 24 602 42 20 44 42 129 926 28 39 5748 28 22 47 63 892 27 93 20 337 53 1036 23 25 113
internal_value=0.00106402 -0.00938142 0.0172306 0.01559 0.470284 0.592924 1.26292 0.834311 -0.0839621 0.216178 0.434835 0.339804 0.00439737 0.0920493 -0.138949 -0.552357 0.897457 -0.236392 0.478972 -0.0598339 2.18443 -0.197113 -0.501635 -0.0538671 0.299899 0.185117 -0.312063
internal_weight=40135 39261 28936 28912 874 660 126 86 10325 1528 534 443 27384 214 134 69 91 1411 80 8914 40 1229 182 8708 65 53 206
internal_count=40135 39261 28936 28912 874 660 126 86 10325 1528 534 443 27384 214 134 69 91 1411 80 8914 40 1229 182 8708 65 53 206
is_linear=0
shrinkage=0.05


Tree=27
num_leaves=24
num_cat=0
split_feature=8 8 0 17 14 1 20 9 23 5 4 11 10 0 19 8 19 24 23 11 0 20 9
split_gain=71012.4 28331.4 24580.5 23645.4 28811.6 14958.5 19459.2 14789.3 13993.5 12825.2 13827 11711.3 9813.62 9133.24 10487.6 9050.19 8507.08 7397.58 7314.2 7003.77 4929.62 3903.84 3321.94
threshold=2.5000000000000004 1.0000000180025095e-35 67.500000000000014 8.7000000000000028 63.500000000000007 205.50000000000003 29.899999999999988 -5.4999999999999991 0.29012925520284111 9.5000000000000018 42.500000000000007 -1.0000000180025095e-35 36.500000000000007 237.50000000000003 13.1 3.5000000000000004 37.90000000000002 0.97310932590074095 0.16280825711809002 1.5000000000000002 235.50000000000003 0.90000000000000013 16.500000000000004
decision_type=10 10 2 10 10 10 10 10 2 8 10 8 10 2 10 10 10 2 2 10 2 10 10
left_child=1 2 11 13 16 6 12 20 22 -8 -11 21 15 14 -3 -2 -5 -14 -9 -13 -4 -1 -7
right_child=5 3 7 4 -6 8 9 18 -10 10 -12 19 17 -15 -16 -17 -18 -19 -20 -21 -22 -23 -24
leaf_value=-0.064882541592744813 0.28731663327837403 0.059561231890093103 -0.25504183837081801 0.22618394833453226 1.8726520082032359 0.7007560390692491 2.0670446302579797 -0.12698390273760826 -1.0520945669213932 0.024153116540539834 1.0771080533088733 0.0099715202152630324 -0.059602717102705684 -0.88072757863998419 0.34534800080745892 0.75460888373199853 1.3180995674431326 0.79685233727097515 -0.015837585484134577 0.11487127432658786 -0.65344872523756592 0.0094760883386867077 -0.077570498709020941
leaf_weight=7568 215 5233 897 165 37 26 23 3532 30 42 121 14723 158 25 342 200 20 30 2548 1784 85 2302 29
leaf_count=7568 215 5233 897 165 37 26 23 3532 30 42 121 14723 158 25 342 200 20 30 2548 1784 85 2302 29
internal_value=0.00101082 -0.00891235 -0.0266352 0.0928796 0.598966 0.44677 0.514664 -0.109484 -0.183444 0.961756 0.805795 -0.00445373 0.376755 0.0728169 0.0770929 0.512518 0.344229 0.0770656 -0.0804048 0.0213086 -0.289527 -0.0475397 0.290366
internal_weight=40135 39261 33439 5822 222 874 789 7062 85 186 163 26377 603 5600 5575 415 185 188 6080 16507 982 9870 55
internal_count=40135 39261 33439 5822 222 874 789 7062 85 186 163 26377 603 5600 5575 415 185 188 6080 16507 982 9870 55
is_linear=0
shrinkage=0.05


Tree=28
num_leaves=27
num_cat=0
split_feature=8 8 18 18 13 21 12 25 0 4 6 24 22 9 11 17 11 17 0 7 21 2 3 18 10 0
split_gain=64088.7 25979.2 32392.6 18723.5 13916.4 23622.3 13747.3 13360.2 12979.6 11017 8789.59 9532.29 8340.42 8134.84 7882.66 7518.11 6819.08 5129.96 4540.7 4384.71 4360.63 4227.12 2654.14 2502.88 2122.12 2107.3
threshold=2.5000000000000004 -1.0000000180025095e-35 35.500000000000007 0.70000000000000018 155.50000000000003 34.699999999999996 18.353374432578025 0.99548449742306444 68.500000000000014 42.500000000000007 72.500000000000014 0.97310932590074095 -0.58216583101416164 -5.4999999999999991 -1.0000000180025095e-35 4.3000000000000016 1.0000000180025095e-35 11.100000000000003 215.50000000000003 61.500000000000007 63.499999999999993 237.50000000000003 -17.499999999999996 0.3000000000000001 26.500000000000004 196.50000000000003
decision_type=10 8 10 10 10 10 8 2 2 10 10 2 2 10 8 10 10 8 2 10 10 10 8 10 10 2
left_child=1 8 3 14 5 10 9 -5 22 -7 11 -2 -12 21 -3 16 18 -8 -6 -15 25 -10 -1 -24 -18 -17
right_child=4 2 -4 7 15 6 17 -9 13 -11 12 -13 -14 19 -16 20 24 -19 -20 -21 -22 -23 23 -25 -26 -27
leaf_value=0.52788902359038947 0.22120850683915846 -0.049756990540620508 1.8519743888328475 0.10169069473984814 -0.085434990862141486 0.17917110735381192 2.1731224763777948 1.0433404958561847 -0.2441303482349087 1.2980682702227073 1.6899072495373813 1.0402140027819538 0.55430381847698185 -0.20192336222724971 0.014395685579322687 1.2062076911330224 0.47572360490930499 1.1460139268636704 -1.0414628567519013 -0.068647257822436566 0.029733235282557353 -0.60680548287509539 -0.045868974974917792 0.055223136726957167 -0.036257927527011777 0.48038122981786729
leaf_weight=21 399 6518 24 4312 23 44 31 38 826 44 22 39 61 882 18044 20 29 20 27 2055 28 89 5767 685 67 20
leaf_count=21 399 6518 24 4312 23 44 31 38 826 44 22 39 61 882 18044 20 29 20 27 2055 28 89 5767 685 67 20
internal_value=0.000960277 -0.00846673 0.0158289 0.0143047 0.424432 0.53804 1.11716 0.109917 -0.0765556 0.73862 0.383534 0.294134 0.855307 -0.149227 -0.00262846 0.0740491 -0.128204 1.77033 -0.60169 -0.108671 0.508299 -0.279407 -0.0333096 -0.0351362 0.118403 0.843294
internal_weight=40135 39261 28936 28912 874 660 139 4350 10325 88 521 438 83 3852 24562 214 146 51 50 2937 68 915 6473 6452 96 40
internal_count=40135 39261 28936 28912 874 660 139 4350 10325 88 521 438 83 3852 24562 214 146 51 50 2937 68 915 6473 6452 96 40
is_linear=0
shrinkage=0.05


Tree=29
num_leaves=28
num_cat=0
split_feature=8 8 17 6 1 16 13 20 14 10 9 11 19 19 1 19 11 2 17 24 9 18 2 6 19 17 16
split_gain=57840 24327.2 20487.5 28957.4 19776.9 13099 13889.1 20599.9 11662.9 11597.3 11200 9797.87 9521.19 8775.56 8283.88 9127.23 6264.98 6000.92 5665.34 5218.22 5156.29 6397.58 4455.12 4054.56 3432.52 2425.2 1856.26
threshold=2.5000000000000004 1.0000000180025095e-35 8.7000000000000028 68.500000000000014 67.500000000000014 3.3000000000000012 139.50000000000003 30.400000000000009 37.500000000000007 3.5000000000000004 -3.4999999999999996 -1.0000000180025095e-35 56.600000000000016 37.90000000000002 237.50000000000003 13.1 1.5000000000000002 90.500000000000014 0.90000000000000013 0.98521098335796142 37.500000000000007 1.5000000000000002 237.50000000000003 68.500000000000014 1.0000000180025095e-35 2.3000000000000012 7.9000000000000012
decision_type=10 10 10 10 10 8 8 10 8 10 10 8 10 10 10 10 10 10 10 2 8 10 10 10 10 8 10
left_child=1 4 14 13 11 6 7 19 12 -5 22 24 26 -4 15 -3 -13 -10 -12 -2 21 -8 -6 -22 -1 -9 -7
right_child=5 2 3 9 10 8 20 25 17 -11 18 16 -14 -15 -16 -17 -18 -19 -20 -21 23 -23 -24 -25 -26 -27 -28
leaf_value=-0.062414054619406203 0.34825546905588717 0.055323566788413839 0.13423685939922447 0.9224793431758882 -0.17800046862193858 -0.062527803936973214 -0.10522732543945312 1.9658301472663879 2.1988336850702761 2.496523200381886 -0.075502635184120329 0.0083026736812508422 1.3950647499250328 1.2471100586652757 -0.84051788544654849 0.32193182536505699 0.10758720116631233 0.97399520605802548 0.10272706940318599 1.0922735730409623 0.11705073785375467 0.45757173618082619 -0.49941183221117974 -0.61611776138571184 0.0033961310916791922 1.1871769621968269 0.51917745216439171
leaf_weight=7089 411 5233 155 25 1987 32 100 20 20 22 4492 14731 23 20 25 342 1781 20 495 25 33 102 114 44 2750 20 24
leaf_count=7089 411 5233 155 25 1987 32 100 20 20 22 4492 14731 23 20 25 342 1781 20 495 25 33 102 114 44 2750 20 24
internal_value=0.000912263 -0.0080434 0.0862814 0.557362 -0.0244661 0.40321 0.326362 0.490546 0.890777 1.65927 -0.0986072 -0.00452333 0.538555 0.261422 0.0676064 0.0716787 0.0190116 1.58641 -0.0578119 0.390917 0.0462476 0.178958 -0.19544 -0.301903 -0.0440201 1.5765 0.186774
internal_weight=40135 39261 5822 222 33439 874 755 476 119 47 7088 26351 79 175 5600 5575 16512 40 4987 436 279 202 2101 77 9839 40 56
internal_count=40135 39261 5822 222 33439 874 755 476 119 47 7088 26351 79 175 5600 5575 16512 40 4987 436 279 202 2101 77 9839 40 56
is_linear=0
shrinkage=0.05


Tree=30
num_leaves=25
num_cat=0
split_feature=8 0 20 25 15 7 19 23 19 11 19 19 19 8 10 19 19 0 12 5 22 7 24 5
split_gain=48668 18909.4 20965.4 22655.8 14007.3 14271 12961.7 11369.9 9779.81 9250 9136.67 8483.82 10007.6 8025.94 16040.9 6916.5 19522.6 6401.91 6257.82 6223.28 5693.24 4027.77 3381.29 1776.2
threshold=1.5000000000000002 117.50000000000001 8.100000000000005 0.99962961997441069 0.70000000000000018 26.500000000000004 16.100000000000009 0.96592582628906831 46.800000000000011 -1.0000000180025095e-35 44.100000000000016 39.70000000000001 35.500000000000014 12.500000000000002 60.500000000000007 0.90000000000000013 4.700000000000002 235.50000000000003 29.391656423389616 67.500000000000014 -0.41248606129204546 84.500000000000014 -0.95747632178960107 59.500000000000007
decision_type=10 2 10 2 10 10 10 2 10 8 8 10 10 10 10 8 10 2 10 10 2 10 2 10
left_child=1 2 6 10 7 8 9 13 22 -1 -4 12 19 17 -15 -9 -17 -2 -10 -3 23 -13 -6 -7
right_child=4 11 3 -5 5 20 -8 15 18 -11 -12 21 -14 14 -16 16 -18 -19 -20 -21 -22 -23 -24 -25
leaf_value=-0.052547350941267904 0.14816615431161267 -0.39796456897064397 0.10449355789941384 1.7219900887120856 0.783108367919922 0.61826404877330954 1.1473978807528815 0.029728932171248092 1.6859495560824873 0.0040083215746037201 1.1767415469884872 -1.3329367429018022 0.96122266110919774 1.628623021565951 -0.20583401295271786 1.8271923663038194 0.38698798670637902 -0.51872316341142399 0.47664138752481211 -0.11267320310279599 1.9393659472465516 -0.41690305242625381 0.082513748130370546 1.2466797622767363
leaf_weight=10891 1314 207 2993 22 20 23 24 39 20 21507 20 20 21 26 22 33 82 37 23 2497 20 30 124 22
leaf_count=10891 1314 207 2993 22 20 23 24 39 20 21507 20 20 21 26 22 33 82 37 23 2497 20 30 124 22
internal_value=-0.000239066 -0.0122171 -0.00237981 0.123284 0.25347 0.599246 -0.0141431 0.197362 0.37741 -0.0150036 0.111611 -0.137911 -0.126069 0.152476 0.78783 0.605129 0.800264 0.129902 1.03911 -0.134513 1.23745 -0.783317 0.179819 0.92549
internal_weight=40037 38232 35457 3035 1805 252 32422 1553 187 32398 3013 2775 2725 1399 48 154 115 1351 43 2704 65 50 144 45
internal_count=40037 38232 35457 3035 1805 252 32422 1553 187 32398 3013 2775 2725 1399 48 154 115 1351 43 2704 65 50 144 45
is_linear=0
shrinkage=0.05


Tree=31
num_leaves=19
num_cat=0
split_feature=8 18 0 20 25 19 19 20 12 10 17 11 19 19 24 19 1 7
split_gain=43922.9 19144.5 17065.8 19013.3 20685 11682.6 11029.8 13396.4 11319.6 9558.68 8938.24 8887.38 7656.65 9031.89 7589.82 6140.88 5587.06 3635.06
threshold=1.5000000000000002 42.20000000000001 117.50000000000001 9.1000000000000032 0.99962961997441069 16.100000000000009 3.3000000000000012 4.7000000000000028 15.614819047366437 49.500000000000007 1.3000000000000003 -1.0000000180025095e-35 39.70000000000001 35.500000000000014 0.9937373780806833 2.9000000000000017 113.50000000000001 84.500000000000014
decision_type=10 10 2 10 2 10 10 10 10 8 10 8 10 10 2 10 10 10
left_child=2 6 3 5 10 11 14 8 -8 -9 -5 -1 13 15 16 -4 -2 -14
right_child=1 -3 12 4 -6 -7 7 9 -10 -11 -12 -13 17 -15 -16 -17 -18 -19
leaf_value=-0.050064350494503945 0.12029967605791091 1.5622045671498335 -0.17754158894669916 0.040092193142503459 1.6890240601130895 1.0900279762223364 0.55847493168853579 0.37615530522030705 1.9585129542784259 -0.036120197672941043 0.22823261529275551 0.005037061289753661 -1.2662899270653725 0.91316152417234009 0.9698427063723406 -0.013674372020001716 -0.24938601904681754 -0.39605790173014005
leaf_weight=11035 724 27 1883 1616 21 24 42 669 22 178 1036 21725 20 21 24 821 119 30
leaf_count=11035 724 27 1883 1616 21 24 42 669 22 178 1036 21725 20 21 24 821 119 30
internal_value=-0.000227112 0.240796 -0.0116063 -0.00226082 0.125966 -0.0127156 0.22073 0.342219 1.03974 0.289514 0.113589 -0.0135235 -0.131016 -0.119766 0.0930753 -0.127788 0.0681139 -0.744151
internal_weight=40037 1805 38232 35457 2673 32784 1778 911 64 847 2652 32760 2775 2725 867 2704 843 50
internal_count=40037 1805 38232 35457 2673 32784 1778 911 64 847 2652 32760 2775 2725 867 2704 843 50
is_linear=0
shrinkage=0.05


Tree=32
num_leaves=27
num_cat=0
split_feature=8 18 21 6 6 0 6 8 9 25 24 13 17 24 0 25 21 18 22 16 2 0 25 25 21 23
split_gain=40886.9 23056.4 16401.7 18654.7 18334.9 14940.8 12557.8 10378.6 8373.71 8054.17 13307 8229.23 5567.4 8112.96 5361.93 6088.69 6217.7 5245.05 9099.25 4508.19 4445.99 4142.53 3716.35 3649.83 3586.83 2992.77
threshold=1.0000000180025095e-35 10.100000000000003 32.400000000000006 -5.4999999999999991 76.500000000000014 68.500000000000014 27.500000000000004 13.500000000000002 -3.4999999999999996 0.77756834408811348 0.45972848220565493 179.50000000000003 0.90000000000000013 0.017213356155834254 -8.4999999999999982 -0.86092912513210462 6.1000000000000041 9.6999999999999993 0.95642797789208711 0.3000000000000001 -17.499999999999996 237.50000000000003 0.70252747416915695 -0.38168922026665864 52.000000000000021 0.29012925520284111
decision_type=10 10 10 8 10 2 8 10 10 2 2 10 10 2 2 2 10 10 2 8 10 2 2 2 10 2
left_child=5 7 4 -4 19 14 -5 9 21 11 -11 -2 22 -14 15 20 -17 23 -19 -3 -1 25 -10 -16 -23 -7
right_child=1 2 3 6 -6 8 -8 -9 12 10 -12 -13 13 -15 17 16 -18 18 -20 -21 -22 24 -24 -25 -26 -27
leaf_value=0.25552792295118687 0.057847318430083221 -0.53241967486010666 1.6664434277697613 -0.071952501515547426 1.0910894633676762 -0.19719148503947531 0.66505238498221075 1.0433033699701939 -0.11282748071001476 0.13222230595699663 0.6417126939321558 -0.40057723110914234 -0.0079230927099756075 0.47250479519621935 -0.040983900103325144 0.18584721694606243 0.87537471503019337 0.11986948888984877 1.1648488651151243 0.030735732932415234 0.00017810088045610442 -0.87800731522005959 -0.019904809668174858 -0.00027545557160398129 -0.25004433072724586 -0.066227403137536098
leaf_weight=193 4652 45 38 75 39 1384 252 28 2309 1165 144 100 353 117 8501 356 36 221 23 169 1460 37 2015 15629 59 637
leaf_count=193 4652 45 38 75 39 1384 252 28 2309 1165 144 100 353 117 8501 356 36 221 23 169 1460 37 2015 15629 59 637
internal_value=-0.000215757 0.112422 0.403414 0.617867 0.0940235 -0.0228819 0.496015 0.0828882 -0.0883345 0.0784513 0.18827 0.0482003 -0.0517607 0.111673 -0.00576004 0.0720059 0.249171 -0.0122847 0.218372 -0.0876848 0.0299921 -0.171157 -0.0695252 -0.014617 -0.492072 -0.155913
internal_weight=40037 6707 618 365 253 33330 327 6089 6911 6061 1309 4752 4794 470 26419 2045 392 24374 244 214 1653 2117 4324 24130 96 2021
internal_count=40037 6707 618 365 253 33330 327 6089 6911 6061 1309 4752 4794 470 26419 2045 392 24374 244 214 1653 2117 4324 24130 96 2021
is_linear=0
shrinkage=0.05


Tree=33
num_leaves=26
num_cat=0
split_feature=8 19 20 0 8 21 1 25 18 11 4 25 3 22 4 11 24 0 19 7 9 0 21 18 22
split_gain=36900.4 23190.9 17278.6 13484 12349.4 11531 17515.2 10247.6 17158.1 8161.51 7845.02 6805.01 7460.56 6351.37 6149.65 6114.29 5444.25 4917.81 3737.4 2845.16 2567.36 2210.72 5774.07 993.252 181.731
threshold=1.0000000180025095e-35 13.1 13.500000000000002 68.500000000000014 13.500000000000002 31.699999999999989 161.50000000000003 0.098816478347602058 1.1000000000000003 1.5000000000000002 187.50000000000003 0.59818091440591625 207.50000000000003 0.72947329433276253 167.50000000000003 -1.4999999999999998 -0.36571913681022022 -8.4999999999999982 12.500000000000004 72.500000000000014 -2.4999999999999996 194.50000000000003 15.600000000000003 0.3000000000000001 -0.32143946530316159
decision_type=10 10 10 2 10 8 10 2 10 10 8 2 10 2 10 8 2 2 10 10 10 2 10 8 2
left_child=3 4 -3 9 7 13 -7 14 -9 15 11 16 -13 -4 -2 18 -5 -17 -1 20 -11 23 -23 -12 -21
right_child=1 2 5 10 -6 6 -8 8 -10 19 21 12 -14 -15 -16 17 -18 -19 -20 24 -22 22 -24 -25 -26
leaf_value=-0.075609121815959093 0.011709110522308559 1.4850054562091828 0.19742270798565678 -0.086430573559628576 1.1372294143394188 0.63525833522744457 -0.0070388247702745784 0.076665057584755836 0.40414761371474955 0.52909571866731386 -0.2438557706095956 -0.023541511674150587 0.8611550098285079 -0.30726544291871355 -0.84671863913536072 0.086858293325424982 -0.25861369657720257 -0.0083823698836253523 0.20082450254953335 -0.17053607140596097 0.1077795255679591 -0.644732686208219 -0.20883669413615175 -0.075619536609540697 -0.060819584338201421
leaf_weight=4133 3205 32 260 2133 27 369 149 2066 496 37 143 3363 24 82 21 1460 585 18918 126 65 1590 98 338 227 90
leaf_count=4133 3205 32 260 2133 27 369 149 2066 496 37 143 3363 24 82 21 1460 585 18918 126 65 1590 98 338 227 90
internal_value=-0.000204969 0.106801 0.344188 -0.0217378 0.0703868 0.301739 0.450505 0.0654101 0.140065 -0.00547204 -0.0839177 -0.0645615 -0.0172726 0.0764156 0.00612108 -0.0129461 -0.12349 -0.00155877 -0.067431 0.0978605 0.117361 -0.230531 -0.306813 -0.140641 -0.10683
internal_weight=40037 6707 892 33330 5815 860 518 5788 2562 26419 6911 6105 3387 342 3226 24637 2718 20378 4259 1782 1627 806 436 370 155
internal_count=40037 6707 892 33330 5815 860 518 5788 2562 26419 6911 6105 3387 342 3226 24637 2718 20378 4259 1782 1627 806 436 370 155
is_linear=0
shrinkage=0.05


Tree=34
num_leaves=25
num_cat=0
split_feature=8 19 20 0 25 5 8 5 25 19 19 20 11 4 10 17 14 0 4 17 11 5 19 3
split_gain=33302.6 20929.8 15593.9 12251.2 11243.4 12679.4 11145.3 9444.18 9248.47 15719.8 6924.23 14747.3 6881.96 7925.51 9414.11 7353.86 6000.55 4992.08 3913.27 3440.19 2877.73 2068.97 2031.11 734.193
threshold=1.0000000180025095e-35 13.1 13.500000000000002 139.50000000000003 0.90515966073569354 63.500000000000007 13.500000000000002 91.500000000000014 0.098816478347602058 1.0000000180025095e-35 2.7000000000000015 4.900000000000003 -1.4999999999999998 40.500000000000007 -4.4999999999999991 0.50000000000000011 69.500000000000014 243.50000000000003 112.50000000000001 13.500000000000002 1.5000000000000002 39.500000000000007 23.500000000000004 201.50000000000003
decision_type=10 10 10 2 2 8 10 10 2 8 10 10 8 10 8 10 10 2 10 10 10 10 10 8
left_child=3 6 -3 12 5 -4 8 18 16 -10 17 -12 19 14 -14 -15 -2 -9 21 22 -6 -5 -1 -20
right_child=1 2 4 7 20 -7 -8 10 9 -11 11 -13 13 15 -16 -17 -18 -19 23 -21 -22 -23 -24 -25
leaf_value=-0.066386670347758206 0.017693308245081526 1.4107551697641612 0.48716282252254983 -0.62497397777510855 -0.78530853831249736 0.068349038657321726 1.0803679475077876 -0.18388747788586213 0.0082392148011496674 0.25595106358119052 1.3570084951072934 -0.025861438278883486 0.087555219315505362 -0.053520257800030606 -0.0027157036804110091 0.1174294411247961 -0.3856680940013183 -0.98314589738845837 -0.23519129757252008 0.58802000378258534 -0.097798166788286636 -1.2452781331539153 -0.44326473515894682 -0.50684366916355328
leaf_weight=5142 3131 32 513 41 23 279 27 843 1271 1291 20 535 3664 8560 13640 679 95 20 72 20 45 20 36 38
leaf_count=5142 3131 32 513 41 23 279 27 843 1271 1291 20 535 3664 8560 13640 679 95 20 72 20 45 20 36 38
internal_value=-0.000194721 0.101461 0.326979 -0.0206509 0.286652 0.339626 0.0668674 -0.156135 0.0621396 0.133062 -0.113805 0.0239717 -0.0138684 -0.00356549 0.0163985 -0.0409567 0.00581503 -0.20241 -0.507154 -0.0664789 -0.330338 -0.828352 -0.0690069 -0.329035
internal_weight=40037 6707 892 33330 860 792 5815 1589 5788 2562 1418 555 31741 26543 17304 9239 3226 863 171 5198 68 61 5178 110
internal_count=40037 6707 892 33330 860 792 5815 1589 5788 2562 1418 555 31741 26543 17304 9239 3226 863 171 5198 68 61 5178 110
is_linear=0
shrinkage=0.05


Tree=35
num_leaves=23
num_cat=0
split_feature=17 19 4 18 2 13 9 19 21 6 23 2 21 22 10 7 21 10 0 5 7 23
split_gain=28135.2 16096.5 16678.7 15646.7 14894.2 15004.5 15531.1 12985 11773.4 21693.8 9136.8 8029.64 6719.4 6310.07 6174.69 6077.66 5192.34 5011.71 4134.69 2501.41 1488.22 1405.25
threshold=8.5000000000000018 2.100000000000001 68.500000000000014 44.5 237.50000000000003 25.500000000000004 1.5000000000000002 45.300000000000018 50.800000000000011 68.500000000000014 -0.097964660725097338 141.50000000000003 52.000000000000021 -0.55557023301960229 -5.4999999999999991 42.500000000000007 2.5000000000000013 58.500000000000007 -17.499999999999996 74.500000000000014 96.500000000000014 0.065403129230142756
decision_type=10 10 10 10 10 10 8 10 8 10 2 8 10 2 8 10 8 8 2 8 10 2
left_child=1 2 13 7 5 16 -7 8 9 -2 -9 15 20 18 -15 -4 -3 -10 -1 -13 -6 -14
right_child=3 4 11 -5 12 6 -8 10 17 -11 -12 19 21 14 -16 -17 -18 -19 -20 -21 -22 -23
leaf_value=0.28541839339516384 0.13714154549487675 0.50306273533598245 -0.1797387350856261 1.6844236112776259 -1.1559364755948385 0.066052964734258826 0.28000883902868501 0.49802385866642002 -0.1085906259084152 0.99123068515799551 1.897268622815609 -0.64084931986672544 0.023204277560114863 0.091717500475368044 0.0044089564605072724 -0.042591047734929006 -0.034324388784637727 -1.0244641315937042 -0.039521875436556747 -0.21007421443859053 -0.58660424690354951 -0.30037756914674651
leaf_weight=99 342 46 990 21 24 2201 1380 28 59 95 20 35 50 2315 16170 4389 1969 20 8798 907 22 102
leaf_count=99 342 46 990 21 24 2201 1380 28 59 95 20 35 50 2315 16170 4389 1969 20 8798 907 22 102
internal_value=0.000124303 -0.00497389 -0.0182084 0.344335 0.0720098 0.0870892 0.148505 0.294438 0.221266 0.322813 1.08104 -0.091416 -0.354172 -0.00130882 0.0153432 -0.067833 -0.0220565 -0.340457 -0.0359062 -0.22608 -0.883647 -0.193936
internal_weight=40082 39497 33703 585 5794 5596 3581 564 516 437 48 6321 198 27382 18485 5379 2015 79 8897 942 46 152
internal_count=40082 39497 33703 585 5794 5596 3581 564 516 437 48 6321 198 27382 18485 5379 2015 79 8897 942 46 152
is_linear=0
shrinkage=0.05


Tree=36
num_leaves=27
num_cat=0
split_feature=8 4 18 11 4 4 3 10 0 4 5 18 10 6 6 24 7 5 18 11 6 24 13 23 13 13
split_gain=30703.9 14504 16462.4 9895.11 12468.9 9738.67 18252.9 11799.1 8509.73 13845.4 10028.4 8528.18 7963.06 7397.07 6864.55 5361.26 4622.16 4222.57 3391.23 2893.7 3107.38 2564.35 2016.72 1729.57 1385.98 1105.7
threshold=2.5000000000000004 187.50000000000003 0.70000000000000018 -11.499999999999998 23.500000000000004 38.500000000000007 205.50000000000003 -3.4999999999999996 121.50000000000001 11.500000000000002 12.500000000000002 2.9000000000000017 63.500000000000007 76.500000000000014 63.500000000000007 -0.4673548892883575 71.500000000000014 125.50000000000001 12.900000000000004 -10.499999999999998 127.50000000000001 -0.56314550935064722 194.50000000000003 0.84874750804349197 217.50000000000003 19.500000000000004
decision_type=10 10 10 8 10 10 10 8 2 10 8 8 10 8 10 2 10 8 10 10 8 2 10 2 10 10
left_child=1 2 5 18 -5 7 -7 -1 9 23 -11 16 15 -12 -14 -13 21 24 -4 -19 -21 -10 -18 25 -3 -2
right_child=8 17 3 4 -6 6 -8 -9 11 10 13 12 14 -15 -16 -17 22 19 -20 20 -22 -23 -24 -25 -26 -27
leaf_value=0.074825284011000665 -0.034365718098886215 -0.43184726451124461 -0.27293937012101666 0.0056512205291979279 0.16101638556488199 -0.054772980196230087 1.4570271277427675 -0.014854096729226954 0.022647586762905122 1.4679879605770112 0.40389840047872438 0.29351839541264302 0.35744469549920826 1.0497716876221639 -0.5838895163115333 1.044911025932362 -0.077926931657055595 -0.63188557583424787 -1.0024411462602163 0.031116127023754055 -0.23224506594198069 -0.63691502447639203 0.51144328642459147 0.36308953836560254 -0.95567760052888284 -0.41475544655323032
leaf_weight=4683 81 28 66 2417 2773 11604 20 16919 20 28 339 53 45 51 34 43 47 36 21 146 481 56 21 22 23 25
leaf_count=4683 81 28 66 2417 2773 11604 20 16919 20 28 339 53 45 51 34 43 47 36 21 146 481 56 21 22 23 25
internal_value=0.000118088 -0.00638115 -0.00224041 0.0797976 0.0886623 -0.0152698 -0.0521718 0.00458709 0.294778 0.41465 0.55398 0.0896046 0.324117 0.488359 -0.0476865 0.63008 -0.195393 -0.229674 -0.449026 -0.19595 -0.17092 -0.463346 0.104084 -0.040348 -0.668084 -0.12408
internal_weight=40082 39217 38503 5277 5190 33226 11624 21602 865 546 418 319 175 390 79 96 144 714 87 663 627 76 68 128 51 106
internal_count=40082 39217 38503 5277 5190 33226 11624 21602 865 546 418 319 175 390 79 96 144 714 87 663 627 76 68 128 51 106
is_linear=0
shrinkage=0.05


Tree=37
num_leaves=25
num_cat=0
split_feature=8 4 4 5 23 17 9 1 20 11 14 5 0 5 25 10 10 23 24 22 10 7 17 10
split_gain=27907 12256.7 12025.3 18445.4 12455.6 11994.6 10966.9 9673.46 8998.9 8848.7 8026.89 7373.33 5117.81 3907.92 2684.32 3875.28 2203.75 1683.82 1572.98 1124.24 1106.7 1086.22 926.783 436.047
threshold=1.5000000000000002 187.50000000000003 11.500000000000002 8.5000000000000018 0.96592582628906831 7.3000000000000016 9.5000000000000018 120.50000000000001 43.300000000000011 1.0000000180025095e-35 18.500000000000004 46.500000000000007 213.50000000000003 139.50000000000003 0.87377473702374975 -30.499999999999996 5.5000000000000009 -0.88144907265856332 -0.34964421742355262 -0.70710678118654735 -1.0000000180025095e-35 -7.4999999999999991 12.300000000000002 10.500000000000002
decision_type=10 10 10 8 2 10 10 10 10 10 10 8 2 8 2 10 10 2 2 2 8 10 8 10
left_child=1 5 16 -4 7 9 -6 -5 10 12 -7 -11 -1 18 15 -15 17 21 -3 23 -19 -2 -21 -18
right_child=2 13 3 4 6 8 -8 -9 -10 11 -12 -13 -14 14 -16 -17 19 20 -20 22 -22 -23 -24 -25
leaf_value=-0.023866127755385175 0.11408340448424931 -0.94535200595855717 1.7760479688644411 0.28621631192034858 1.1788693734341198 -0.0028134517025115882 0.30392955003014532 -0.027434284313560722 1.2935883393138647 0.05664424067156007 0.44138370849954572 -0.026697856637859299 -0.62044568219118656 0.46685942113399509 -0.58374330875201108 -0.18168711921568942 -0.21310648101568225 0.35497601452198896 -0.40581198402813501 -0.11122920494977265 -0.023685536864599226 0.61682134790515364 0.24696708885952831 -0.52633244492113584
leaf_weight=25395 21 22 20 815 63 215 83 352 20 7666 193 4059 36 24 39 572 25 22 35 186 157 22 20 20
leaf_count=25395 21 22 20 815 63 215 83 352 20 7666 193 4059 36 24 39 572 25 22 35 186 157 22 20 20
internal_value=0.000112183 -0.0089503 0.192181 0.269036 0.246081 -0.00511107 0.681472 0.19161 0.25807 -0.00814265 0.207309 0.0277926 -0.0247106 -0.217468 -0.181868 -0.155571 -0.0244121 0.0903453 -0.614056 -0.125911 0.0228539 0.371298 -0.0764529 -0.352318
internal_weight=40082 38276 1806 1333 1313 37584 146 1167 428 37156 408 11725 25431 692 635 596 473 222 57 251 179 43 206 45
internal_count=40082 38276 1806 1333 1313 37584 146 1167 428 37156 408 11725 25431 692 635 596 473 222 57 251 179 43 206 45
is_linear=0
shrinkage=0.05


Tree=38
num_leaves=22
num_cat=0
split_feature=17 11 18 0 21 0 13 10 18 11 9 20 2 20 20 5 21 4 4 20 10
split_gain=22260.8 13919.8 13504.8 9859.15 8117.26 9251.11 20060.6 7810.28 6677.13 6483.1 6223.52 10318.2 6157.65 5672.89 4312.11 3878.36 3081.49 2997.14 2729.08 1634.54 896.242
threshold=8.5000000000000018 1.5000000000000002 44.5 213.50000000000003 84.600000000000009 30.500000000000004 33.500000000000007 -11.499999999999998 0.70000000000000018 -19.499999999999996 -1.0000000180025095e-35 20.300000000000004 -5.4999999999999991 1.5000000000000002 3.9000000000000017 -5.4999999999999991 52.000000000000021 199.50000000000003 93.500000000000014 1.1000000000000003 -44.499999999999993
decision_type=10 10 10 2 8 2 10 8 10 10 8 10 10 8 10 8 8 8 10 10 10
left_child=1 3 4 10 5 15 -7 18 14 16 12 -12 -1 -10 -9 -2 -5 -11 19 -3 -20
right_child=2 7 -4 9 -6 6 -8 8 13 17 11 -13 -14 -15 -16 -17 -18 -19 20 -21 -22
leaf_value=0.063980899111745718 0.44138880242642603 -0.065414772495146725 1.551271378993988 -1.1774039233172382 -0.6398335866009196 1.9808172079920769 0.35254371293145303 0.03376264374724857 0.58996116904678142 0.39291866093873984 0.002175622800519781 0.23993366900836405 -0.042407653776153534 0.1584855924473072 0.18085060938638992 -0.13137338981592567 -0.40703311201930048 -0.24446488897225779 -0.51446598158641299 0.48420493286103011 -0.18402402980527918
leaf_weight=1480 38 31 21 27 24 20 349 3693 82 20 14645 471 16786 1073 576 133 25 237 22 24 305
leaf_count=1480 38 31 21 27 24 20 349 3693 82 20 14645 471 16786 1073 576 133 25 237 22 24 305
internal_value=0.000106574 -0.00442827 0.306282 -0.0167504 0.259926 0.299915 0.440797 0.0670745 0.0824645 -0.297882 -0.0141481 0.00958393 -0.0337875 0.189118 0.0536087 -0.0040929 -0.807033 -0.194863 -0.151446 0.174419 -0.206256
internal_weight=40082 39497 585 33691 564 540 369 5806 5424 309 33382 15116 18266 1155 4269 171 52 257 382 55 327
internal_count=40082 39497 585 33691 564 540 369 5806 5424 309 33382 15116 18266 1155 4269 171 52 257 382 55 327
is_linear=0
shrinkage=0.05


Tree=39
num_leaves=26
num_cat=0
split_feature=8 9 8 18 19 12 4 18 7 12 6 24 11 20 20 16 23 25 4 8 17 22 24 11 0
split_gain=24273.7 12566.1 11714.8 13443.6 12083.7 9718.75 8814.91 8185.65 6749.91 6148.93 6094.21 6375.42 5753.83 5235.54 9851.04 7808.52 4496.72 9227.92 4468 4256.78 3249.42 4432.07 2715.64 2673.46 1886.32
threshold=2.5000000000000004 21.500000000000004 -1.0000000180025095e-35 34.300000000000004 9.6000000000000032 8.9540219160850167 16.500000000000004 0.3000000000000001 80.500000000000014 7.330452022661591 36.500000000000007 -0.4673548892883575 1.0000000180025095e-35 29.899999999999988 10.100000000000003 0.70000000000000018 0.097964660725097227 0.70252747416915695 55.500000000000007 9.5000000000000018 5.700000000000002 0.22695468355932447 0.017213356155834254 -13.499999999999998 -6.4999999999999991
decision_type=10 10 8 10 10 10 10 10 10 8 10 2 8 10 8 10 2 2 10 10 10 2 2 8 2
left_child=2 7 9 4 12 22 -6 8 18 20 19 -12 -4 14 -9 -15 23 -18 -2 -7 24 -22 -3 -11 -1
right_child=1 5 3 -5 6 10 -8 13 -10 16 11 -13 -14 15 -16 -17 17 -19 -20 -21 21 -23 -24 -25 -26
leaf_value=0.067657987770981323 0.19409968222446561 0.25664858456168854 -0.018224363929739414 0.93834584099360008 -0.0067845592330851206 -0.098045724888260549 0.24145057665577321 0.91653133864586178 0.82602520970737237 -0.54055381722566564 -1.0397152021013458 -0.19273256388051729 0.028080204161025579 1.4247451239162023 0.18458211726396329 0.55481526340757104 -0.10588697597937223 0.15129699817890718 -0.34097873381539889 0.59923913605285417 -0.082627782793272112 0.95738918276503682 1.051560367508368 -0.13347518791547391 -0.03071636199328941
leaf_weight=535 166 21 15527 39 578 65 938 65 34 41 29 95 11813 36 157 91 1283 479 51 33 21 20 22 2478 5465
leaf_count=535 166 21 15527 39 578 65 938 65 34 41 29 95 11813 36 157 91 1283 479 51 33 21 20 22 2478 5465
internal_value=0.000101246 0.262096 -0.00567751 0.0106557 0.00940189 -0.0246621 0.146807 0.388747 0.170978 -0.0514 -0.157925 -0.390817 0.0017828 0.545367 0.398892 0.80141 -0.0972427 -0.0359715 0.0683439 0.136754 -0.0189133 0.424698 0.663348 -0.140101 -0.0219446
internal_weight=40082 865 39217 28895 28856 265 1516 600 251 10322 222 124 27340 349 222 127 4281 1762 217 98 6041 41 43 2519 6000
internal_count=40082 865 39217 28895 28856 265 1516 600 251 10322 222 124 27340 349 222 127 4281 1762 217 98 6041 41 43 2519 6000
is_linear=0
shrinkage=0.05


Tree=40
num_leaves=26
num_cat=0
split_feature=8 8 19 9 4 6 17 22 24 4 9 11 11 12 9 4 6 8 5 12 0 19 16 10 24
split_gain=20119.8 13322.1 13278.4 11397.6 10961.4 19764 10117.9 9901.85 6126.14 6709.97 6037.15 5997.25 5792.97 5568.42 3877.31 3568.4 3535.97 5001.75 3729.14 3170.69 3036.77 2383.02 1840.2 1407.61 330.21
threshold=3.5000000000000004 -1.0000000180025095e-35 9.1000000000000032 19.500000000000004 15.500000000000002 4.5000000000000009 17.300000000000008 -0.41248606129204546 -0.84293373149377071 11.500000000000002 -5.4999999999999991 1.0000000180025095e-35 1.5000000000000002 8.9540219160850167 3.5000000000000004 52.500000000000007 40.500000000000007 11.500000000000002 105.50000000000001 3.0578212344708908 80.500000000000014 41.900000000000006 4.1000000000000014 -15.499999999999998 -0.91236630913977479
decision_type=10 8 10 10 10 8 10 2 2 8 10 10 10 10 10 10 10 10 10 8 2 10 10 8 2
left_child=1 10 6 7 22 -6 12 11 24 -10 20 -2 -3 -5 19 -13 17 -15 -18 -12 23 -22 -4 -1 -9
right_child=3 2 4 13 5 -7 -8 8 9 -11 14 15 -14 16 -16 -17 18 -19 -20 -21 21 -23 -24 -25 -26
leaf_value=0.39713712011774382 -0.44110144331089912 -0.0065566475717004696 -0.053768460645284046 0.64733989838924677 0.90809403649717579 0.1729704156903997 1.101768396014259 0.10936121832240711 0.1385870485143228 1.0973733442966069 0.0084829097458241753 0.08510104544460774 0.054533637095404014 0.0081600194147159882 -0.67454817146062851 0.80648283675313004 -0.46116360344670038 0.83826141823893008 0.10499951128776258 -0.056463135940896428 -0.1856146203115544 -0.63887022972106944 0.184164952251472 -0.022919875165542305 0.38655184372549967
leaf_weight=24 31 22789 562 36 100 1067 21 22 22 107 2614 40 4677 86 24 30 66 23 52 6686 869 30 95 118 21
leaf_count=24 31 22789 562 36 100 1067 21 22 22 107 2614 40 4677 86 24 30 66 23 52 6686 869 30 95 118 21
internal_value=0.000235683 -0.00387508 0.013354 0.304524 0.143995 0.235963 0.00468482 0.530827 0.761578 0.933859 -0.0525968 0.137865 0.00384601 0.0696167 -0.0398463 0.394265 -0.0220046 0.183319 -0.211668 -0.0382084 -0.1668 -0.20074 -0.0193641 0.0480757 0.244733
internal_weight=40212 39676 29311 536 1824 1167 27487 273 172 129 10365 101 27466 263 9324 70 227 109 118 9300 1041 899 657 142 43
internal_count=40212 39676 29311 536 1824 1167 27487 273 172 129 10365 101 27466 263 9324 70 227 109 118 9300 1041 899 657 142 43
is_linear=0
shrinkage=0.05


Tree=41
num_leaves=16
num_cat=0
split_feature=18 19 0 0 4 5 10 11 21 0 5 0 25 6 3
split_gain=20178.7 16961 10956.5 9802.04 13294 24708.1 8400.67 7658.91 6121.7 5663.93 5723.36 5082.26 4139.98 2312.07 1295.35
threshold=43.400000000000013 7.3000000000000016 140.50000000000003 194.50000000000003 15.500000000000002 1.5000000000000002 -25.499999999999996 1.5000000000000002 52.000000000000021 226.50000000000003 61.500000000000007 -17.499999999999996 0.75546532993267157 19.500000000000004 279.50000000000006
decision_type=10 10 2 2 10 10 10 10 10 2 8 2 2 10 8
left_child=1 2 7 4 13 -6 -5 11 -8 10 -4 -1 -9 -3 -11
right_child=-2 3 9 6 5 -7 8 12 -10 14 -12 -13 -14 -15 -16
leaf_value=0.23181095118924047 1.3666593006363623 -0.0037578693242489914 -0.714121884546983 0.83740908265113834 1.9656873184442523 0.19881609842535852 -0.57312413707546805 0.028250924278868435 -0.072193090329471729 -0.36893562890197101 -0.098947454585447597 -0.015590740409048105 0.13740687037988217 -0.49154494154453277 -0.72967563029882077
leaf_weight=209 27 859 39 20 20 1854 87 3778 204 76 1238 30611 1128 25 37
leaf_count=209 27 859 39 20 20 1854 87 3778 204 76 1238 30611 1128 25 37
internal_value=0.000223899 -0.000694199 -0.010035 0.112271 0.142278 0.217673 -0.15383 -0.0046765 -0.221956 -0.147759 -0.117735 -0.013913 0.0533483 -0.0175528 -0.487054
internal_weight=40212 40185 37116 3069 2758 1874 311 35726 291 1390 1277 30820 4906 884 113
internal_count=40212 40185 37116 3069 2758 1874 311 35726 291 1390 1277 30820 4906 884 113
is_linear=0
shrinkage=0.05


Tree=42
num_leaves=27
num_cat=0
split_feature=8 8 17 14 5 9 22 9 7 20 5 24 4 9 12 22 20 0 9 12 0 7 7 10 21 24
split_gain=17634.3 11583.4 10914.2 14893 28177.8 10103.9 8943.02 7854.21 7603.11 7058.75 5809.01 5394.08 6015.38 5211.61 4950.94 3711.6 3486.88 5439.53 3392.66 2858.45 2630.83 2280 2193.92 1273.55 1121.82 318.877
threshold=3.5000000000000004 -1.0000000180025095e-35 9.7000000000000028 63.500000000000007 75.500000000000014 19.500000000000004 -0.47114434510950048 21.500000000000004 34.500000000000007 3.5000000000000013 -5.4999999999999991 -0.84293373149377071 11.500000000000002 -5.4999999999999991 8.9540219160850167 -0.93540483100319605 29.899999999999988 209.50000000000003 3.5000000000000004 2.8227495016514816 80.500000000000014 152.50000000000003 120.50000000000001 -15.499999999999998 5.1000000000000023 -0.91236630913977479
decision_type=10 8 10 10 10 10 2 10 10 10 8 2 8 10 10 2 8 2 10 8 2 10 10 8 10 2
left_child=1 13 7 10 -5 6 8 9 15 -3 -4 25 -13 20 -7 -2 21 -18 19 -15 23 -16 -22 -1 -9 -8
right_child=5 2 3 4 -6 14 11 24 -10 -11 -12 12 -14 18 16 -17 17 -19 -20 -21 22 -23 -24 -25 -26 -27
leaf_value=0.37684769838427506 0.34979629232769921 -0.0020975995218344532 0.74231262588873514 2.5353476667404173 0.22699615766222658 0.60866253144211235 0.096146799818329187 -0.40327973961830144 0.77647794094578981 0.060662630881352687 0.067712532116031426 0.12572589688327002 1.0134858215493816 0.013394026821651056 -0.25317892520650614 -0.45812949286773802 0.48767681644608579 -0.40297728727261228 -0.63093070636192961 -0.051343585478250034 -0.24176629159302016 0.32244399115443234 -0.075840012840739143 -0.022706572361037895 -0.92068331434645434 0.36563182612437584
leaf_weight=24 21 23349 36 20 39 36 23 20 29 5544 281 23 112 2249 123 44 60 24 24 7051 601 20 298 118 22 21
leaf_count=24 21 23349 36 20 39 36 23 20 29 5544 281 23 112 2249 123 44 60 24 24 7051 601 20 298 118 22 21
internal_value=0.000212704 -0.00363578 0.0124297 0.280081 1.00949 0.285087 0.49816 0.00895166 0.103254 0.00994486 0.144323 0.705541 0.862238 -0.049067 0.0639121 -0.197107 -0.0224801 0.233204 -0.0372204 -0.0356882 -0.155175 -0.172672 -0.186765 0.0448237 -0.674301 0.224765
internal_weight=40212 39676 29311 376 59 536 273 28935 94 28893 317 179 135 10365 263 65 227 84 9324 9300 1041 143 899 142 42 44
internal_count=40212 39676 29311 376 59 536 273 28935 94 28893 317 179 135 10365 263 65 227 84 9324 9300 1041 143 899 142 42 44
is_linear=0
shrinkage=0.05


Tree=43
num_leaves=16
num_cat=0
split_feature=18 8 0 18 10 0 23 11 21 9 8 11 18 13 20
split_gain=16952.1 14309.4 8545.09 8201.21 10063.8 11067.8 6061.5 5449.94 5066.68 4316.32 4244.29 4050.18 3995.09 3965.44 3006.92
threshold=43.400000000000013 1.0000000180025095e-35 68.500000000000014 0.50000000000000011 58.500000000000007 36.500000000000007 0.16280825711809002 1.5000000000000002 15.600000000000003 -1.4999999999999998 9.5000000000000018 -1.4999999999999998 9.9000000000000039 136.50000000000003 15.200000000000005
decision_type=10 10 2 10 8 2 2 10 8 10 10 8 10 10 10
left_child=1 2 7 10 5 -5 9 11 -8 -4 13 -1 -9 -3 -6
right_child=-2 3 6 4 14 -7 8 12 -10 -11 -12 -13 -14 -15 -16
leaf_value=-0.051699727468400375 1.2526318919327526 0.03373807709152845 -0.13819037333625189 0.040145203985105571 -0.43026886925828167 0.28427587241545138 0.057015169913260694 0.074601538928095179 -0.078178740129296057 -0.030945026105507679 0.56206003081154188 0.0020397275897702468 0.7525313317775727 -0.20969344865230993 -0.02360741737408235
leaf_weight=4227 27 4340 2739 797 82 1112 1483 1783 1301 1427 37 20559 22 174 102
leaf_count=4227 27 4340 2739 797 82 1112 1483 1783 1301 1427 37 20559 22 174 102
internal_value=0.000202069 -0.00063943 -0.0139187 0.0663988 0.148314 0.182352 -0.0632833 -0.0010165 -0.00616273 -0.101455 0.0287262 -0.00712499 0.0828644 0.0243546 -0.204837
internal_weight=40212 40185 33541 6644 2093 1909 6950 26591 2784 4166 4551 24786 1805 4514 184
internal_count=40212 40185 33541 6644 2093 1909 6950 26591 2784 4166 4551 24786 1805 4514 184
is_linear=0
shrinkage=0.05


Tree=44
num_leaves=22
num_cat=0
split_feature=8 9 17 6 13 9 8 22 5 7 11 24 4 8 6 11 16 22 5 1 24
split_gain=15110.2 9640.46 10636.2 12189.3 23012.7 9084.29 8752.78 8142.36 5985.08 5556.17 5093.44 4914.52 5346.25 4365.59 6083.7 4336.72 3632.95 2610.54 2014.7 1725.86 266.821
threshold=3.5000000000000004 21.500000000000004 9.7000000000000028 74.500000000000014 90.500000000000014 19.500000000000004 -1.0000000180025095e-35 -0.41248606129204546 -5.4999999999999991 34.500000000000007 1.5000000000000002 -0.84293373149377071 11.500000000000002 14.500000000000002 40.500000000000007 -5.4999999999999991 0.90000000000000013 -0.93540483100319605 57.500000000000007 101.50000000000001 -0.91236630913977479
decision_type=10 10 10 10 10 10 8 2 8 10 10 2 8 10 10 8 10 2 10 10 2
left_child=1 2 6 8 -5 7 15 9 -4 17 -8 20 -13 16 -15 -1 19 -2 -3 -7 -9
right_child=5 18 3 4 -6 13 10 11 -10 -11 -12 12 -14 14 -16 -17 -18 -19 -20 -21 -22
leaf_value=-0.22219367450153507 0.32921104516301836 -0.42351197361946102 0.70426264757642887 1.9244572458596065 0.21361135115492022 0.065163540874015199 -0.00071806814630477091 0.090566614812070678 0.028045673973779373 0.66685451129451401 0.054563413619605733 0.11960925064472989 0.97543689424746516 1.0972460217096589 -0.032489212888937732 -0.038773939323439324 0.40150250605258508 -0.33709886375130438 -1.087826917285011 -0.25770497764250988 0.33973521334784373
leaf_weight=333 21 25 37 29 61 66 23844 22 283 31 5049 22 107 22 26 9994 38 49 21 111 21
leaf_count=333 21 25 37 29 61 66 23844 22 283 31 5049 22 107 22 26 9994 38 49 21 111 21
internal_value=0.000191965 -0.00337045 -0.00253076 0.250815 0.764884 0.263891 -0.0051792 0.465927 0.106233 0.109585 0.00894227 0.675175 0.829482 0.0541724 0.485306 -0.0446884 -0.0420808 -0.137206 -0.726786 -0.137313 0.212254
internal_weight=40212 39676 39630 410 90 536 39220 273 320 101 28893 172 129 263 48 10327 215 70 46 177 43
internal_count=40212 39676 39630 410 90 536 39220 273 320 101 28893 172 129 263 48 10327 215 70 46 177 43
is_linear=0
shrinkage=0.05


Tree=45
num_leaves=26
num_cat=0
split_feature=19 13 4 9 14 20 20 25 23 22 22 18 3 19 21 9 11 3 6 10 11 2 18 10 20
split_gain=15391 11612 11146.5 14022.7 28823.6 19286 9172.44 9135.4 12666.4 12800.3 7104.95 9535.62 6497.15 5894.89 5679.83 4980.72 4819.21 3947.93 12947.5 4269.53 3408.1 2987.76 1813.92 1637.08 978.689
threshold=3.5000000000000013 97.500000000000014 21.500000000000004 1.5000000000000002 -8.4999999999999982 5.3000000000000034 30.400000000000009 0.60503365783732044 0.032701564615071184 -0.52778511650980109 -0.55557023301960229 6.3000000000000034 39.500000000000007 1.0000000180025095e-35 4.1000000000000023 -8.4999999999999982 -6.4999999999999991 29.500000000000004 3.5000000000000004 7.5000000000000009 13.500000000000002 -17.499999999999996 17.900000000000002 -1.0000000180025095e-35 1.1000000000000003
decision_type=10 10 10 10 10 10 10 2 2 2 2 10 10 10 8 8 10 10 10 8 10 8 10 10 8
left_child=1 10 14 6 -5 -6 15 20 16 -10 21 13 -8 -12 -2 -4 -9 19 -19 -16 23 24 -23 -3 -1
right_child=2 7 3 4 5 -7 12 8 9 -11 11 -13 -14 -15 17 -17 -18 18 -20 -21 -22 22 -24 -25 -26
leaf_value=0.098921448102087861 0.73941622850298883 -0.13503535262769359 0.74090901721389069 2.1508335548639299 0.97934017672044471 0.18645048208849091 0.6883283360437914 -0.68377496165198259 0.35912329669537224 -0.0072328134263887657 0.002883279540597227 1.0822976508310862 -0.19362001609410684 0.070216554730223021 0.0097724737200276385 0.10009522951393918 -0.10509044607305834 1.1881543023910905 -0.17005261823217921 -0.162723683410602 -0.7502492357666295 -0.03612528580683539 -0.5013239011878059 -0.266714813254192 0.41403859007087623
leaf_weight=56 25 1926 31 20 82 1185 22 37 347 762 16320 21 411 4059 1456 1388 1302 28 47 476 24 9719 21 269 44
leaf_count=56 25 1926 31 20 82 1185 22 37 347 762 16320 21 411 4059 1456 1388 1302 28 47 476 24 9719 21 269 44
internal_value=0.00115606 -0.0107696 0.0816603 0.140724 0.267495 0.237766 0.0526273 -0.0841769 -0.0175748 0.107398 0.000559531 0.0173918 -0.14881 0.0162944 -0.00957997 0.114095 -0.121081 -0.0189098 0.337011 -0.0327266 -0.157652 -0.0343366 -0.0371283 -0.151173 0.237573
internal_weight=40078 34907 5171 3139 1287 1267 1852 4667 2448 1109 30240 20400 433 20379 2032 1419 1339 2007 75 1932 2219 9840 9740 2195 100
internal_count=40078 34907 5171 3139 1287 1267 1852 4667 2448 1109 30240 20400 433 20379 2032 1419 1339 2007 75 1932 2219 9840 9740 2195 100
is_linear=0
shrinkage=0.05


Tree=46
num_leaves=29
num_cat=0
split_feature=8 0 5 23 2 6 10 13 23 24 24 22 20 0 17 13 7 24 22 23 5 24 20 24 2 10 12 6
split_gain=14452.5 10349.5 19612 8729.45 11392.1 7212.23 6952.22 6594.18 6060.44 13826.4 21741.4 5316.89 5524.65 3948.46 3611.99 3376.1 2672.21 2358.32 2195.7 2175.92 2077.79 1772.05 1683.39 3683.75 2169.04 1592.28 824.009 663.383
threshold=1.0000000180025095e-35 27.500000000000004 1.5000000000000002 0.41248606129204546 215.50000000000003 17.500000000000004 -1.4999999999999998 108.50000000000001 0.22695468355932433 0.017213356155834254 0.59125596962661842 -0.72947329433276231 2.100000000000001 198.50000000000003 0.50000000000000011 100.50000000000001 129.50000000000003 -0.4900241286343337 -0.9103761370219875 -0.72947329433276253 11.500000000000002 0.61866567420209762 7.3000000000000016 -0.98046008095854942 -11.499999999999998 4.5000000000000009 6.400055500002936 39.500000000000007
decision_type=10 2 8 2 8 10 8 10 2 2 2 2 10 2 8 10 8 2 2 2 10 2 10 2 10 10 10 8
left_child=7 6 -3 5 -5 -4 14 11 16 17 -11 22 13 -13 26 -14 18 -10 -9 27 -16 -18 24 -24 -1 -21 -2 -8
right_child=1 2 3 4 -6 -7 19 8 9 10 -12 12 15 -15 20 -17 21 -19 -20 25 -22 -23 23 -25 -26 -27 -28 -29
leaf_value=0.069400420175627517 0.12208406567787602 1.4523933510695186 0.26332509571199231 0.24233009695205268 -0.81488281946915864 0.0025403890318458789 0.035943796981263029 -0.045958791190079326 -0.06190321989773221 0.56739672403315 -0.067678841191998004 -0.0018707140174648096 0.055118071499846322 -0.47082103517320423 0.2587438687682152 0.33497302216133695 -0.089184928954460507 -0.24593016046150398 -0.19906436501579636 -0.0094602295780116738 0.90389816450098392 0.081567057341944138 0.41078041155279305 -0.0012051429375316259 -0.054114490912690452 -0.09626625480622214 0.37584673328059059 0.1856966213449652
leaf_weight=376 372 28 325 1277 26 1439 850 299 849 239 309 17765 3701 45 24 111 1038 219 1080 1415 26 178 60 567 6501 843 35 81
leaf_count=376 372 28 325 1277 26 1439 850 299 849 239 309 17765 3701 45 24 111 1038 219 1080 1415 26 178 60 567 6501 843 35 81
internal_value=0.00109825 0.0678694 0.135112 0.123086 0.221235 0.0505875 0.0107888 -0.0124034 -0.0708871 0.00512408 0.209298 -0.0039479 0.00863721 -0.0030556 0.193175 0.063267 -0.118222 -0.0996391 -0.165867 -0.0153481 0.594224 -0.06419 -0.0402106 0.0382193 -0.0473613 -0.0418683 0.143906 0.0489728
internal_weight=40078 6741 3095 3067 1303 1764 3646 33337 4211 1616 548 29126 21622 17810 457 3812 2595 1068 1379 3189 50 1216 7504 627 6877 2258 407 931
internal_count=40078 6741 3095 3067 1303 1764 3646 33337 4211 1616 548 29126 21622 17810 457 3812 2595 1068 1379 3189 50 1216 7504 627 6877 2258 407 931
is_linear=0
shrinkage=0.05


Tree=47
num_leaves=23
num_cat=0
split_feature=19 0 19 21 0 5 7 0 5 7 5 19 7 4 10 10 3 23 13 7 6 12
split_gain=13012 10928.3 10304.1 13892.9 14838.1 34072.5 8992.4 5732.26 5171.91 5083.21 4635.98 5940.63 5576.09 4618.1 4218.07 4001.52 2801.19 3434.06 2285.58 1682.03 1016.43 694.017
threshold=3.5000000000000013 139.50000000000003 56.600000000000016 59.400000000000048 32.500000000000007 3.5000000000000004 39.500000000000007 -20.499999999999996 44.500000000000007 106.50000000000001 76.500000000000014 1.0000000180025095e-35 61.500000000000007 93.500000000000014 29.500000000000004 8.5000000000000018 217.50000000000003 0.95642797789208689 206.50000000000003 21.500000000000004 66.500000000000014 27.78929879316609
decision_type=10 2 10 10 2 10 10 2 10 8 10 10 10 10 10 10 8 2 10 8 10 8
left_child=1 7 3 4 6 -6 -2 -1 -4 14 11 -9 -12 15 18 -5 17 -11 -3 -15 -16 -18
right_child=2 9 8 13 5 -7 -8 10 -10 16 12 -13 -14 19 20 -17 21 -19 -20 -21 -22 -23
leaf_value=0.69800604314639658 -0.018170956869291457 -0.1187972303268738 1.4430021672695876 -0.3681756179287749 2.1807736183915818 0.15819580004512343 0.55336377339988529 -0.0096302551216556759 0.30591066677123308 -0.090664515790390116 -0.14642728210934605 0.045521905812798996 -0.020052477146994388 0.14857578899983953 -0.4325890662414687 -1.1981999939680099 -0.25052775356407259 0.33031666101171425 -0.41227223064612462 -0.20062472486636743 -0.82150413308824821 -0.54480223366708469
leaf_weight=29 2244 172 20 53 21 2464 71 22801 20 708 1162 6213 3508 41 28 20 51 52 108 217 42 33
leaf_count=29 2244 172 20 53 21 2464 71 22801 20 708 1162 6213 3508 41 28 20 51 52 108 217 42 33
internal_value=0.00104334 -0.00992196 0.075065 0.0688331 0.0904383 0.175288 -0.000642246 -0.00465702 0.874456 -0.158579 -0.00526198 0.00217992 -0.0514973 -0.244475 -0.318783 -0.59558 -0.0921438 -0.0618605 -0.231995 -0.145132 -0.665938 -0.366136
internal_weight=40078 34907 5171 5131 4800 2485 2315 33713 40 1194 33684 29014 4670 331 350 73 844 760 280 258 70 84
internal_count=40078 34907 5171 5131 4800 2485 2315 33713 40 1194 33684 29014 4670 331 350 73 844 760 280 258 70 84
is_linear=0
shrinkage=0.05


Tree=48
num_leaves=27
num_cat=0
split_feature=8 19 3 6 9 2 0 10 10 19 24 10 20 5 8 9 20 20 9 0 19 3 19 10 14 1
split_gain=12454.2 10398.8 9403.03 32305.4 23854.9 8599.08 5762.48 11325.4 5917.67 5712.4 7932.44 4827.19 4736.64 4202.06 3581.4 3910.35 4572.06 4465.73 3476.3 3389.2 2269.6 2200.06 1959.78 1886.61 1764.62 844.962
threshold=1.0000000180025095e-35 11.500000000000004 29.500000000000004 4.5000000000000009 11.500000000000002 161.50000000000003 13.500000000000002 -3.4999999999999996 -9.4999999999999982 0.90000000000000013 -0.22611359161738928 -9.4999999999999982 0.3000000000000001 16.500000000000004 14.500000000000002 19.500000000000004 4.7000000000000028 1.0000000180025095e-35 -1.0000000180025095e-35 163.50000000000003 36.70000000000001 -5.4999999999999991 41.600000000000023 4.5000000000000009 11.500000000000002 -17.499999999999996
decision_type=10 10 8 8 8 10 2 8 8 10 2 10 8 10 10 10 10 10 8 2 10 10 10 10 8 10
left_child=6 14 13 4 -4 -5 7 11 22 19 -11 12 -1 20 15 17 -17 -2 25 -10 -3 -13 24 -20 -8 -9
right_child=1 2 3 5 -6 -7 8 18 9 10 -12 21 -14 -15 -16 16 -18 -19 23 -21 -22 -23 -24 -25 -26 -27
leaf_value=0.25360861548544034 -0.005029575002702933 -0.048742766699017309 2.6712504096653156 0.29359164524912124 0.64095707123096179 -0.13957480228152769 0.35864523902890233 0.25567079853443875 -0.029270823362939943 -0.012178438851536477 0.14704975818687313 0.14591960118937242 1.0407841791277348 0.52900626837629183 0.6592848632646644 0.014141359139274765 -0.53740413531195375 0.084830219922262293 0.018212447244322909 -0.31986462379446129 -0.50007754492107781 0.0550883493819814 -0.53413944519483125 -0.067432091677149114 -0.1018023288070784 -0.062709407344445536
leaf_weight=113 2697 215 23 546 39 145 21 21 15305 2441 1151 955 23 29 23 91 64 2837 5238 101 32 2208 26 733 2276 2725
leaf_count=113 2697 215 23 546 39 145 21 21 15305 2441 1151 955 23 29 23 91 64 2837 5238 101 32 2208 26 733 2276 2725
internal_value=0.000991174 0.0629748 0.209288 0.300795 1.39413 0.202696 -0.0115424 0.0161484 -0.0271482 -0.0179371 0.0388437 0.0950543 0.386734 -0.0403659 0.0366168 0.0340994 -0.213594 0.041037 -0.013714 -0.0311759 -0.107215 0.0825129 -0.102479 0.00769872 -0.0975928 -0.0602746
internal_weight=40078 6741 1029 753 62 691 33337 12016 21321 18998 3592 3299 136 276 5712 5689 155 5534 8717 15406 247 3163 2323 5971 2297 2746
internal_count=40078 6741 1029 753 62 691 33337 12016 21321 18998 3592 3299 136 276 5712 5689 155 5534 8717 15406 247 3163 2323 5971 2297 2746
is_linear=0
shrinkage=0.05


Tree=49
num_leaves=29
num_cat=0
split_feature=8 0 5 23 4 10 16 0 5 14 20 0 10 20 21 25 24 2 21 18 25 23 11 14 10 12 21 14
split_gain=11240 8267.11 14373.9 7761.19 11362.6 6220.29 5698.93 5261.74 5146.61 4400.19 7723.57 4273.02 5479.88 4085.94 5547.48 4198.7 2892.55 2400.3 2376.55 2074.95 3706.17 1959.74 1942 1809.65 1461.43 769.05 732.248 470.931
threshold=1.0000000180025095e-35 27.500000000000004 1.5000000000000002 0.41248606129204546 172.50000000000003 -1.4999999999999998 7.6000000000000014 139.50000000000003 90.500000000000014 66.500000000000014 23.099999999999991 -7.4999999999999991 -1.4999999999999998 8.100000000000005 56.700000000000038 -0.7721279831368929 -0.53436760985011611 -17.499999999999996 31.599999999999984 0.70000000000000018 -0.1670516255021193 -0.72947329433276253 -15.499999999999998 54.500000000000007 12.500000000000002 6.400055500002936 9.2000000000000046 80.500000000000014
decision_type=10 2 8 2 10 8 8 2 10 8 10 2 8 10 10 2 2 10 8 10 2 2 10 10 10 10 8 8
left_child=7 5 -3 6 -5 19 -4 11 22 10 -10 12 16 15 -15 -13 -1 -14 -11 25 -21 26 23 -9 -23 -2 -7 -24
right_child=1 2 3 4 -6 21 -8 8 9 18 -12 13 17 14 -16 -17 -18 -19 -20 20 -22 24 27 -25 -26 -27 -28 -29
leaf_value=0.33447741962642086 0.12309961069269787 1.2476538270711899 0.023136689290541686 0.22945046672745356 -0.5970855115804562 0.018482409254494615 0.48669742583837095 -0.38991800128145426 1.1348092337325217 -0.18074976350926253 0.024122167275183733 -0.060415816282730808 0.1734199336865021 0.068797128464326326 -0.30660378276014444 -0.008209213743192471 0.09981217747110506 -0.055306100808013306 -0.041585425706415352 0.095624795462936174 0.95221826790467556 -0.031635500710856315 -0.35772579924056402 -0.93937154466455641 -0.21238352502538366 0.37492462163085516 0.1189202798407917 -0.13348771712330521
leaf_weight=148 373 28 1695 1260 43 684 69 47 20 481 72 4650 131 2209 103 22421 1165 922 847 28 23 2140 38 22 118 33 247 61
leaf_count=148 373 28 1695 1260 43 684 69 47 20 481 72 4650 131 2209 103 22421 1165 922 847 28 23 2140 38 22 118 33 247 61
internal_value=0.000941616 0.059826 0.119924 0.109629 0.202174 0.00880999 0.0412692 -0.0109653 -0.0997854 -0.0688243 0.265576 -0.00652273 0.058119 -0.0117279 0.052073 -0.0171768 0.126263 -0.0268511 -0.0919906 0.181329 0.481932 -0.0159128 -0.36148 -0.565106 -0.0410811 0.143568 0.0451292 -0.219559
internal_weight=40078 6741 3095 3067 1303 3646 1764 33337 1588 1420 92 31749 2366 29383 2312 27071 1313 1053 1328 457 51 3189 168 69 2258 406 931 99
internal_count=40078 6741 3095 3067 1303 3646 1764 33337 1588 1420 92 31749 2366 29383 2312 27071 1313 1053 1328 457 51 3189 168 69 2258 406 931 99
is_linear=0
shrinkage=0.05


Tree=50
num_leaves=11
num_cat=0
split_feature=19 10 19 23 25 20 0 19 7 22
split_gain=8359.64 10232.3 8426.74 10290.8 21471.2 9679.27 7828.01 6178.41 3829.8 1941.8
threshold=56.600000000000016 91.500000000000014 0.50000000000000011 0.16280825711809002 0.99962961997441069 43.700000000000031 16.500000000000004 6.5000000000000044 57.500000000000007 0.5277851165098012
decision_type=10 10 10 2 2 10 2 10 10 2
left_child=1 2 5 7 -5 6 -1 -4 9 -3
right_child=-2 8 3 4 -6 -7 -8 -9 -10 -11
leaf_value=0.01410626027794986 0.77141831691776008 -0.60597104832530024 -0.047767711238681974 0.086159496823271162 1.3294603448254723 0.77376810491849213 -0.037040669878722572 0.067638806631669768 -0.93950635436418894 0.067667876119199014
leaf_weight=13406 35 20 3360 4422 35 39 16926 1771 37 23
leaf_count=13406 35 20 3360 4422 35 39 16926 1771 37 23
internal_value=-0.000977512 -0.0016527 -0.000521727 0.0403439 0.0959229 -0.0134228 -0.014435 -0.00793436 -0.56656 -0.245653
internal_weight=40074 40039 39959 9588 4457 30371 30332 5131 80 43
internal_count=40074 40039 39959 9588 4457 30371 30332 5131 80 43
is_linear=0
shrinkage=0.05


Tree=51
num_leaves=16
num_cat=0
split_feature=18 0 19 20 21 21 20 0 19 13 0 0 22 1 12
split_gain=11628.4 7091.13 9436.24 11129.6 16552.7 9195.84 6747.49 4422.43 4337.17 2938.44 1988.27 1691.9 1985.63 1150.54 904.787
threshold=44.700000000000003 235.50000000000003 12.800000000000002 57.600000000000037 58.500000000000064 63.499999999999993 47.300000000000018 -17.499999999999996 0.50000000000000011 250.50000000000003 -20.499999999999996 270.50000000000006 0.19509032201612816 273.50000000000006 60.923962945434937
decision_type=10 2 10 8 10 8 10 2 10 8 2 2 2 10 10
left_child=1 2 7 4 -4 -5 9 10 -9 -3 -1 14 -13 -11 -8
right_child=-2 6 3 5 -6 -7 11 8 -10 13 -12 12 -14 -15 -16
leaf_value=0.61631010346687765 1.2044055031239989 -1.0739811942690896 0.13977562559627715 1.245210410005007 -0.504407332489198 0.19071143915326419 0.013323889147828928 -0.014674050824782134 0.026930874276081096 -0.33705102211878274 0.15521869575725228 -0.036753801632396603 -0.61996084332466128 -0.76158220231533047 0.39000285243988042
leaf_weight=26 20 21 1301 39 108 44 44 30133 7908 79 232 54 20 20 25
leaf_count=26 20 21 1301 39 108 44 44 30133 7908 79 232 54 20 20 25
internal_value=-0.000928637 -0.00153049 0.00017988 0.123543 0.0903989 0.686199 -0.260304 -0.00462594 -0.00602518 -0.536769 0.201685 -0.0283049 -0.194377 -0.422815 0.149802
internal_weight=40074 40054 39791 1492 1409 83 263 38299 38041 120 258 143 74 99 69
internal_count=40074 40054 39791 1492 1409 83 263 38299 38041 120 258 143 74 99 69
is_linear=0
shrinkage=0.05


Tree=52
num_leaves=12
num_cat=0
split_feature=18 10 8 9 19 25 15 3 25 7 19
split_gain=10494.7 7464.65 8752.28 5588.53 5577.61 6668.09 5387.28 5288.32 4839.11 4485.58 1644.38
threshold=44.700000000000003 91.500000000000014 3.5000000000000004 -1.0000000180025095e-35 14.200000000000005 0.76663042157996963 3.9000000000000004 41.500000000000007 0.53435276464917691 56.500000000000007 31.5
decision_type=10 10 10 8 8 2 8 8 2 10 10
left_child=1 2 3 6 7 -6 -1 -4 -5 10 -3
right_child=-2 9 4 8 5 -7 -8 -9 -10 -11 -12
leaf_value=-0.022715317218881283 1.1441852343082428 -0.42432187401822641 0.41257447034832745 0.00095131928055795117 0.54565631689553895 -0.38345377353782006 0.7117302910685539 -0.054224236116234996 0.057038140988499755 -0.86750718072841038 0.12788495644927025
leaf_weight=19733 20 28 85 14492 158 22 25 212 5235 38 26
leaf_count=19733 20 28 85 14492 158 22 25 212 5235 38 26
internal_value=-0.000882205 -0.00145397 -0.000418295 -0.00299017 0.212476 0.432098 -0.021786 0.0793714 0.0158352 -0.451318 -0.158445
internal_weight=40074 40054 39962 39485 477 180 19758 297 19727 92 54
internal_count=40074 40054 39962 39485 477 180 19758 297 19727 92 54
is_linear=0
shrinkage=0.05


Tree=53
num_leaves=28
num_cat=0
split_feature=11 20 13 6 5 24 0 4 19 25 0 6 12 24 6 10 25 24 11 19 6 5 3 19 20 17 11
split_gain=7049.28 6835.89 8364.63 8554.67 17692.5 5885.92 5579.83 6267.8 5303.02 12302.8 26097 6141.57 4808.02 4712.04 11646 7043.35 4018.71 4919.91 4198.97 3759.82 2521.12 2317.33 2284.05 5910.06 2762.51 1394.86 822.367
threshold=1.0000000180025095e-35 8.100000000000005 185.50000000000003 144.50000000000003 137.50000000000003 -0.9322805799304521 139.50000000000003 100.50000000000001 12.900000000000006 -0.92260537345622995 30.500000000000004 27.500000000000004 17.595044186960568 0.14153898451656993 127.50000000000001 24.500000000000004 0.51972456038539816 0.3975391329312199 -1.4999999999999998 4.3000000000000034 60.500000000000007 270.50000000000006 221.50000000000003 29.500000000000004 47.300000000000018 1.1000000000000003 6.5000000000000009
decision_type=10 10 10 10 8 2 2 8 10 2 2 10 10 2 10 10 2 2 8 10 10 10 8 10 10 10 10
left_child=6 12 3 5 -5 -3 8 20 16 10 -10 -11 13 15 -15 -2 18 -18 -1 26 -8 25 23 -9 -24 -4 -14
right_child=1 2 21 4 -6 -7 7 22 9 11 -12 -13 19 14 -16 -17 17 -19 -20 -21 -22 -23 24 -25 -26 -27 -28
leaf_value=-0.073447907566035017 0.00099206876863228394 0.33167127105122318 -0.20964762827030339 1.7575074014663696 0.19884780298418075 0.086303207109180297 -0.27809706870466472 -0.075235162601566694 0.13359665108908866 -0.091251299460418531 2.0940328677495321 0.28055913868759358 -0.17928090886999143 0.046252373133997937 0.46399301265271131 -0.58858297598712583 -0.001713063526948313 0.10660329093476464 -0.01403600452046907 0.47073121195320378 -0.90095839915853559 0.32535766506833691 -0.34468405946824676 0.67489788344612833 -0.030198164703715752 0.023534096529086432 -0.44895592839006454
leaf_weight=3810 7537 294 244 25 67 1449 32 955 58 304 24 175 321 3206 176 51 6007 1270 13553 22 33 28 169 27 119 87 31
leaf_count=3810 7537 294 244 25 67 1449 32 955 58 304 24 175 321 3206 176 51 6007 1270 13553 22 33 28 169 27 119 87 31
internal_value=-0.000838095 0.0285216 0.109311 0.152493 0.622397 0.127691 -0.0158167 -0.115433 -0.0105396 0.141467 0.707383 0.0445876 0.0128964 0.0189068 0.0679917 -0.00297055 -0.0140004 0.0171906 -0.0270729 -0.163398 -0.594319 -0.111411 -0.0909232 -0.0546103 -0.21474 -0.148358 -0.203031
internal_weight=40074 13538 2194 1835 92 1743 26536 1335 25201 561 82 479 11344 10970 3382 7588 24640 7277 17363 374 65 359 1270 982 288 331 352
internal_count=40074 13538 2194 1835 92 1743 26536 1335 25201 561 82 479 11344 10970 3382 7588 24640 7277 17363 374 65 359 1270 982 288 331 352
is_linear=0
shrinkage=0.05


Tree=54
num_leaves=15
num_cat=0
split_feature=18 11 19 4 0 10 10 4 7 8 11 25 25 7
split_gain=9361.27 6444.1 6919.71 6105.34 23848.4 5807.28 4739.52 4240.13 2962.6 2932.68 2939.03 2707.93 2235.54 702.289
threshold=44.700000000000003 -1.4999999999999998 7.3000000000000016 22.500000000000004 21.500000000000004 -18.499999999999996 93.500000000000014 39.500000000000007 57.500000000000007 2.5000000000000004 -8.4999999999999982 0.76110425866077458 -0.92260537345622995 99.500000000000014
decision_type=10 8 10 10 2 8 10 8 10 10 10 2 2 8
left_child=1 6 5 12 -5 13 9 -7 -8 11 -11 -1 -4 -3
right_child=-2 2 3 4 -6 7 8 -9 -10 10 -12 -13 -14 -15
leaf_value=-0.064869127332986318 1.0806726771593096 -0.25760007557010406 0.13477894808465815 1.7892143806273286 0.12993977614536925 0.018670277650689956 -0.21030510420149026 -0.019042199396096013 -0.95937044877897615 0.62144298564755562 -0.045870908101399738 0.015174743055178203 -0.05915187725839826 -0.12406374727148767
leaf_weight=4811 20 193 193 22 1382 18768 33 12363 22 33 33 1354 646 201
leaf_count=4811 20 193 193 22 1382 18768 33 12363 22 33 33 1354 646 201
internal_value=-0.00079619 -0.0013362 0.00731672 0.0921711 0.15594 0.00127935 -0.0478191 0.00369359 -0.509931 -0.0437402 0.287786 -0.0472893 -0.0145409 -0.189476
internal_weight=40074 40054 33768 2243 1404 31525 6286 31131 55 6231 66 6165 839 394
internal_count=40074 40054 33768 2243 1404 31525 6286 31131 55 6231 66 6165 839 394
is_linear=0
shrinkage=0.05


Tree=55
num_leaves=29
num_cat=0
split_feature=8 19 20 0 25 25 25 24 17 13 25 23 21 14 19 19 11 0 10 10 19 24 0 22 9 20 0 1
split_gain=7742.68 6658.86 9589.39 11293.9 8207.14 8706.51 6125.37 10688.2 6792.08 6100.05 5970.16 8413.58 9184.95 4946.51 4635.25 4036.8 3890.75 4235.03 5621.67 3828.71 3528.15 2612.35 2548.24 2570.13 2430.98 2209.17 1668.93 947.2
threshold=1.0000000180025095e-35 12.600000000000003 13.500000000000002 60.500000000000007 0.72660752476856549 0.67123509350548771 0.21771516573566843 0.97310932590074095 0.3000000000000001 102.50000000000001 0.62541057298524616 0.16280825711809002 1.0000000180025095e-35 63.500000000000007 39.70000000000001 15.999999999999998 1.0000000180025095e-35 19.500000000000004 -2.4999999999999996 20.500000000000004 22.700000000000006 -0.4673548892883575 -18.499999999999996 -0.55557023301960229 2.5000000000000004 3.5000000000000013 167.50000000000003 -20.499999999999996
decision_type=10 10 10 2 2 2 2 2 10 10 2 2 8 10 10 10 10 2 10 10 10 2 2 2 10 10 2 10
left_child=9 6 3 -3 5 -4 13 8 -8 16 14 15 -13 24 20 -12 22 18 -18 -6 -11 -15 27 -24 -2 -19 -16 -1
right_child=1 2 4 -5 19 -7 7 -9 -10 10 11 12 -14 21 26 -17 17 25 -20 -21 -22 -23 23 -25 -26 -27 -28 -29
leaf_value=0.4268633518463526 0.042750923374931409 0.033388817775994541 0.15066048436803448 1.6579925220945608 -0.014883695363998415 0.78799761323065598 0.041887184405921069 1.2148800711724022 0.26853027942072499 -0.11512186460428148 -0.091977880632399381 0.76021416975923306 0.079690627719521512 -0.20446211430843514 -0.34968518557087069 0.60690946749278485 0.11850521666783805 -0.025094281251976276 -0.003078259524654793 -0.58318471349015533 0.27955216128250648 -0.7664669830065507 -0.03818390482721 -0.0012664269162962032 -0.042859385447623237 0.086119688191002464 -0.92698337350572868 0.11858294130829367
leaf_weight=39 1602 20 704 23 75 58 1882 21 401 2389 1282 53 769 101 31 21 2197 3124 1676 49 58 26 7075 14130 1719 521 21 69
leaf_count=39 1602 20 704 23 75 58 1882 21 401 2389 1282 53 769 101 31 21 2197 3124 1676 49 58 26 7075 14130 1719 521 21 69
internal_value=-0.000177534 0.0489651 0.173173 0.902363 0.137784 0.199172 0.0289043 0.0920247 0.0816962 -0.00999137 -0.0633037 -0.00169275 0.123569 -0.0132735 -0.115694 -0.0807142 -0.00144099 0.0294853 0.0658912 -0.239454 -0.105767 -0.319518 -0.01235 -0.0135839 -0.00156227 -0.00919785 -0.582825 0.229906
internal_weight=40136 6681 929 43 886 762 5752 2304 2283 33455 4624 2125 822 3448 2499 1303 28831 7518 3873 124 2447 127 21313 21205 3321 3645 52 108
internal_count=40136 6681 929 43 886 762 5752 2304 2283 33455 4624 2125 822 3448 2499 1303 28831 7518 3873 124 2447 127 21313 21205 3321 3645 52 108
is_linear=0
shrinkage=0.05


Tree=56
num_leaves=29
num_cat=0
split_feature=8 12 18 18 2 4 6 12 22 7 13 22 18 13 4 12 8 20 9 20 13 1 18 12 12 4 24 18
split_gain=6995.55 5895.11 5261.67 10857 28865 11826.1 10427.8 4404.99 3768.87 4345.12 17692.8 3217.94 4971.08 3053.46 2978.8 2893.98 2440 3358.16 3304.96 2353.69 3427.74 2943.89 1715.46 9271.68 2616.97 1669.94 1481.75 1420.9
threshold=1.0000000180025095e-35 14.039659267204387 1.3000000000000003 1.5000000000000002 44.500000000000007 25.500000000000004 9.5000000000000018 18.353374432578025 -0.70710678118654735 37.500000000000007 175.50000000000003 -0.55557023301960229 19.900000000000009 62.500000000000007 33.500000000000007 7.6937151363693692 4.5000000000000009 2.7000000000000015 11.500000000000002 30.400000000000009 253.50000000000003 243.50000000000003 0.70000000000000018 7.9831402934930269 3.2765749374278212 172.50000000000003 -0.4673548892883575 0.50000000000000011
decision_type=8 10 10 10 10 10 10 10 2 10 10 2 10 8 8 10 10 10 10 10 10 10 10 10 10 10 2 8
left_child=1 11 7 4 -4 15 -7 16 9 25 -11 22 13 -13 -9 -5 18 -18 -2 21 -21 -10 24 -24 -1 -3 -6 -16
right_child=2 8 3 5 26 6 -8 14 19 10 -12 12 -14 -15 27 -17 17 -19 -20 20 -22 -23 23 -25 -26 -27 -28 -29
leaf_value=-0.010466486492906832 0.03008148110782138 -0.18231479092690739 1.7508567098114227 -0.028900434604217946 0.22712780237197877 0.78129632876565058 0.15631645935703747 0.35672885514795782 -0.085909398567781486 0.86771519162199073 -0.042288864179361001 0.020657984828799651 0.72681775270029902 -0.020477484038429736 -0.16907821990586269 -0.33868805373650651 0.53512816351971459 -0.010037756619746225 -0.30877909954280069 -0.36327851228800018 0.058702523156534882 -0.53116315477772769 -0.041204417648586927 0.31682405269946823 -0.064759616780824036 0.09494813105815815 -0.30254821661979925 -0.47416555811750127
leaf_weight=5101 5029 221 36 611 23 72 914 24 1609 68 249 13384 24 6805 203 86 56 57 73 194 64 38 889 227 3929 72 31 47
leaf_count=5101 5029 221 36 611 23 72 914 24 1609 68 249 13384 24 6805 203 86 56 57 73 194 64 38 889 227 3929 72 31 47
internal_value=-0.000168658 -0.00997971 0.0442445 0.11913 0.654175 0.0905177 0.201954 0.0200559 -0.0835436 0.024622 0.152917 -0.00388553 0.00764759 0.00679267 -0.175355 -0.0671239 0.0303229 0.260133 0.025233 -0.118179 -0.258601 -0.0961824 -0.026862 0.0316204 -0.0340897 -0.114182 -0.0769455 -0.226435
internal_weight=40136 32874 7262 1773 90 1683 986 5489 2515 610 317 30359 20213 20189 274 697 5215 113 5102 1905 258 1647 10146 1116 9030 293 54 250
internal_count=40136 32874 7262 1773 90 1683 986 5489 2515 610 317 30359 20213 20189 274 697 5215 113 5102 1905 258 1647 10146 1116 9030 293 54 250
is_linear=0
shrinkage=0.05


Tree=57
num_leaves=24
num_cat=0
split_feature=12 8 19 4 6 19 19 7 18 25 24 0 10 9 17 24 12 1 7 20 7 15 9
split_gain=6358.19 11616.9 8608.25 10770.1 17394 7585.6 9847.16 5826.81 5735.71 10151.7 5299.76 5231.08 6344.34 4355.32 3537.62 3300.27 4343.19 2951.08 2663.28 2427.18 2258.43 861.237 832.57
threshold=13.651169752056118 4.5000000000000009 0.70000000000000018 23.500000000000004 9.5000000000000018 52.000000000000007 39.500000000000007 78.500000000000014 3.7000000000000006 0.90515966073569354 0.91927745688801421 13.500000000000002 -3.4999999999999996 19.500000000000004 16.100000000000005 0.017213356155834254 6.2300075853951187 166.50000000000003 54.500000000000007 8.300000000000006 106.50000000000001 1.0000000180025095e-35 20.500000000000004
decision_type=10 10 10 10 8 10 10 8 10 2 2 2 8 8 10 2 10 10 10 10 10 10 8
left_child=1 2 11 10 -5 6 8 18 13 -10 -4 12 -1 -2 -13 19 -17 -7 -8 22 -18 -9 -3
right_child=5 15 3 4 -6 17 7 21 9 -11 -12 14 -14 -15 -16 16 20 -19 -20 -21 -22 -23 -24
leaf_value=0.081349601604610508 -0.073884678453973729 0.17710007145291284 -0.028832717691933137 0.70359788745809659 0.095645005400146144 0.93904595325390494 -0.61901270803951081 -0.41572686751422128 0.14126861263115129 -0.75013807380900666 0.16439342390769163 -0.026069017855278567 -0.0030151291279494107 -0.36508433509307608 0.62327997226800236 1.2252692883429321 0.21833605118269148 0.189507682698554 -1.4252182334661485 0.49384759471223161 0.86145929485559469 -0.05735550771156947 -0.25399337751635664
leaf_weight=2945 2628 21 3145 122 3301 24 21 38 527 34 400 17389 9159 135 21 23 43 29 20 37 20 30 24
leaf_count=2945 2628 21 3145 122 3301 24 21 38 527 34 400 17389 9159 135 21 23 43 29 20 37 20 30 24
internal_value=-0.000160225 0.00597735 0.00406708 0.054053 0.117313 -0.0646875 -0.0738518 -0.541485 -0.0585173 0.087244 -0.00703005 -0.00773417 0.0175115 -0.0881127 -0.0252858 0.4208 0.637196 0.528921 -1.01228 0.193849 0.422502 -0.257622 -0.0528164
internal_weight=40136 36650 36482 6968 3423 3486 3433 109 3324 561 3545 29514 12104 2763 17410 168 86 53 41 82 63 68 45
internal_count=40136 36650 36482 6968 3423 3486 3433 109 3324 561 3545 29514 12104 2763 17410 168 86 53 41 82 63 68 45
is_linear=0
shrinkage=0.05


Tree=58
num_leaves=23
num_cat=0
split_feature=11 17 21 25 2 24 8 10 0 18 21 23 9 25 21 3 12 24 18 5 21 23
split_gain=6201.42 6182.84 9120.19 8127.24 5617.02 5322.63 5028.91 4590.5 3976.5 5535.75 4751.13 3234.53 2870.95 3322.59 2756.76 2330.08 2266.51 1486.53 1149.45 1123.94 858.103 602.801
threshold=1.0000000180025095e-35 0.70000000000000018 0.90000000000000013 0.99548449742306444 41.500000000000007 0.30081702196488991 4.5000000000000009 -2.4999999999999996 235.50000000000003 37.70000000000001 52.000000000000021 0.52778511650980109 -1.0000000180025095e-35 0.53435276464917691 1.0000000180025095e-35 23.500000000000004 3.2765749374278212 0.83827194252655779 5.7000000000000037 217.50000000000003 69.400000000000048 0.25881904510252057
decision_type=10 10 8 2 10 2 10 8 2 10 10 2 8 2 8 10 8 2 10 8 10 2
left_child=8 4 -3 5 6 -4 7 -2 9 12 19 17 16 -14 -13 -8 -1 -6 21 -10 -20 -12
right_child=1 2 3 -5 11 -7 15 -9 10 -11 18 14 13 -15 -16 -17 -18 -19 20 -21 -22 -23
leaf_value=-0.0022064629291518108 0.085019855784824391 1.1258332833647728 0.042019507849307511 1.1036654102802277 -0.05422360040989458 0.24906374286251642 0.21733356889337305 0.0052847277028116625 -0.77777295614543718 0.73118376159667975 -0.042474006325937813 0.18490579366558213 -0.0089583150589277166 0.055690975069450477 -0.0023296970774719277 0.98056346952915208 -0.041988951824407365 -0.2024685783301434 -0.18867587246000769 -0.31470151513814931 0.20924431157431433 -0.32634505864646701
leaf_weight=5698 2987 22 1340 20 2573 404 20 4562 38 25 32 237 8467 2597 1153 20 9633 181 20 20 42 45
leaf_count=5698 2987 22 1340 20 2573 404 20 4562 38 25 32 237 8467 2597 1153 20 9633 181 20 20 42 45
internal_value=-0.000152214 0.0274253 0.114093 0.101475 0.0142328 0.0899816 0.0397972 0.0368344 -0.0141591 -0.0124903 -0.237966 -0.0325839 -0.0131946 0.0062165 0.0295946 0.598949 -0.0272032 -0.0639666 -0.0793522 -0.618093 0.080883 -0.208373
internal_weight=40136 13519 1786 1764 11733 1744 7589 7549 26617 26420 197 4144 26395 11064 1390 40 15331 2754 139 58 62 77
internal_count=40136 13519 1786 1764 11733 1744 7589 7549 26617 26420 197 4144 26395 11064 1390 40 15331 2754 139 58 62 77
is_linear=0
shrinkage=0.05


Tree=59
num_leaves=26
num_cat=0
split_feature=8 19 20 21 1 12 6 12 8 18 14 5 22 7 0 19 24 21 0 22 22 19 19 21 7
split_gain=5792.8 5275.6 10529 5576.69 7843.14 4623.25 4271.67 3625.94 5318.83 3915.81 7489.6 3471.92 3272.49 3953.44 16076.6 3196.13 5575.17 4731.72 3136.31 3117.35 2981.36 2903.77 2051.87 1800.58 1454.41
threshold=1.0000000180025095e-35 13.1 13.500000000000002 25.600000000000005 161.50000000000003 14.039659267204387 64.500000000000014 13.651169752056118 12.500000000000002 3.1000000000000019 23.500000000000004 18.500000000000004 -0.70710678118654735 37.500000000000007 110.50000000000001 11.500000000000004 0.83827194252655779 78.100000000000037 -20.499999999999996 0.84874750804349197 -0.52778511650980109 30.200000000000006 4.5000000000000027 29.199999999999999 127.50000000000001
decision_type=8 10 10 8 10 10 10 10 10 10 10 10 2 10 2 10 2 8 2 2 2 10 8 8 10
left_child=5 7 -3 6 -5 15 -4 8 11 19 -11 -2 13 23 -15 18 17 -17 -1 -9 -20 22 -14 -7 -23
right_child=1 2 3 4 -6 12 -8 9 -10 10 -12 -13 21 14 -16 16 -18 -19 20 -21 -22 24 -24 -25 -26
leaf_value=0.5908750937066295 0.00070688342831140181 0.95570373399517483 -0.16540400561832247 0.28873762631360289 -0.11567894544310962 -0.23452094618416003 0.53874025822927551 -0.26595737130665187 0.82915734492597126 -0.24835380965378137 0.61315621168029555 0.079598117099750176 -0.12110507712156203 0.87839302157097665 -0.02486488415634085 0.051264983455180317 0.86038309534390778 0.81700570484002444 -0.028139724804745483 0.056597468256950383 0.0051430393693598815 -0.51187689341604714 0.0056845941027437435 0.013551474921252138 -0.1110036747796195
leaf_weight=22 3517 39 210 497 158 141 24 282 21 52 49 2311 1392 61 256 513 24 21 10271 102 19508 64 414 152 35
leaf_count=22 3517 39 210 497 158 141 24 282 21 52 49 2311 1392 61 256 513 24 21 10271 102 19508 64 414 152 35
internal_value=-0.000144603 0.0402707 0.151609 0.116333 0.191184 -0.0090725 -0.0931841 0.0239585 0.0348521 -0.107416 0.169606 0.0319899 -0.0742191 0.026572 0.148948 -0.00367562 0.114884 0.0813784 -0.00589556 -0.180279 -0.00633644 -0.106493 -0.0920403 -0.105828 -0.370154
internal_weight=40136 7262 928 889 655 32874 234 6334 5849 485 101 5828 2515 610 317 30359 558 534 29801 384 29779 1905 1806 293 99
internal_count=40136 7262 928 889 655 32874 234 6334 5849 485 101 5828 2515 610 317 30359 558 534 29801 384 29779 1905 1806 293 99
is_linear=0
shrinkage=0.05


Tree=60
num_leaves=18
num_cat=0
split_feature=19 0 19 23 5 0 10 20 0 23 23 6 19 0 20 3 8
split_gain=7934.65 6365.37 5562.5 11457.8 7033.4 4866.33 5928.6 4850.85 4648.95 4081.59 2994.89 3612.84 3127.58 2389.23 1446.23 1109.05 486.619
threshold=56.600000000000016 217.50000000000003 0.50000000000000011 0.13052619222005149 11.500000000000002 13.500000000000002 -3.4999999999999996 43.700000000000031 166.50000000000003 -0.93540483100319605 0.22695468355932433 137.50000000000003 12.600000000000003 243.50000000000003 36.70000000000001 255.50000000000003 -1.0000000180025095e-35
decision_type=10 2 10 2 10 2 8 10 2 2 2 10 10 2 10 8 10
left_child=1 2 5 9 -5 6 -1 -7 -2 -4 12 14 15 -14 -12 -3 -13
right_child=8 10 3 4 -6 7 -8 -9 -10 -11 11 16 13 -15 -16 -17 -18
leaf_value=0.078785322298809329 1.2413475394248963 -0.17736190551636266 0.071431371506191124 -0.0091652696331219006 0.13147436975102786 -0.025993799403467573 -0.0036009301602300718 0.54708740205780881 0.17618829742783593 -0.040826102687251939 -0.48049984776483079 -0.068071993557261498 0.47983905362586188 -0.066165592024723691 -0.96920651284356918 -0.56878303831273858 -0.31227419569211851
leaf_weight=2870 20 102 1023 1222 3262 18329 9131 37 21 3884 41 51 33 51 24 22 34
leaf_count=2870 20 102 1023 1222 3262 18329 9131 37 21 3884 41 51 33 51 24 22 34
internal_value=0.000561381 -0.000149156 0.0017408 0.0353716 0.0931466 -0.00865954 0.0161015 -0.0248393 0.695778 -0.0174229 -0.21004 -0.380336 -0.0872303 0.148336 -0.660945 -0.246808 -0.165753
internal_weight=40157 40116 39758 9391 4484 30367 12001 18366 41 4907 358 150 208 84 65 124 85
internal_count=40157 40116 39758 9391 4484 30367 12001 18366 41 4907 358 150 208 84 65 124 85
is_linear=0
shrinkage=0.05


Tree=61
num_leaves=15
num_cat=0
split_feature=19 21 19 19 25 0 25 0 19 4 15 17 7 0
split_gain=7161.02 5744.82 7745.24 11304.5 6530.85 5071.57 5008.43 4195.67 4180.66 2759.46 2109.74 1387.3 1171.1 1151.13
threshold=56.600000000000016 58.500000000000064 18.699999999999999 18.900000000000002 0.90515966073569354 217.50000000000003 0.53435276464917691 166.50000000000003 36.400000000000027 84.500000000000014 1.0000000180025095e-35 11.700000000000003 95.500000000000014 88.500000000000014
decision_type=10 10 10 10 2 2 2 2 10 10 10 8 10 2
left_child=1 2 5 -4 -5 6 -1 -2 11 -10 -11 13 -7 -3
right_child=7 8 3 4 -6 12 -8 -9 9 10 -12 -13 -14 -15
leaf_value=-0.01186698336912056 1.1792801356315612 -0.28778844257550584 1.3074136933400518 0.19234536580319908 -0.24404652576870289 -0.49322403451161723 0.027165618094638452 0.16737888008356094 -0.95033025015955386 -0.71964637516509922 -0.10585561819551957 0.27688592549251473 -0.17897282387056049 -0.081619202456621187
leaf_weight=26899 20 84 21 601 100 56 11834 21 23 21 42 23 63 349
leaf_count=26899 20 84 21 601 100 56 11834 21 23 21 42 23 63 349
internal_value=0.000533312 -0.000141698 0.00207264 0.164336 0.130093 -0.000942754 5.85531e-05 0.660989 -0.161821 -0.481583 -0.310453 -0.101515 -0.326856 -0.121615
internal_weight=40157 40116 39574 722 701 38852 38733 41 542 86 63 456 119 433
internal_count=40157 40116 39574 722 701 38852 38733 41 542 86 63 456 119 433
is_linear=0
shrinkage=0.05


Tree=62
num_leaves=17
num_cat=0
split_feature=19 0 19 25 12 21 25 23 13 23 6 19 2 7 13 8
split_gain=6523.96 5210.3 5147.23 10948.3 11068.4 6153.6 4337.33 9872 6745.67 2828.65 2962.73 2867.23 2134.37 1264.69 905.105 455.043
threshold=59.500000000000007 217.50000000000003 12.800000000000002 -0.92260537345622995 45.602965798123435 58.500000000000064 0.38963044953078785 0.22695468355932433 102.50000000000001 0.22695468355932433 137.50000000000003 12.600000000000003 251.50000000000003 75.500000000000014 292.50000000000006 -1.0000000180025095e-35
decision_type=10 2 10 2 8 10 2 2 10 2 10 10 10 8 8 10
left_child=1 2 6 4 -4 -5 8 -8 -1 11 13 14 -13 -11 -3 -12
right_child=-2 9 3 5 -6 -7 7 -9 -10 10 15 12 -14 -15 -16 -17
leaf_value=-0.0070653464657623975 0.7141441382467747 -0.11649262667633593 0.65008787616537322 0.076663188364232318 -0.25246429334987297 -0.28993725853891472 -0.015316903024858093 0.071019567645479495 -0.10782762058747444 -0.87460730465558856 -0.062736174736318054 0.42530702152886452 -0.07504138864497556 -0.4288271375545642 -0.39382656837503116 -0.29888258278369906
leaf_weight=22883 32 76 149 1160 44 127 7919 5690 1791 26 51 39 47 41 48 34
leaf_count=22883 32 76 149 1160 44 127 7919 5690 1791 26 51 39 47 41 48 34
internal_value=0.000506646 -6.24852e-05 0.00165664 0.09315 0.444325 0.0404874 -0.00188044 0.0207809 -0.0143793 -0.188896 -0.353179 -0.0699861 0.151861 -0.601816 -0.223848 -0.157195
internal_weight=40157 40125 39763 1480 193 1287 38283 13609 24674 362 152 210 86 67 124 85
internal_count=40157 40125 39763 1480 193 1287 38283 13609 24674 362 152 210 86 67 124 85
is_linear=0
shrinkage=0.05


Tree=63
num_leaves=15
num_cat=0
split_feature=18 8 9 9 11 25 5 21 8 7 24 19 21 24
split_gain=6104.47 5013.02 6579.62 4872.87 4035.02 4500.78 3605.4 3867.52 3565.39 6094.84 2856.37 2245.44 1912.53 1593.66
threshold=43.400000000000013 3.5000000000000004 18.500000000000004 21.500000000000004 -1.4999999999999998 0.99962961997441069 71.500000000000014 34.699999999999996 7.5000000000000009 42.500000000000007 -0.32533907195844758 2.100000000000001 5.1000000000000023 0.56314550935064711
decision_type=10 10 10 10 8 2 10 8 10 10 2 10 10 2
left_child=1 3 6 4 11 -6 7 -3 13 -10 -8 -1 -5 -4
right_child=-2 2 8 12 5 -7 10 -9 9 -11 -12 -13 -14 -15
leaf_value=-0.054410697267101384 0.76637194317120771 0.33614706305128617 -0.3186145709017697 -0.1763953483104706 0.0039815246281991205 0.23296177822501504 -0.096596861156004091 0.89611233309620908 0.46603546871526824 -0.19223974542275293 0.54583158890406291 0.017841182513682743 -0.8449388970499454 0.10646276700085607
leaf_weight=4846 26 116 92 20 33138 216 62 42 74 67 24 1382 23 29
leaf_count=4846 26 116 92 20 33138 216 62 42 74 67 24 1382 23 29
internal_value=0.000481314 -1.48899e-05 0.156368 -0.00201185 -0.00143394 0.0054644 0.3432 0.484999 -0.0176281 0.153238 0.0826855 -0.0383779 -0.533988 -0.216737
internal_weight=40157 40131 506 39625 39582 33354 244 158 262 141 86 6228 43 121
internal_count=40157 40131 506 39625 39582 33354 244 158 262 141 86 6228 43 121
is_linear=0
shrinkage=0.05


Tree=64
num_leaves=16
num_cat=0
split_feature=19 0 19 21 0 0 5 7 0 6 11 6 1 21 13
split_gain=5632.17 4847.63 4666.59 6543.75 5944.91 4554.69 5067.48 4269.91 3628.05 2563.68 2176.59 1322.66 4281.15 1219.08 1035.43
threshold=56.600000000000016 217.50000000000003 0.50000000000000011 58.500000000000064 31.500000000000004 13.500000000000002 23.500000000000004 20.500000000000004 166.50000000000003 142.50000000000003 -19.499999999999996 102.50000000000001 260.50000000000006 52.000000000000021 253.50000000000003
decision_type=10 2 10 10 2 2 10 8 2 10 10 8 10 8 10
left_child=1 2 5 4 -4 6 -1 -7 -2 -5 13 12 -12 -3 -13
right_child=8 10 3 9 -6 7 -8 -9 -10 -11 11 14 -14 -15 -16
leaf_value=0.012797686736559505 1.0681411528587341 -0.75083067814509086 -0.0041672657319843983 -0.3445625849565721 0.07711462995591617 -0.0852931978310984 0.35220604311540593 -0.014239097037766211 0.1271745848513785 -0.06005243621174397 0.55098776933219706 -0.39139669742435218 -0.23312246581083357 -0.23554506505077538 -0.13871431101984141
leaf_weight=11890 20 24 4127 146 4945 2438 111 15928 21 173 27 52 49 22 184
leaf_count=11890 20 24 4127 146 4945 2438 111 15928 21 173 27 52 49 22 184
internal_value=0.000457248 -0.000141384 0.00150794 0.0323116 0.0401382 -0.0080181 0.015937 -0.0236712 0.586183 -0.190267 -0.183308 -0.135969 0.045443 -0.50439 -0.19439
internal_weight=40157 40116 39758 9391 9072 30367 12001 18366 41 319 358 312 76 46 236
internal_count=40157 40116 39758 9391 9072 30367 12001 18366 41 319 358 312 76 46 236
is_linear=0
shrinkage=0.05


Tree=65
num_leaves=22
num_cat=0
split_feature=11 20 0 7 4 23 12 19 18 9 0 22 10 8 19 9 9 19 21 9 0
split_gain=4641.72 4283.17 7050.95 8406.81 36624.6 5445.21 5034.05 6022.14 3849.58 3483.94 3238.59 3032.27 2906.58 3419.59 2899.16 2872.17 2867.09 2603.5 2420 984.615 982.703
threshold=-2.4999999999999996 8.100000000000005 112.50000000000001 32.500000000000007 25.500000000000004 -0.95642797789208678 16.929921454812796 4.3000000000000034 4.1000000000000023 9.5000000000000018 -18.499999999999996 -0.77259657388510594 117.50000000000001 2.5000000000000004 39.70000000000001 32.500000000000007 -9.4999999999999982 36.800000000000011 13.800000000000001 1.5000000000000002 -20.499999999999996
decision_type=8 10 2 10 10 2 10 10 10 10 2 2 10 10 10 10 10 8 10 8 2
left_child=12 6 3 5 -5 -3 10 19 9 -4 20 -12 13 14 16 -10 -1 18 -15 -8 -2
right_child=1 2 8 4 -6 -7 7 -9 15 -11 11 -13 -14 17 -16 -17 -18 -19 -20 -21 -22
leaf_value=0.32626776225321619 0.54465878676961776 0.26417254446877292 -0.072647530704925065 2.3157497423035758 0.18723344658770266 0.027322030157927009 -0.12790750492009181 0.48992935424813866 0.14956757291599332 -0.4465246300810754 -0.028673210082305736 0.0084620813226653682 -0.53307153405621654 0.53156930378505163 -0.49094886947900823 -0.27408921310435169 -0.06326535824970364 0.74568538325173517 -0.13418041467666628 -0.30892959283777033 0.18183036475495351
leaf_weight=48 22 272 890 21 537 2250 791 39 307 67 7111 24221 32 21 39 46 2976 21 39 83 123
leaf_count=48 22 272 890 21 537 2250 791 39 307 67 7111 24221 32 21 39 46 2976 21 39 83 123
internal_value=-0.000958274 0.00404959 0.0503964 0.0917223 0.267339 0.0528666 -0.00223205 -0.117972 -0.0467666 -0.0988228 0.00112503 3.39868e-05 -0.0589524 -0.0541268 -0.0626065 0.0943602 -0.0570823 0.266535 0.098832 -0.145098 0.23688
internal_weight=39956 36780 4390 3080 558 2522 32390 913 1310 957 31477 31332 3176 3144 3063 353 3024 81 60 874 145
internal_count=39956 36780 4390 3080 558 2522 32390 913 1310 957 31477 31332 3176 3144 3063 353 3024 81 60 874 145
is_linear=0
shrinkage=0.05


Tree=66
num_leaves=20
num_cat=0
split_feature=16 20 24 24 12 7 8 25 25 23 23 23 14 9 19 25 10 12 23
split_gain=4290.4 6114.55 10199 7177.1 4531.26 5723.41 4482.72 4209.19 9839.3 5122.28 3548.53 3310.23 3699.53 3274.79 3502.67 1968.97 995.409 636.804 764.54
threshold=3.8000000000000007 12.099999999999998 0.70555747466671093 -0.98211651112579557 14.039659267204387 -10.499999999999998 3.5000000000000004 0.53435276464917691 0.5488226286565131 -0.77259657388510616 -0.097964660725097338 0.84874750804349197 6.5000000000000009 60.500000000000007 53.70000000000001 0.78827585631460517 4.5000000000000009 5.1725352149457491 -0.3520614488341256
decision_type=10 10 2 2 10 8 10 2 2 2 2 2 8 10 10 2 10 8 2
left_child=4 16 3 -3 6 -6 7 9 -9 -1 -5 12 -8 14 -7 -13 17 18 -2
right_child=1 2 -4 10 5 13 11 8 -10 -11 -12 15 -14 -15 -16 -17 -18 -19 -20
leaf_value=0.03101509405620273 0.076643333083484325 1.0726266066233316 1.1839103855468609 -0.10093067783104666 0.67956678661016323 -0.065112157064565968 -0.17231845670828114 0.47206222425267952 0.022218575355162723 -0.022380084601989744 0.23974865900550021 0.16709641718771309 0.47308058913648132 -0.58521935840447747 0.51759892300917554 -0.33461595493735691 -0.41855024645725891 0.13406993259986241 -0.21646504922680659
leaf_weight=5826 32 21 27 118 26 3176 27 123 10364 19610 217 48 125 30 26 33 24 30 73
leaf_count=5826 32 21 27 118 26 3176 27 123 10364 19610 217 48 125 30 26 33 24 30 73
internal_value=-0.00091036 0.138808 0.247014 0.175957 -0.00283169 -0.0593083 0.00225739 0.000839502 0.0274947 -0.0101502 0.119748 0.220862 0.358437 -0.0652522 -0.0603806 -0.0373049 -0.121839 -0.0690908 -0.127137
internal_weight=39956 542 383 356 39414 3258 36156 35923 10487 25436 335 233 152 3232 3202 81 159 135 105
internal_count=39956 542 383 356 39414 3258 36156 35923 10487 25436 335 233 152 3232 3202 81 159 135 105
is_linear=0
shrinkage=0.05


Tree=67
num_leaves=20
num_cat=0
split_feature=11 20 0 25 11 12 19 0 13 25 18 5 19 19 7 25 24 2 25
split_gain=4168.54 3476.59 5769.48 12927.8 5826.57 4275.53 4660.4 3199.27 3978.42 3561.57 3133.14 3345.91 2746.77 3706.51 2745.15 2442.93 5874.32 3082.29 883.898
threshold=-1.4999999999999998 8.100000000000005 112.50000000000001 0.99164058729498161 11.500000000000002 16.929921454812796 4.3000000000000034 -7.4999999999999991 -3.4999999999999996 0.098816478347602058 4.1000000000000023 109.50000000000001 55.899999999999999 45.500000000000021 31.500000000000004 0.70252747416915695 0.45972848220565493 95.500000000000014 0.97308229207007246
decision_type=8 10 2 2 10 10 10 2 10 2 10 8 10 10 8 2 2 10 2
left_child=12 5 3 4 -3 7 18 8 -2 -9 11 -4 13 15 -12 17 -17 -1 -7
right_child=1 2 10 -5 -6 6 -8 9 -10 -11 14 -13 -14 -15 -16 16 -18 -19 -20
leaf_value=-0.037813904946330051 0.022424514573392493 0.066172724641064926 -0.36455829518288374 1.0884336678776891 0.53821337163212035 -0.14690436786016314 0.45306206818137851 -0.019238654297320579 0.17419061842610592 0.017448719608855166 0.31974617964237612 -0.056757205029929786 0.53286427238157819 -0.64752636814117437 -0.0038403500685350853 -0.027539906561074426 0.22992656594646205 -0.14813832593947077 0.12976635018984478
leaf_weight=4004 1762 2691 100 32 67 765 35 13640 572 12845 93 754 21 25 222 1278 268 752 30
leaf_count=4004 1762 2691 100 32 67 765 35 13640 572 12845 93 754 21 25 222 1278 268 752 30
internal_value=-0.000864842 0.00615404 0.0501627 0.0892333 0.07764 0.000277612 -0.111604 0.00349986 0.0596183 -0.00144559 -0.0430855 -0.0927995 -0.0380247 -0.0399195 0.0916947 -0.0375091 0.0170921 -0.055258 -0.136464
internal_weight=39956 33608 3959 2790 2758 29649 830 28819 2334 26485 1169 854 6348 6327 315 6302 1546 4756 795
internal_count=39956 33608 3959 2790 2758 29649 830 28819 2334 26485 1169 854 6348 6327 315 6302 1546 4756 795
is_linear=0
shrinkage=0.05


Tree=68
num_leaves=10
num_cat=0
split_feature=10 19 21 17 19 25 25 21 3
split_gain=3913.66 5200.29 4321.29 5682.41 5279.24 6666.18 4166.96 4011.26 2370.08
threshold=114.50000000000001 57.899999999999999 54.200000000000031 24.400000000000006 11.500000000000004 0.90515966073569354 0.098816478347602058 52.900000000000027 127.50000000000001
decision_type=10 10 10 10 10 2 2 10 8
left_child=1 2 4 8 6 -6 -1 -2 -4
right_child=7 -3 3 -5 5 -7 -8 -9 -10
leaf_value=-0.017572276022616146 -0.82308844302234974 0.61782745499273439 -0.26345146409151232 -0.93251266025361557 0.13173658193717644 -0.16301727432030935 0.015871759020953766 0.097349367067217835 -0.046690186513272315
leaf_weight=20463 29 34 165 21 1372 223 17094 20 535
leaf_count=20463 29 34 165 21 1372 223 17094 20 535
internal_value=-0.0008216 -0.000273267 -0.000800326 -0.122096 0.00143339 0.0905265 -0.00235028 -0.4474 -0.0977839
internal_weight=39956 39907 39873 721 39152 1595 37557 49 700
internal_count=39956 39907 39873 721 39152 1595 37557 49 700
is_linear=0
shrinkage=0.05


Tree=69
num_leaves=29
num_cat=0
split_feature=4 23 25 25 25 5 25 19 0 14 17 0 8 21 22 10 19 5 10 21 11 21 12 7 13 19 2 7
split_gain=3871.9 6022.7 12746.6 17297.3 23312.7 7542.76 7116.53 6993.95 5425.96 4878.19 18487.6 16810.6 4174.54 4226.5 4179.52 3783.4 4639.06 5043.65 3621.24 5448.9 3389.45 2750.35 1850.92 1828.07 1010.89 936.298 853.016 476.672
threshold=68.500000000000014 0.097964660725097227 0.70252747416915695 0.88999460902669758 0.87377473702374975 52.500000000000007 -0.15855351192338588 39.200000000000017 121.50000000000001 63.500000000000007 0.90000000000000013 65.500000000000014 3.5000000000000004 50.10000000000003 -0.72947329433276231 27.500000000000004 6.5000000000000044 251.50000000000003 16.500000000000004 34.699999999999996 6.5000000000000009 44.800000000000011 8.1295733213378458 9.5000000000000018 185.50000000000003 13.600000000000003 76.500000000000014 69.500000000000014
decision_type=10 2 2 2 2 8 2 10 2 10 10 2 10 10 2 10 10 10 10 10 10 8 8 8 10 10 10 8
left_child=9 15 5 4 -4 6 -3 -7 -5 12 26 -12 13 14 -1 16 22 -18 20 -20 -14 25 -2 -15 -23 -17 27 -11
right_child=1 2 3 8 -6 7 -8 -9 -10 10 11 -13 18 23 -16 21 17 -19 19 -21 -22 24 -24 -25 -26 -27 -28 -29
leaf_value=-0.027369707723298699 -0.039283809664363588 0.059216833069193654 0.21390292913657272 -0.020182726578054172 1.289255654839454 -0.062973867028004296 1.1295384912490845 -0.62449532569500443 -0.67628034082326027 0.27877005054837184 -0.082204447103583295 1.6304517269134522 1.0217332666570491 -0.6725884854793549 0.015127259713308961 -0.33500271351350586 0.050315364025056236 0.79409918598830709 -0.059844648521957977 0.46661773914737364 0.2671647789037746 -0.34867840245027437 -0.10777153268547889 -0.19105891439910622 0.051324788221557227 -0.63526053382527259 -0.20745834263192642 0.02792898546518285
leaf_weight=7712 1780 41 756 699 54 2044 25 57 33 21 23 38 22 27 23162 68 453 24 165 70 46 22 2213 73 56 42 37 193
leaf_count=7712 1780 41 756 699 54 2044 25 57 33 21 23 38 22 27 23162 68 453 24 165 70 46 22 2213 73 56 42 37 193
internal_value=-0.00078052 -0.0310235 0.0165158 0.126398 0.285593 -0.0616744 0.464642 -0.0782079 -0.0497609 0.00722995 0.203958 0.984696 0.00526751 0.00346081 0.00451196 -0.0688772 -0.0596359 0.0877384 0.189956 0.0969739 0.51129 -0.288606 -0.0772411 -0.321072 -0.0614966 -0.449647 0.0142172 0.0525442
internal_weight=39956 8367 3709 1542 810 2167 66 2101 732 31589 312 61 31277 30974 30874 4658 4470 477 303 235 68 188 3993 100 78 110 251 214
internal_count=39956 8367 3709 1542 810 2167 66 2101 732 31589 312 61 31277 30974 30874 4658 4470 477 303 235 68 188 3993 100 78 110 251 214
is_linear=0
shrinkage=0.05


Tree=70
num_leaves=19
num_cat=0
split_feature=8 23 4 10 20 19 18 0 19 5 23 25 22 5 5 3 3 3
split_gain=4639.12 4730.44 3830.15 3794.51 7519.99 58720.2 6004.8 3883.58 3643.44 3153.28 3904.28 2966.74 2469.04 2458.46 2076.98 1913.7 366.689 328.08
threshold=2.5000000000000004 -0.97335555334614932 4.5000000000000009 21.500000000000004 4.7000000000000028 4.5000000000000027 36.500000000000007 180.50000000000003 0.3000000000000001 8.5000000000000018 -0.41248606129204524 0.1839915361961291 0.5277851165098012 209.50000000000003 129.50000000000003 166.50000000000003 1.0000000180025095e-35 -5.4999999999999991
decision_type=10 2 8 10 10 10 10 2 10 8 2 2 2 10 10 10 10 8
left_child=3 -2 16 6 5 15 7 8 -1 -4 -11 12 -6 -9 -13 -5 17 -3
right_child=1 2 9 4 11 -7 -8 13 -10 10 -12 14 -14 -15 -16 -17 -18 -19
leaf_value=-0.0073702177991697947 0.65257621006323741 -0.30596954588379183 0.68520343018074836 -0.23288374436414166 -0.017938694750402599 2.6226469357808431 0.80728819525760154 -0.24459174141465201 0.029080547418341721 -0.11321879989250444 0.16390562760748578 -0.49391942019541324 -0.39341848050394368 -0.044017536961713559 -0.081650160780797398 0.2753424052681242 -0.45031422734260557 -0.040822547972202305
leaf_weight=29145 39 28 24 157 149 21 23 252 8964 163 577 141 62 388 39 21 20 20
leaf_count=29145 39 28 24 157 149 21 23 252 8964 163 577 141 62 388 39 21 20 20
internal_value=0.000242396 0.114379 0.0891513 -0.00228322 -0.12813 0.122086 -0.000368185 -0.00084758 0.00120373 0.121157 0.102863 -0.255478 -0.128269 -0.122994 -0.404594 -0.172924 -0.270439 -0.195492
internal_weight=40233 871 832 39362 590 199 38772 38749 38109 764 740 391 211 640 180 178 68 48
internal_count=40233 871 832 39362 590 199 38772 38749 38109 764 740 391 211 640 180 178 68 48
is_linear=0
shrinkage=0.05


Tree=71
num_leaves=9
num_cat=0
split_feature=8 18 11 8 23 11 10 8
split_gain=4506.77 3704.98 3655.12 4456.88 4746.18 3659.93 2516.41 2213.65
threshold=14.500000000000002 43.70000000000001 27.500000000000004 2.5000000000000004 -0.93540483100319605 -2.4999999999999996 68.500000000000014 9.5000000000000018
decision_type=10 10 10 10 2 8 10 10
left_child=1 2 3 5 -5 -1 -2 -4
right_child=6 -3 7 4 -6 -7 -8 -9
leaf_value=-0.055118420958241092 0.8037054689118156 0.63406853027965715 -0.69576904018719998 0.55477662960324314 0.084032076431660135 0.001968069563403453 0.073928423296837575 -0.077612005440252166
leaf_weight=3043 27 23 30 58 697 36306 21 28
leaf_count=3043 27 23 30 58 697 36306 21 28
internal_value=0.000230276 -0.000348086 -0.000711404 -0.000137772 0.120195 -0.00244663 0.484428 -0.397348
internal_weight=40233 40185 40162 40104 755 39349 48 58
internal_count=40233 40185 40162 40104 755 39349 48 58
is_linear=0
shrinkage=0.05


Tree=72
num_leaves=16
num_cat=0
split_feature=8 9 8 4 6 4 7 6 12 25 9 10 20 4 21
split_gain=4067.36 4003.8 8016.85 4928.48 7376.93 3240.26 3214.54 3559.39 3540.85 2901.93 2893.87 2271.06 1847.1 1713.67 1033.29
threshold=14.500000000000002 19.500000000000004 2.5000000000000004 11.500000000000002 9.5000000000000018 187.50000000000003 143.50000000000003 36.500000000000007 15.037576130403924 0.99962961997441069 1.5000000000000002 68.500000000000014 29.899999999999988 54.500000000000007 9.1000000000000032
decision_type=10 10 10 10 10 10 8 8 10 2 8 10 8 10 10
left_child=1 2 5 14 -5 9 7 12 -8 -1 -7 -2 -3 -9 -4
right_child=11 6 3 4 -6 10 8 13 -10 -11 -12 -13 -14 -15 -16
leaf_value=-0.00093849013581111327 0.76352018471117378 -0.21189110996936891 0.030514462648288294 0.78400007865186472 0.1843097988896224 -0.073424352936823159 0.64784438501704822 -0.88709970418363815 -0.19980972574225495 0.15755449258032275 -0.40941783578830288 0.070231992822317846 0.21887987453389812 -0.37740799415202697 -0.26556961742731244
leaf_weight=38317 27 76 68 59 392 658 22 20 28 291 71 21 37 94 52
leaf_count=38317 27 76 68 59 392 658 22 20 28 291 71 21 37 94 52
internal_value=0.000218762 -0.000330682 0.000984192 0.186989 0.262762 -0.00171578 -0.189768 -0.269707 0.173158 0.000256119 -0.106148 0.460207 -0.0708422 -0.466828 -0.0977886
internal_weight=40233 40185 39908 571 451 39337 277 227 50 38608 729 48 113 114 120
internal_count=40233 40185 39908 571 451 39337 277 227 50 38608 729 48 113 114 120
is_linear=0
shrinkage=0.05


Tree=73
num_leaves=16
num_cat=0
split_feature=18 8 9 4 6 9 8 9 4 19 9 20 6 25 18
split_gain=3756.97 3390.87 4762.83 4784.79 5110.77 4439.16 4255.28 3362.54 2871.04 3184.28 2597.08 2264.52 1694.22 1095.03 947.22
threshold=43.70000000000001 2.5000000000000004 15.500000000000002 11.500000000000002 9.5000000000000018 9.5000000000000018 5.5000000000000009 35.500000000000007 187.50000000000003 1.0000000180025095e-35 1.5000000000000002 30.100000000000001 2.5000000000000004 0.91586428826728705 2.9000000000000017
decision_type=10 10 10 10 8 10 10 10 10 10 8 8 8 2 10
left_child=1 5 3 14 -5 8 11 -8 9 -1 -10 -4 -7 -14 -3
right_child=-2 2 6 4 -6 12 7 -9 10 -11 -12 -13 13 -15 -16
leaf_value=-0.0091829179486788252 0.61295902395248414 0.0080145657062530521 -0.33487777266056601 0.81229235048210902 0.22906163555855305 0.20141298055648804 0.28058127477962636 -0.10490149797288457 -0.069753135203052666 0.021598284307931686 -0.39875375084353215 0.050697979876505476 -0.23350146789501192 -0.5838275813139403 -0.33043568975159099
leaf_weight=26019 25 79 119 43 297 20 132 99 658 12409 66 56 157 26 28
leaf_count=26019 25 79 119 43 297 20 132 99 658 12409 66 56 157 26 28
internal_value=0.000207824 -0.000173164 0.0984536 0.211053 0.302823 -0.00231085 -0.025517 0.115374 -0.00110167 0.000756812 -0.0997449 -0.211494 -0.235522 -0.283275 -0.0805519
internal_weight=40233 40208 853 447 340 39355 406 231 39152 38428 724 175 203 183 107
internal_count=40233 40208 853 447 340 39355 406 231 39152 38428 724 175 203 183 107
is_linear=0
shrinkage=0.05


Tree=74
num_leaves=15
num_cat=0
split_feature=8 9 8 4 14 18 7 9 6 10 7 20 7 23
split_gain=3653.03 3583.12 6052.28 3805.26 5906.55 3087.37 5962.76 3070.25 2718.02 1999 1793.21 2962.2 1880.42 967.635
threshold=14.500000000000002 21.500000000000004 2.5000000000000004 11.500000000000002 13.500000000000002 34.300000000000004 64.500000000000014 9.5000000000000018 138.50000000000003 68.500000000000014 38.500000000000007 2.5000000000000013 74.500000000000014 -0.81241147629688992
decision_type=10 10 10 10 10 10 8 10 8 10 8 8 10 2
left_child=1 2 5 13 -5 7 -7 -1 10 -2 11 -3 -12 -4
right_child=9 8 3 4 -6 6 -8 -9 -10 -11 12 -13 -14 -15
leaf_value=-0.0011617953671027238 0.72069359995700699 0.34208237171173095 0.21596720905176234 0.53996884902049824 0.1251257718394285 1.0597675174474717 -0.054791292200485869 -0.20700159244198396 0.24669156670570375 0.070256284234069641 -0.67217005928111984 -0.268950061868721 -0.18236220615605514 -0.15705558261511351
leaf_weight=39112 27 25 21 111 378 20 30 182 30 21 43 96 36 101
leaf_count=39112 27 25 21 111 378 20 30 182 30 21 43 96 36 101
internal_value=0.000197433 -0.000323275 0.00080951 0.156967 0.219293 -0.00161557 0.391032 -0.00211519 -0.197108 0.436127 -0.263677 -0.142704 -0.448966 -0.0928467
internal_weight=40233 40185 39955 611 489 39344 50 39294 230 48 200 121 79 122
internal_count=40233 40185 39955 611 489 39344 50 39294 230 48 200 121 79 122
is_linear=0
shrinkage=0.05


Tree=75
num_leaves=19
num_cat=0
split_feature=1 19 22 18 5 18 25 17 6 23 19 10 11 19 20 2 23 6
split_gain=3644.56 5659.84 10921.6 4473.22 4453.57 4737.38 4411.98 16723.8 3528.64 4274.69 3521.68 3214.47 3049.7 2310.95 12073.3 1991.07 1276.96 601.052
threshold=140.50000000000003 44.300000000000011 0.81241147629689026 36.70000000000001 100.50000000000001 29.300000000000004 0.99962961997441069 0.90000000000000013 67.500000000000014 0.63405362205439486 30.700000000000006 49.500000000000007 1.0000000180025095e-35 2.7000000000000015 4.900000000000003 260.50000000000006 0.44228869021900113 94.500000000000014
decision_type=10 10 2 10 8 10 2 10 10 2 10 10 10 10 8 8 2 10
left_child=1 3 -3 6 8 13 12 -8 9 10 -2 17 -1 15 -15 -6 -13 -10
right_child=4 2 -4 -5 5 -7 7 -9 11 -11 -12 16 -14 14 -16 -17 -18 -19
leaf_value=-0.0084375186010028635 -0.41909872003584758 -0.028010354382105362 1.3457575766936594 0.73304218962079004 -0.085552097065907301 0.55729658197272902 0.089722464807054481 1.5606743823914302 -0.39261111970301027 0.4250386506319046 0.13841474288631053 -0.51119286701792765 0.021695968944917023 1.2324492937326432 -0.013384560054917602 -0.57746736605962112 -1.04007373046875 -0.055792916594789577
leaf_weight=25030 87 39 23 21 1006 33 242 21 27 30 42 21 12635 20 703 21 25 26
leaf_count=25030 87 39 23 21 1006 33 242 21 27 30 42 21 12635 20 703 21 25 26
internal_value=0.000784769 0.00427977 0.481613 0.00349992 -0.0643052 -0.0362096 0.00309598 0.207175 -0.258469 -0.11256 -0.237583 -0.492808 0.00167098 -0.0474015 0.0210783 -0.0956107 -0.798628 -0.22738
internal_weight=40052 38011 62 37949 2041 1783 37928 263 258 159 129 99 37665 1750 723 1027 46 53
internal_count=40052 38011 62 37949 2041 1783 37928 263 258 159 129 99 37665 1750 723 1027 46 53
is_linear=0
shrinkage=0.05


Tree=76
num_leaves=27
num_cat=0
split_feature=1 19 25 4 6 19 6 25 25 0 19 0 5 18 2 6 10 13 19 20 24 0 7 0 12 22
split_gain=3289.22 5141.62 8163.66 13107.4 14204.9 7935.51 13606.2 9497.49 4137.65 5237.4 5258.54 4132.54 4019.35 4275.48 3284.05 3184.6 2901.05 2865.64 2085.64 10896.2 2034.71 1818.79 1622.18 1577.24 957.099 846.757
threshold=140.50000000000003 12.900000000000006 -0.92260537345622995 9.5000000000000018 4.5000000000000009 13.600000000000003 44.500000000000007 0.90515966073569354 -0.52705818521824699 -10.499999999999998 1.0000000180025095e-35 -17.499999999999996 100.50000000000001 29.300000000000004 11.500000000000002 67.500000000000014 49.500000000000007 215.50000000000003 2.7000000000000015 4.900000000000003 -0.38962684145003684 240.50000000000003 -16.499999999999996 -20.499999999999996 31.90509846127885 0.88144907265856365
decision_type=10 10 2 10 8 10 10 2 2 2 8 2 8 10 10 10 10 10 10 8 2 2 10 2 10 2
left_child=1 8 3 22 -5 6 -4 -7 11 -10 -11 23 15 18 -13 17 24 20 21 -20 -2 -14 -3 -1 -17 -18
right_child=12 2 5 4 -6 7 -8 -9 9 10 -12 14 13 -15 -16 16 25 -19 19 -21 -22 -23 -24 -25 -26 -27
leaf_value=0.55174979257583623 0.047140333330144696 -0.13657223393674942 0.10971040667841832 1.2858369153738023 -0.095154254745554057 0.078547338326086943 1.3850509558258386 -0.34056470641502884 0.61467901083330323 -0.0052029939299019327 0.042963130770470842 -0.0079145650484035972 -0.077261784064886208 0.52943175037701928 -0.063850623100083229 -0.0075061183905711891 -0.94684438613744892 0.34249049923543273 1.1708268184214832 -0.012715331325771163 -0.36104025112200577 -0.41713401057371285 0.30901555309693024 0.1336663951329258 -0.43253442587760782 -0.51410474255681038
leaf_weight=25 49 64 75 60 27 769 29 164 36 16673 8584 7072 986 33 4172 27 26 29 20 703 81 41 30 231 26 20
leaf_count=25 49 64 75 60 27 769 29 164 36 16673 8584 7072 986 33 4172 27 26 29 20 703 81 41 30 231 26 20
internal_value=0.00074553 0.00406578 0.105136 0.414977 0.857253 0.051056 0.465334 0.00487705 0.000719934 0.012026 0.011167 -0.0241466 -0.0610899 -0.0343992 -0.0286692 -0.245546 -0.468168 -0.106932 -0.0450314 0.0200244 -0.207188 -0.0908302 0.00563663 0.174495 -0.216011 -0.758697
internal_weight=40052 38011 1218 181 87 1037 104 933 36793 25293 25257 11500 2041 1783 11244 258 99 159 1750 723 130 1027 94 256 53 46
internal_count=40052 38011 1218 181 87 1037 104 933 36793 25293 25257 11500 2041 1783 11244 258 99 159 1750 723 130 1027 94 256 53 46
is_linear=0
shrinkage=0.05


Tree=77
num_leaves=24
num_cat=0
split_feature=11 7 24 25 23 17 9 7 19 17 22 18 25 18 0 19 18 5 25 17 6 25 22
split_gain=3114.64 3229.32 4537.86 8570.76 15779.3 8925.28 7139.64 3848.55 14980.1 5045.56 3569.61 4703.18 3012.59 2890.59 2560.87 3068.17 14720.8 2914.87 2500.75 2482.59 2392.94 2096.72 1372.63
threshold=1.0000000180025095e-35 40.500000000000007 0.41327478071396911 0.82392300575755406 0.22695468355932433 3.1000000000000014 15.500000000000002 33.500000000000007 19.300000000000001 4.3000000000000016 -0.5 17.100000000000005 0.98662138620987927 37.70000000000001 139.50000000000003 13.1 1.0000000180025095e-35 72.500000000000014 -0.73829900574246976 12.900000000000004 57.500000000000007 0.84750952922804634 0.25881904510252091
decision_type=10 10 2 2 2 10 10 10 10 10 2 10 2 10 2 10 8 8 2 10 10 2 2
left_child=13 7 6 5 -5 -4 19 10 9 -9 11 -2 -12 14 15 18 -17 20 -1 -3 -16 -19 -8
right_child=1 2 3 4 -6 -7 22 8 -10 -11 12 -13 -14 -15 17 16 -18 21 -20 -21 -22 -23 -24
leaf_value=-0.037186864168266845 -0.010574396486678106 -0.034553268698649976 -0.044437794533252341 -0.10281541522076031 0.6122198111018432 0.6634853090536087 -0.84607310914076295 0.076962471714380171 1.3795782029628754 0.73045333400969548 0.046606890152167242 -0.5439824989154225 0.30753007945336769 0.52812746667861943 -0.18946801895896595 1.4072314690975916 0.058651407343325405 -0.083588899721312782 7.7159444572872057e-05 0.42219205021858219 -0.75580025074036372 0.1092301340568011 -0.37201738846865862
leaf_weight=5933 2571 3579 845 138 175 47 26 626 24 31 5264 42 113 25 66 21 556 1044 18670 30 26 163 37
leaf_count=5933 2571 3579 845 138 175 47 26 626 24 31 5264 42 113 25 66 21 556 1044 18670 30 26 163 37
internal_value=0.000708254 0.0202103 -0.0123394 0.0718538 0.296965 -0.00713691 -0.0399681 0.0385178 0.152617 0.107797 0.0287929 -0.0191481 0.0520903 -0.00926056 -0.00976793 -0.00623618 0.107733 -0.0782279 -0.00890904 -0.0307565 -0.349518 -0.0575495 -0.567659
internal_weight=40052 13548 4877 1205 313 892 3672 8671 681 657 7990 2613 5377 26504 26479 25180 577 1299 24603 3609 92 1207 63
internal_count=40052 13548 4877 1205 313 892 3672 8671 681 657 7990 2613 5377 26504 26479 25180 577 1299 24603 3609 92 1207 63
is_linear=0
shrinkage=0.05


Tree=78
num_leaves=27
num_cat=0
split_feature=5 20 21 0 6 3 5 10 18 8 24 25 5 6 10 18 17 1 10 18 0 6 22 25 0 10
split_gain=2930.83 8025.81 11328.4 9288.32 9244.05 13113.3 10946.9 6414.21 6670.45 4773.97 3853.83 15594.5 28261.8 21464.9 5934.04 6495.18 4316.44 10200.5 3872.23 3841.27 3385.63 3169.76 3845.06 2642.74 2638.67 1659.39
threshold=53.500000000000007 20.300000000000004 20.5 49.500000000000007 30.500000000000004 60.500000000000007 -1.4999999999999998 -4.4999999999999991 7.7000000000000037 9.5000000000000018 0.45972848220565493 0.82392300575755406 131.50000000000003 137.50000000000003 25.500000000000004 32.300000000000004 3.1000000000000014 61.500000000000007 25.500000000000004 2.9000000000000017 28.500000000000004 48.500000000000007 -0.70710678118654735 0.99962961997441069 251.50000000000003 55.500000000000007
decision_type=8 10 10 2 10 10 10 8 10 10 2 2 10 10 10 10 10 10 10 10 2 10 2 2 2 10
left_child=1 7 3 -3 6 -6 -4 8 20 19 14 16 13 -13 15 23 18 -18 -12 -9 -1 25 -23 -2 -14 -16
right_child=10 2 4 -5 5 -7 -8 9 -10 -11 11 12 24 -15 21 -17 17 -19 -20 -21 -22 22 -24 -25 -26 -27
leaf_value=0.075113894098508799 -0.033147026491996842 1.498499387076923 0.63179517246105465 0.087700028419494633 -0.017681715562939643 0.86681269734081912 -0.051637970379525194 -0.0010487317589811362 0.79096327962413915 0.62437626220285891 -0.023281870049384992 0.45644881917089597 0.013169268561214899 1.6872754047733061 -0.16695067067397759 0.74693232184207003 -0.31857022836804394 0.71223023722569145 -0.35164531096816065 -0.084748220590011886 -0.040161743054981949 0.22814521342515948 -0.47850749919602242 0.16632843604366454 -0.55155578255653381 0.26909797251224521
leaf_weight=3641 9484 28 66 20 80 88 522 19936 31 30 2595 201 346 43 80 27 40 60 93 1472 772 22 154 169 22 30
leaf_count=3641 9484 28 66 20 80 88 522 19936 31 30 2595 201 346 43 80 27 40 60 93 1472 772 22 154 169 22 30
internal_value=0.000672841 0.0102451 0.165821 0.910666 0.11853 0.445625 0.0250739 0.00541222 0.0600821 -0.00592059 -0.0184386 0.0275273 0.256081 0.673357 -0.0341204 -0.0274886 -0.0226429 0.29991 -0.0346427 -0.00680385 0.0549478 -0.258581 -0.390176 -0.0296547 -0.0205915 -0.0480283
internal_weight=40052 26686 804 48 756 168 588 25882 4444 21438 13366 3400 612 244 9966 9680 2788 100 2688 21408 4413 286 176 9653 368 110
internal_count=40052 26686 804 48 756 168 588 25882 4444 21438 13366 3400 612 244 9966 9680 2788 100 2688 21408 4413 286 176 9653 368 110
is_linear=0
shrinkage=0.05


Tree=79
num_leaves=20
num_cat=0
split_feature=0 21 6 19 13 23 21 8 11 20 21 11 10 7 9 4 8 22 10
split_gain=2767.53 6520.29 12267.9 3489.15 9035.39 9004 2912.11 3658.72 4314.28 3728.04 2810.64 2779.83 2607.36 1938.58 1763.31 853.311 932.664 447.024 389.885
threshold=180.50000000000003 4.7000000000000028 104.50000000000001 44.100000000000016 111.50000000000001 -0.097964660725097338 84.600000000000009 4.5000000000000009 14.500000000000002 29.899999999999988 46.90000000000002 -29.499999999999996 17.500000000000004 107.50000000000001 -1.0000000180025095e-35 226.50000000000003 1.0000000180025095e-35 -0.70710678118654735 13.500000000000002
decision_type=2 8 10 10 8 2 10 10 10 10 10 8 10 10 10 10 10 2 10
left_child=3 2 -2 6 -5 -6 7 8 -1 -9 11 -3 -4 -13 17 18 -17 -8 -12
right_child=1 10 12 4 5 -7 14 9 -10 -11 15 13 -14 -15 -16 16 -18 -19 -20
leaf_value=0.0017718504934417225 1.4213619196414948 -0.65980627464525632 -0.30498632165518674 -0.28789990227068624 0.099199088513851175 1.5995319393277168 0.01185067758585016 0.099670817159317637 -0.68322576569474269 0.58562468512294197 -0.019247762748488675 -0.28862141479357062 0.41851028829813003 -0.06089761308894235 -0.69522777765989308 -0.054364962849086818 -0.32683801243179728 -0.25337158113400987 0.12536147964817312
leaf_weight=38707 20 33 33 31 20 20 24 222 23 48 108 198 20 177 20 181 38 47 82
leaf_count=38707 20 33 33 31 20 20 24 222 23 48 108 198 20 177 20 181 38 47 82
internal_value=0.000639199 -0.0865457 0.366204 0.00262057 0.352813 0.849366 0.00198453 0.00264374 0.00136506 0.186063 -0.126999 -0.219852 -0.0319687 -0.181136 -0.280534 -0.0343741 -0.101643 -0.163719 0.0431625
internal_weight=40052 890 73 39162 71 40 39091 39000 38730 270 817 408 53 375 91 409 219 71 190
internal_count=40052 890 73 39162 71 40 39091 39000 38730 270 817 408 53 375 91 409 219 71 190
is_linear=0
shrinkage=0.05


Tree=80
num_leaves=25
num_cat=0
split_feature=0 21 19 24 25 4 12 20 24 0 23 20 5 17 18 24 21 0 6 20 20 11 22 23
split_gain=3220.07 3045.01 3006.29 7298.09 17302.3 19295 8087.05 4786.7 6969.89 4413.29 5500.06 5522.53 4316.8 3742.54 3317.67 7023.34 2898.04 1035.44 945.081 844.352 447.437 283.115 190.558 139.609
threshold=240.50000000000003 68.900000000000105 0.90000000000000013 0.45972848220565493 0.098816478347602058 20.500000000000004 2.2641107045340614 9.6000000000000032 0.3975391329312199 13.500000000000002 -0.83146961230254512 6.1000000000000041 23.500000000000004 1.7000000000000004 0.70000000000000018 0.30081702196488991 0.3000000000000001 275.50000000000006 257.50000000000006 47.300000000000018 30.400000000000009 1.0000000180025095e-35 0.81241147629689026 -0.065403129230142895
decision_type=2 10 10 2 2 10 8 8 2 2 2 10 10 10 10 2 8 2 10 10 8 10 2 2
left_child=2 17 9 7 6 -6 -5 13 -9 10 11 -1 -12 -4 16 -16 -11 19 21 20 -2 23 -20 -3
right_child=1 18 3 4 5 -7 -8 8 -10 14 12 -13 -14 -15 15 -17 -18 -19 22 -21 -22 -23 -24 -25
leaf_value=0.071001254460680299 -0.29010110596815747 0.28207833071549737 -0.0098198160881178952 0.22346381333946699 1.0404999308086731 0.19960048375480552 -0.11614624489371424 0.054258503988935364 -0.52930949863332966 0.00060371879113826172 -0.0029472100402548151 0.53446798898053893 0.3357477247935573 -0.13452435342783328 0.065657958706192995 0.92921729463118108 -0.039193283362990355 -0.65822014001508555 -0.29147809914180212 -0.086708825612158494 -0.5688124015927315 -0.024719999704029761 -0.083155706492455114 0.10554872344558437
leaf_weight=2459 36 21 2373 230 74 873 737 3191 52 7648 9686 66 95 806 184 27 11383 24 21 33 24 24 23 24
leaf_count=2459 36 21 2373 230 74 873 737 3191 52 7648 9686 66 95 806 184 27 11383 24 21 33 24 24 23 24
internal_value=-7.79451e-05 -0.186626 0.000997824 0.0277028 0.113399 0.26531 -0.0353703 0.00216221 0.0449013 -0.0060585 0.0173262 0.0831156 0.000342435 -0.0414373 -0.0210139 0.176161 -0.0232 -0.365417 -0.00150519 -0.289855 -0.401586 0.113964 -0.182582 0.187929
internal_weight=40114 230 39884 8336 1914 947 967 6422 3243 31548 12306 2525 9781 3179 19242 211 19031 117 113 93 60 69 44 45
internal_count=40114 230 39884 8336 1914 947 967 6422 3243 31548 12306 2525 9781 3179 19242 211 19031 117 113 93 60 69 44 45
is_linear=0
shrinkage=0.05


Tree=81
num_leaves=28
num_cat=0
split_feature=4 23 21 6 9 19 22 19 6 18 19 17 20 10 18 21 10 19 23 10 10 13 8 0 7 23 4
split_gain=2919.54 5491.98 5473.66 14369.3 4687.67 6084.06 3399.44 5961.53 4954.75 9951.55 9043.8 4245.5 3094.41 2961.42 7356.69 3447.19 2121.95 3055.25 3880.09 2967.26 1936.39 1892.75 1830.39 1369.02 1163.55 753.766 704.338
threshold=68.500000000000014 0.16280825711809002 1.0000000180025095e-35 146.50000000000003 42.500000000000007 3.7000000000000011 -0.72947329433276231 42.300000000000018 71.500000000000014 1.0000000180025095e-35 2.9000000000000017 3.9000000000000017 24.899999999999991 -5.4999999999999991 6.900000000000003 31.699999999999989 27.500000000000004 22.100000000000005 -0.81241147629688992 16.500000000000004 25.500000000000004 215.50000000000003 5.5000000000000009 265.50000000000006 35.500000000000007 0.68322629814330826 94.500000000000014
decision_type=10 2 8 10 10 10 2 10 10 10 10 10 10 8 10 10 10 10 2 10 8 8 10 2 10 2 10
left_child=6 16 3 25 5 -4 8 13 11 24 -11 12 -1 14 -8 -15 17 19 -19 -2 -13 22 -18 -23 -10 -3 -6
right_child=1 2 4 -5 26 -7 7 -9 9 10 -12 20 -14 15 -16 -17 21 18 -20 -21 -22 23 -24 -25 -26 -27 -28
leaf_value=-0.024963365347295131 -0.055005852322013937 -0.15459089127502271 -0.01914814818423408 1.1729124918781424 -0.73865125060081482 0.14690711467425449 0.056634491431961843 0.65917218841301906 -0.36461820134094786 1.1213413826624554 0.10116735838708424 -0.17373197550587358 0.32423136252327822 0.0058472770239390908 0.99602302105299056 0.14483372356663224 -0.4286736521616723 0.62118224719086212 0.0031821568806966148 -0.34660805663031141 -0.59268845271679671 0.16290754031303317 0.056189385394100101 -0.28162927052070358 0.029020918499531048 0.13838102833327393 -0.31902714312076569
leaf_weight=7288 4411 42 2630 37 20 698 2764 36 21 45 42 250 64 20609 21 456 103 37 81 89 31 43 24 29 177 46 20
leaf_count=7288 4411 42 2630 37 20 698 2764 36 21 45 42 250 64 20609 21 456 103 37 81 89 31 43 24 29 177 46 20
internal_value=-7.40479e-05 -0.0264628 0.0212707 0.346164 0.00921258 0.0156795 0.00682102 0.0162327 -0.021571 0.18312 0.628844 -0.0292137 -0.0219236 0.0152623 0.0637179 0.00885596 -0.0610763 -0.0541874 0.196962 -0.0607731 -0.219951 -0.22094 -0.337046 -0.016142 -0.0127287 -0.00144648 -0.528839
internal_weight=40114 8310 3493 125 3368 3328 31804 23886 7918 285 87 7633 7352 23850 2785 21065 4817 4618 118 4500 281 199 127 72 198 88 40
internal_count=40114 8310 3493 125 3368 3328 31804 23886 7918 285 87 7633 7352 23850 2785 21065 4817 4618 118 4500 281 199 127 72 198 88 40
is_linear=0
shrinkage=0.05


Tree=82
num_leaves=24
num_cat=0
split_feature=0 21 19 14 20 7 25 7 6 25 23 24 1 13 20 19 1 6 18 6 7 10 22
split_gain=2921.81 2684.19 2647.36 8664.04 11347.6 10379.4 8017.49 5082.74 2976.22 2876.62 8261.29 16391.9 8775.03 8210.84 6386.89 2392.18 944.703 885.127 630.606 551.203 373.739 186.164 90.2396
threshold=240.50000000000003 69.400000000000048 22.700000000000006 24.500000000000004 35.100000000000001 -9.4999999999999982 -0.34155811708470757 65.500000000000014 20.500000000000004 0.53435276464917691 0.16280825711809002 1.0000000180025095e-35 -10.499999999999998 101.50000000000001 14.899999999999999 13.600000000000003 275.50000000000006 257.50000000000006 12.699999999999999 103.50000000000001 22.500000000000004 -15.499999999999998 -0.81241147629689037
decision_type=2 10 10 8 10 10 2 8 10 2 2 2 8 10 10 10 8 10 10 8 8 10 2
left_child=2 16 9 5 6 -4 -5 -6 -7 13 12 -12 -11 14 -1 -15 18 20 19 -2 -3 -19 -22
right_child=1 17 3 4 7 8 -8 -9 -10 10 11 -13 -14 15 -16 -17 -18 21 -20 -21 22 -23 -24
leaf_value=-0.0061780093578478997 0.006509330868721009 0.25072761039648739 0.60842111421858569 0.033210086966864769 0.20253200902196783 -0.18863463264120661 0.88397492852475912 -0.27299145101513494 -0.65624962245627239 1.0034944728726434 0.0010270560368345542 0.18359482606305538 -0.020168952126145931 -0.087544627395660796 0.13249503015020733 -0.29554249812043398 -0.6170444142818452 -0.078909469557845072 -0.51957318659871821 -0.29291743253375974 0.087650493308901789 -0.28481629632768179 -0.062549070157110684
leaf_weight=24059 22 28 34 40 174 92 90 83 54 21 3454 1909 6771 2095 860 148 25 23 20 51 20 21 20
leaf_count=24059 22 28 34 40 174 92 90 83 54 21 3454 1909 6771 2095 860 148 25 23 20 51 20 21 20
internal_value=-7.03455e-05 -0.177769 0.000954392 0.108224 0.24152 -0.178364 0.622201 0.0489583 -0.361588 -0.000592566 0.0196248 0.0660134 -0.0170039 -0.00963984 -0.00139215 -0.101269 -0.344179 -0.00244338 -0.270828 -0.202679 0.110624 -0.177183 0.0125507
internal_weight=40114 230 39884 567 387 180 130 257 146 39317 12155 5363 6792 27162 24919 2243 118 112 93 73 68 44 40
internal_count=40114 230 39884 567 387 180 130 257 146 39317 12155 5363 6792 27162 24919 2243 118 112 93 73 68 44 40
is_linear=0
shrinkage=0.05


Tree=83
num_leaves=13
num_cat=0
split_feature=9 8 6 5 8 3 6 10 12 10 9 12
split_gain=2695.85 4173.29 2862.94 2895.79 2603.75 3412.93 7073.38 3743.56 2826.75 4835.02 2013.86 1256.81
threshold=37.500000000000007 11.500000000000002 41.500000000000007 98.500000000000014 1.0000000180025095e-35 23.500000000000004 9.5000000000000018 3.5000000000000004 3.9248477213512811 -4.4999999999999991 -1.4999999999999998 18.353374432578025
decision_type=10 10 10 10 8 8 8 8 8 8 8 10
left_child=1 4 11 -4 8 7 -7 -6 9 -1 -10 -2
right_child=2 -3 3 -5 5 6 -8 -9 10 -11 -12 -13
leaf_value=0.069440768178640699 0.32215666827701389 0.58054077356092393 -0.82809060590962569 -0.1333739310503006 0.041913965408475612 0.26746285181475277 0.03813409838201557 -0.059318556837448536 -0.039657057818836751 -0.0032654473987730609 -0.0043695988143591189 -0.16712147912808828
leaf_weight=2741 21 31 30 30 1922 377 3110 1740 7472 13794 8811 35
leaf_count=2741 21 31 30 30 1922 377 3110 1740 7472 13794 8811 35
internal_value=-6.68282e-05 0.00063121 -0.240758 -0.480732 0.000181409 0.0275248 0.0629282 -0.00618669 -0.00577502 0.00878703 -0.0205624 0.0163578
internal_weight=40114 39998 116 60 39967 7149 3487 3662 32818 16535 16283 56
internal_count=40114 39998 116 60 39967 7149 3487 3662 32818 16535 16283 56
is_linear=0
shrinkage=0.05


end of trees

feature_importances:
Column_19=186
Column_8=131
Column_0=124
Column_18=123
Column_10=98
Column_9=94
Column_20=87
Column_6=83
Column_7=83
Column_4=80
Column_25=80
Column_11=77
Column_21=75
Column_5=68
Column_23=67
Column_24=64
Column_13=60
Column_17=54
Column_3=52
Column_12=52
Column_1=41
Column_22=39
Column_2=35
Column_14=31
Column_16=17
Column_15=6

parameters:
[boosting: gbdt]
[objective: regression]
[metric: l1]
[tree_learner: serial]
[device_type: cpu]
[data_sample_strategy: bagging]
[data: ]
[valid: ]
[num_iterations: 84]
[learning_rate: 0.05]
[num_leaves: 31]
[num_threads: 1]
[seed: 42]
[deterministic: 1]
[force_col_wise: 1]
[force_row_wise: 0]
[histogram_pool_size: -1]
[max_depth: 5]
[min_data_in_leaf: 20]
[min_sum_hessian_in_leaf: 0.001]
[bagging_fraction: 0.8]
[pos_bagging_fraction: 1]
[neg_bagging_fraction: 1]
[bagging_freq: 5]
[bagging_seed: 42]
[bagging_by_query: 0]
[feature_fraction: 0.8]
[feature_fraction_bynode: 1]
[feature_fraction_seed: 42]
[extra_trees: 0]
[extra_seed: 12879]
[early_stopping_round: 0]
[early_stopping_min_delta: 0]
[first_metric_only: 0]
[max_delta_step: 0]
[lambda_l1: 0]
[lambda_l2: 0]
[linear_lambda: 0]
[min_gain_to_split: 0]
[drop_rate: 0.1]
[max_drop: 50]
[skip_drop: 0.5]
[xgboost_dart_mode: 0]
[uniform_drop: 0]
[drop_seed: 17869]
[top_rate: 0.2]
[other_rate: 0.1]
[min_data_per_group: 100]
[max_cat_threshold: 32]
[cat_l2: 10]
[cat_smooth: 10]
[max_cat_to_onehot: 4]
[top_k: 20]
[monotone_constraints: ]
[monotone_constraints_method: basic]
[monotone_penalty: 0]
[feature_contri: ]
[forcedsplits_filename: ]
[refit_decay_rate: 0.9]
[cegb_tradeoff: 1]
[cegb_penalty_split: 0]
[cegb_penalty_feature_lazy: ]
[cegb_penalty_feature_coupled: ]
[path_smooth: 0]
[interaction_constraints: ]
[verbosity: -1]
[saved_feature_importance_type: 0]
[use_quantized_grad: 0]
[num_grad_quant_bins: 4]
[quant_train_renew_leaf: 0]
[stochastic_rounding: 1]
[linear_tree: 0]
[max_bin: 255]
[max_bin_by_feature: ]
[min_data_in_bin: 3]
[bin_construct_sample_cnt: 200000]
[data_random_seed: 42]
[is_enable_sparse: 1]
[enable_bundle: 1]
[use_missing: 1]
[zero_as_missing: 0]
[feature_pre_filter: 1]
[pre_partition: 0]
[two_round: 0]
[header: 0]
[label_column: ]
[weight_column: ]
[group_column: ]
[ignore_column: ]
[categorical_feature: ]
[forcedbins_filename: ]
[precise_float_parser: 0]
[parser_config_file: ]
[objective_seed: 16083]
[num_class: 1]
[is_unbalance: 0]
[scale_pos_weight: 1]
[sigmoid: 1]
[boost_from_average: 1]
[reg_sqrt: 0]
[alpha: 0.9]
[fair_c: 1]
[poisson_max_delta_step: 0.7]
[tweedie_variance_power: 1.5]
[lambdarank_truncation_level: 30]
[lambdarank_norm: 1]
[label_gain: ]
[lambdarank_position_bias_regularization: 0]
[eval_at: ]
[multi_error_top_k: 1]
[auc_mu_weights: ]
[num_machines: 1]
[local_listen_port: 12400]
[time_out: 120]
[machine_list_filename: ]
[machines: ]
[gpu_platform_id: -1]
[gpu_device_id: -1]
[gpu_device_id_list: ]
[gpu_use_dp: 0]
[num_gpu: 1]

end of parameters

pandas_categorical:null
