tree
version=v4
num_class=1
num_tree_per_iteration=1
label_index=0
max_feature_idx=25
objective=regression
feature_names=Column_0 Column_1 Column_2 Column_3 Column_4 Column_5 Column_6 Column_7 Column_8 Column_9 Column_10 Column_11 Column_12 Column_13 Column_14 Column_15 Column_16 Column_17 Column_18 Column_19 Column_20 Column_21 Column_22 Column_23 Column_24 Column_25
feature_infos=[-28:312] [-28:312] [-28:312] [-28:312] [-28:312] [-28:312] [-28:312] [-28:312] [-112:41] [-110:113] [-121:163] [-115:223] [0.14139190265868379:95.182483277467981] [-14:312] [-28:289] [0:42.399999999999999] [0:42.799999999999997] [0:42.799999999999997] [0:48.200000000000003] [0:65] [0:87.400000000000006] [0:93] [-1:1] [-1:1] [-0.99999073973619002:0.99999073973619002] [-0.99996295911626565:1]
tree_sizes=2456 2382 2664 2295 2631 2679 2750 2682 2476 2468 2436 2511 2337 2575 2559 2140 2247 2572 2838 2240 2317 2227 2056 2139 2552 2488 2492 2501 2250 2154 2233 2429 2419 2075 2676 2595 2410 2234 2848 2063 2071 2298 2075 2387 1809 1633 2372 1573 1556 2128 1551 2056 1467 1819 1525 1520 1525 1522 1515 1355 1317 1106 1113 1528 1207 1027 1038 871 1113 1980 1208 2175 1175 1036 2161 783 786 786 1011 1861 1881 1452 1551 1519 938 1884 1740 1468 2084 1303 1606 936 1375 1100 937 1647 1712 1981 1378 1634 1347 1108 1446 1365 694 965 1283 951 1190 944 774 692 693 696 692 1518 1862 1952 1788 2342 1105 1105 1186 1280 941 1446 857 779 1032 1447 1722 1981 1980 1788 1457 1028 1220 1472 1016 858 1564 1104 1024 1416 857 2222 2032 2133 1620 1468 1062 1437 2052 1349 2615 1473

Tree=0
num_leaves=27
num_cat=0
split_feature=8 8 8 8 3 18 8 8 8 14 8 1 8 10 17 7 19 19 10 7 19 18 18 16 7 10
split_gain=247429 72739.2 38057.1 28852.2 17487.9 16237.6 13426.4 7220.93 6562.45 6043.03 4943.52 4433.17 5804.98 3516.13 3327.61 2964.51 2933.41 2247.97 2495.94 2093.84 1829.5 1728.08 1018.05 767.749 642.918 589.327
threshold=2.5000000000000004 1.0000000180025095e-35 9.5000000000000018 -1.0000000180025095e-35 138.50000000000003 13.200000000000005 1.5000000000000002 3.5000000000000004 17.500000000000004 51.500000000000007 -3.4999999999999996 203.50000000000003 4.5000000000000009 -11.499999999999998 17.300000000000008 95.500000000000014 11.500000000000004 3.9000000000000017 67.500000000000014 73.500000000000014 1.1000000000000003 0.70000000000000018 0.50000000000000011 2.7000000000000011 65.500000000000014 -8.4999999999999982
decision_type=10 10 10 8 10 10 10 10 10 8 10 10 10 8 10 8 10 10 10 10 10 10 10 10 10 8
left_child=1 3 5 4 13 11 16 23 17 -9 -6 12 -2 -1 20 -13 22 -4 -19 21 -8 -5 -3 -7 -18 -21
right_child=2 6 8 19 10 7 14 9 -10 -11 -12 15 -14 -15 -16 -17 24 18 -20 25 -22 -23 -24 -25 -26 -27
leaf_value=-0.19140810044294349 0.49993588030983876 0.089333026624432502 1.0975842926671497 -0.013661403492746454 -0.72523620075400352 0.40893044823266833 0.23048307490508979 1.0400971304164108 2.3810600739438446 1.7455480999955839 -0.26094349173752945 -0.26256955471566612 0.84084844152094373 -0.0797066135551594 0.82562400320511697 0.53324863858515148 0.22388223387589223 1.9562691704559041 1.2688217580839023 -0.12327311509595611 0.37101009100585697 0.030577270977975371 0.15070228897336771 0.78679630374476406 0.46110787051835667 -0.044100956384747224
leaf_weight=768 368 3757 26 17801 60 20 475 75 27 51 1289 25 189 8522 31 22 363 31 23 253 452 2520 824 41 31 3312
leaf_count=768 368 3757 26 17801 60 20 475 75 27 51 1289 25 189 8522 31 22 363 31 23 253 452 2520 824 41 31 3312
internal_value=0.00113182 -0.0170888 0.822032 -0.0448809 -0.113369 0.702315 0.144638 1.10945 1.70704 1.32564 -0.281594 0.576265 0.615614 -0.0889409 0.316044 0.109941 0.111631 1.47956 1.66347 -0.0143759 0.299003 -0.00817538 0.100372 0.662906 0.242547 -0.0497196
internal_weight=41356 40458 898 34525 10639 791 5933 187 107 126 1349 604 557 9290 958 47 4975 80 54 23886 927 20321 4581 61 394 3565
internal_count=41356 40458 898 34525 10639 791 5933 187 107 126 1349 604 557 9290 958 47 4975 80 54 23886 927 20321 4581 61 394 3565
is_linear=0
shrinkage=1


Tree=1
num_leaves=26
num_cat=0
split_feature=8 8 8 9 18 9 8 8 9 8 9 9 14 8 9 8 17 18 18 12 2 18 16 9 10
split_gain=223305 65647.1 34346.6 34024.1 14654.4 13824.8 12117.3 6516.89 5936 5922.61 5792.26 5773.32 5453.83 5265.92 3428.53 3106.17 3003.16 2231.18 1637.3 1253.65 1152.07 885.975 692.893 642.456 544.044
threshold=2.5000000000000004 1.0000000180025095e-35 9.5000000000000018 -3.4999999999999996 13.200000000000005 -1.4999999999999998 1.5000000000000002 3.5000000000000004 -6.4999999999999991 17.500000000000004 1.0000000180025095e-35 30.500000000000004 51.500000000000007 3.5000000000000004 -1.0000000180025095e-35 -3.4999999999999996 17.300000000000008 0.50000000000000011 0.70000000000000018 22.850080730367527 110.50000000000001 13.200000000000005 2.7000000000000011 -2.4999999999999996 -1.4999999999999998
decision_type=10 10 10 8 10 8 10 10 10 10 8 10 8 10 8 10 10 10 10 10 10 10 10 10 8
left_child=1 3 4 8 10 23 17 22 15 11 -2 -4 -9 -12 -7 -1 18 24 -8 -13 -10 -19 -6 -5 -3
right_child=2 6 9 5 7 14 16 12 20 -11 13 19 -14 -15 -16 -17 -18 21 -20 -21 -22 -23 -24 -25 -26
leaf_value=-0.7050694846681187 -0.25036852935498416 0.13258883256500012 1.9992525197841502 -0.10137533327348516 0.38705347508192062 -0.03399634532024165 0.23015392075852212 0.98666182461629315 -0.14096513378195266 2.2605766084459091 0.42153296263710777 0.86235089302062995 1.6568402499544856 0.72244508339708868 0.0057722479982440676 -0.31473142972948587 0.78291233890960299 0.14718397457207122 0.36677896174487107 1.3487879753112795 -0.21599549050499101 0.27268095721770652 0.74602602865637813 -0.073044514447975536 0.078178376365375113
leaf_weight=56 22 535 27 3086 20 8716 571 75 1167 27 283 27 51 299 14330 567 31 1025 356 26 911 163 41 5692 3252
leaf_count=56 22 535 27 3086 20 8716 571 75 1167 27 283 27 51 299 14330 567 31 1025 356 26 911 163 41 5692 3252
internal_value=-0.000355217 -0.0176648 0.7795 -0.0440673 0.665769 -0.0296069 0.135976 1.05255 -0.214445 1.62026 0.546021 1.40415 1.25792 0.576125 -0.00926824 -0.349818 0.298812 0.104619 0.282623 1.10098 -0.173859 0.164403 0.62833 -0.0830045 0.0858651
internal_weight=41356 40458 898 34525 791 31824 5933 187 2701 107 604 80 126 582 23046 623 958 4975 927 53 2078 1188 61 8778 3787
internal_count=41356 40458 898 34525 791 31824 5933 187 2701 107 604 80 126 582 23046 623 958 4975 927 53 2078 1188 61 8778 3787
is_linear=0
shrinkage=0.05


Tree=2
num_leaves=29
num_cat=0
split_feature=9 9 11 11 17 9 19 19 9 11 4 19 11 9 19 6 22 19 9 11 9 9 11 25 19 2 10 19
split_gain=158479 48542.5 30057.4 21690.6 15441.6 14964 12953.6 10125 7906.53 4759.78 4629.79 4261.42 4168.27 3538.36 2916.37 2783.69 2219.43 2070.12 1798.33 1700.45 1449.45 1394.74 1315.99 1294.89 1228.4 773.152 538.595 477.177
threshold=5.5000000000000009 -1.4999999999999998 10.500000000000002 1.5000000000000002 7.5000000000000009 -4.4999999999999991 34.300000000000004 62.20000000000001 1.0000000180025095e-35 3.5000000000000004 79.500000000000014 8.9000000000000057 -4.4999999999999991 -13.499999999999998 1.3000000000000003 61.500000000000007 0.5277851165098012 3.7000000000000011 1.0000000180025095e-35 4.5000000000000009 -2.4999999999999996 -6.4999999999999991 -1.4999999999999998 -0.18399835165767989 0.3000000000000001 109.50000000000001 -4.4999999999999991 40.200000000000017
decision_type=10 8 10 10 10 10 10 8 8 10 10 10 8 10 10 8 2 10 10 10 10 10 8 2 10 10 10 10
left_child=1 5 4 8 11 13 14 15 22 18 -8 19 -13 27 23 -6 -16 -10 -5 -2 25 -15 -3 -4 -11 -7 -22 -1
right_child=2 3 6 9 7 20 10 -9 17 24 -12 12 -14 21 16 -17 -18 -19 -20 -21 26 -23 -24 -25 -26 -27 -28 -29
leaf_value=-0.51393259394736523 0.18462598039939299 -0.062106164443322655 0.25977769673898304 0.046887379892818305 0.54271196722058779 -0.097084456187024812 2.08541740488123 1.7911791026592256 0.027245671513392539 0.1815852201252009 1.1200564681187921 0.12863040530884809 0.51826657145164723 -0.29949424654031737 0.75387522630188453 0.99555606778364547 1.1367187564229144 0.10016945615702795 0.11992557830354802 0.32865907602117261 -0.05493590004109436 -0.19915499458944289 -0.018614857444452203 0.66352562353251476 0.31248422971660539 -0.15082776069847081 -0.085772000098705947 -0.79725304479184356
leaf_weight=42 573 1976 29 1357 161 3420 27 21 6016 498 23 88 312 558 109 43 58 1161 2224 319 3097 913 14524 63 280 832 2609 23
leaf_count=42 573 1976 29 1357 161 3420 27 21 6016 498 23 88 312 558 109 43 58 1161 2224 319 3097 913 14524 63 280 832 2609 23
internal_value=-0.000337456 -0.021374 0.45507 0.0141029 0.363515 -0.107909 0.904548 0.745779 -0.00476738 0.116601 1.64135 0.296944 0.432547 -0.253169 0.762308 0.638164 0.886839 0.0390423 0.0922482 0.236136 -0.0855024 -0.237217 -0.0238233 0.536257 0.228695 -0.107601 -0.0690353 -0.614184
internal_weight=41356 39530 1826 28036 1517 11494 309 225 23677 4359 50 1292 400 1536 259 204 167 7177 3581 892 9958 1471 16500 92 778 4252 5706 65
internal_count=41356 39530 1826 28036 1517 11494 309 225 23677 4359 50 1292 400 1536 259 204 167 7177 3581 892 9958 1471 16500 92 778 4252 5706 65
is_linear=0
shrinkage=0.05


Tree=3
num_leaves=25
num_cat=0
split_feature=8 8 8 2 8 19 8 8 8 0 8 0 11 11 8 17 19 14 11 8 12 19 12 24
split_gain=186268 53798 29174.5 22077.3 9868.94 9543.93 8716.26 7786.69 6211.93 7091.63 5255.37 4503.8 3763.38 3537.05 2612.25 2406.3 2296.89 2186.76 1947.55 1773.14 1491.79 1376.57 898.633 597.47
threshold=2.5000000000000004 1.0000000180025095e-35 9.5000000000000018 110.50000000000001 1.5000000000000002 47.600000000000016 -1.0000000180025095e-35 -1.4999999999999998 3.5000000000000004 209.50000000000003 17.500000000000004 167.50000000000003 1.5000000000000002 30.500000000000004 -3.4999999999999996 17.300000000000008 11.500000000000004 34.500000000000007 1.5000000000000002 -1.0000000180025095e-35 7.815926873832387 0.70000000000000018 31.92260735450747 0.012910176522261252
decision_type=10 10 10 10 10 10 8 10 10 2 10 2 10 10 10 10 10 10 10 10 10 10 8 2
left_child=1 3 5 6 16 8 20 14 22 -10 13 -7 -8 17 -5 21 18 -4 -3 -9 -1 -6 -2 -18
right_child=2 4 10 7 15 11 12 19 9 -11 -12 -13 -14 -15 -16 -17 23 -19 -20 -21 -22 -23 -24 -25
leaf_value=-0.061029103295429099 0.43514234495831405 0.055379641574630614 1.9253776550292969 -0.62273755469283121 0.19186895657582462 1.5989572987836951 -0.018028126998007484 -0.15814985525654868 0.76605784260462917 0.10020200520753862 2.089977319152267 0.65336898710578684 0.053841592336577128 0.88646323536381577 -0.28148103455577395 0.70324231919742397 0.18089338465477342 1.2418781652450563 0.12095059403291089 -0.065803784247141048 -0.11489113811214652 0.31383656806719351 0.20706942371804926 0.33854022527465949
leaf_weight=6936 282 2533 22 61 444 34 21054 1369 359 45 27 20 1994 33 695 31 320 25 2048 838 1578 483 51 74
leaf_count=6936 282 2533 22 61 444 34 21054 1369 359 45 27 20 1994 33 695 31 320 25 2048 838 1578 483 51 74
internal_value=-0.000320584 -0.0161296 0.711931 -0.0400309 0.122955 0.607113 -0.0277802 -0.170525 0.560101 0.691891 1.4868 1.24874 -0.0118103 1.28323 -0.309016 0.26991 0.0946575 1.56181 0.0846941 -0.123086 -0.071012 0.255418 0.400212 0.210502
internal_weight=41356 40458 898 34525 5933 791 31562 2963 737 404 107 54 23048 80 756 958 4975 47 4581 2207 8514 927 333 394
internal_count=41356 40458 898 34525 5933 791 31562 2963 737 404 107 54 23048 80 756 958 4975 47 4581 2207 8514 927 333 394
is_linear=0
shrinkage=0.05


Tree=4
num_leaves=29
num_cat=0
split_feature=11 10 10 11 18 18 10 16 10 11 21 10 15 24 10 20 20 7 7 17 18 3 4 3 11 21 10 23
split_gain=96358.6 41146.2 22681.4 17504.8 14279.2 12966.3 7311.77 7012.99 5755.88 5661.58 5337.07 4251.61 3405.4 3013.24 2976 2685.94 1985.96 1881.81 2152.69 2132.77 1491.23 893.657 618.876 559.665 558.693 261.964 175.049 131.568
threshold=3.5000000000000004 19.500000000000004 -10.499999999999998 1.5000000000000002 8.9000000000000039 19.700000000000006 -1.4999999999999998 1.0000000180025095e-35 15.500000000000002 12.500000000000002 37.100000000000001 -14.499999999999998 0.70000000000000018 0.30081702196488991 -18.499999999999996 3.5000000000000013 7.8000000000000034 22.500000000000004 70.500000000000014 1.0000000180025095e-35 10.900000000000004 16.500000000000004 259.50000000000006 175.50000000000003 6.5000000000000009 62.800000000000018 -24.499999999999996 -0.22695468355932455
decision_type=10 10 8 10 10 10 8 10 10 10 10 8 10 2 10 10 10 8 10 10 10 8 10 8 10 10 10 2
left_child=2 9 14 5 17 6 -4 -6 16 11 -7 24 -9 -11 22 -13 -5 19 -19 -3 -10 27 26 -23 -2 -24 -1 -16
right_child=1 4 3 8 7 10 -8 12 20 13 -12 15 -14 -15 21 -17 -18 18 -20 -21 -22 23 25 -25 -26 -27 -28 -29
leaf_value=-0.32327650700296678 -0.19887425705092029 0.98350147989235437 -0.048658018391465906 0.066550183725707993 2.0066067461784072 0.062253953392695016 -0.0015179038510329227 0.77895088284573655 0.32522411914542321 0.44003842444838703 0.60347959176990496 0.18146600937646074 1.3874960835774741 1.1789637175219303 0.13621703449636699 0.32994332685934391 0.1703075089429118 0.3876826808500019 0.79501407491448139 0.49991454940877467 0.72700545454726506 -0.1446193921647935 -0.5820810141770737 -0.24414774738252165 0.088443452613833171 -0.3482633140087128 -0.2524543106852139 -0.015962446807902687
leaf_weight=119 64 57 14648 3382 26 75 18762 47 72 37 116 797 45 22 20 493 534 110 46 38 34 1205 23 160 23 25 327 49
leaf_count=119 64 57 14648 3382 26 75 18762 47 72 37 116 797 45 22 20 493 534 110 46 38 34 1205 23 160 23 25 327 49
internal_value=-0.000304555 0.356957 -0.016609 -0.00803757 0.827891 -0.0198372 -0.0221856 1.28152 0.0905398 0.235944 0.390956 0.215393 1.07661 0.71557 -0.183872 0.23821 0.0806989 0.61463 0.507793 0.790067 0.454097 -0.147411 -0.28971 -0.156286 -0.122917 -0.460301 -0.271351 0.0281475
internal_weight=41356 1805 39551 37623 369 33601 33410 118 4022 1436 191 1377 92 59 1928 1290 3916 251 156 95 106 1434 494 1365 87 48 446 69
internal_count=41356 1805 39551 37623 369 33601 33410 118 4022 1436 191 1377 92 59 1928 1290 3916 251 156 95 106 1434 494 1365 87 48 446 69
is_linear=0
shrinkage=0.05


Tree=5
num_leaves=29
num_cat=0
split_feature=9 9 20 9 6 11 9 11 11 23 22 12 24 9 25 17 20 11 20 6 11 20 9 9 3 11 10 3
split_gain=123531 37329.5 21615.5 15195.6 13916.4 12192.5 11009.2 6809.72 6781.55 4357.57 4142.37 3412.21 2692.54 2609.03 2576.44 2091.69 2079.58 1966.44 1941.87 1507.67 1436.09 1284.56 1229.11 1120.28 632.3 602.004 516.528 348.779
threshold=5.5000000000000009 -1.4999999999999998 40.500000000000021 1.0000000180025095e-35 -7.4999999999999991 9.5000000000000018 -4.4999999999999991 2.5000000000000004 6.5000000000000009 0.68322629814330826 -0.52778511650980109 21.047772255017623 0.45972848220565493 -13.499999999999998 0.098816478347602058 17.300000000000008 8.7000000000000046 1.5000000000000002 17.900000000000009 36.500000000000007 -1.4999999999999998 4.5000000000000027 -2.4999999999999996 -7.4999999999999991 115.50000000000001 2.5000000000000004 -4.4999999999999991 243.50000000000003
decision_type=10 8 10 8 10 10 10 10 10 2 2 10 2 10 2 10 10 10 10 8 8 10 10 10 10 10 10 10
left_child=1 6 5 17 -4 9 13 16 15 18 -11 -10 19 27 -14 -6 -5 20 -2 -7 -3 -9 24 -15 -8 -19 -24 -1
right_child=2 3 4 7 8 12 22 21 11 10 -12 -13 14 23 -16 -17 -18 25 -20 -21 -22 -23 26 -25 -26 -27 -28 -29
leaf_value=-0.45053861723389743 0.16406147357006762 -0.059880270143993844 1.8122105222759826 0.033484008907280885 0.35409244774532617 0.63976302076058067 -0.087115546079228251 0.13313254077541134 0.78913067332629505 0.89218480793329391 0.3506128580609072 1.5779605405835007 0.31013696166602051 -0.29373471093912651 0.91003058070394527 0.77878813147544868 0.10299291936607168 0.023434860711879571 0.33578806268689004 0.3740454195466425 -0.01494861283062077 0.24120058262852881 -0.046891070783204994 -0.18438698043763588 -0.1370977209149884 0.10184774082915214 -0.077218212044780077 -0.69913286708650135
leaf_weight=43 682 2025 33 7237 85 102 3508 1154 29 39 373 26 22 292 96 44 1264 1136 217 112 14600 361 3099 1184 772 312 2567 21
leaf_count=43 682 2025 33 7237 85 102 3508 1154 29 39 373 26 22 292 96 44 1264 1136 217 112 14600 361 3099 1184 772 312 2567 21
internal_value=-0.000513208 -0.0192295 0.397712 0.0118234 0.866725 0.335767 -0.0951693 0.0612236 0.697154 0.267223 0.401878 1.16203 0.60643 -0.219571 0.798186 0.49895 0.0438192 -0.0155541 0.205513 0.500696 -0.0204215 0.158883 -0.0759074 -0.206019 -0.096131 0.0403305 -0.0606309 -0.532109
internal_weight=41435 39575 1860 28089 217 1643 11486 10016 184 1311 412 55 332 1540 118 129 8501 18073 899 214 16625 1515 9946 1476 4280 1448 5666 64
internal_count=41435 39575 1860 28089 217 1643 11486 10016 184 1311 412 55 332 1540 118 129 8501 18073 899 214 16625 1515 9946 1476 4280 1448 5666 64
is_linear=0
shrinkage=0.05


Tree=6
num_leaves=30
num_cat=0
split_feature=9 9 18 9 9 6 9 13 20 19 9 6 2 3 9 19 19 23 10 10 10 9 5 0 9 1 10 10 18
split_gain=111487 33689.9 21411.1 13864.7 9935.78 8760.54 7765.54 6292.42 7803.1 5828.69 3106.19 2909.44 2493.86 3475.57 2354.65 2322.67 1942.26 1838.13 1612.03 1270.86 1185.22 1158.95 1059.14 1046.18 1024.44 659.51 513.718 427.155 408.385
threshold=5.5000000000000009 -1.4999999999999998 13.200000000000005 1.5000000000000002 -4.4999999999999991 71.500000000000014 11.500000000000002 228.50000000000003 45.300000000000018 61.500000000000007 1.0000000180025095e-35 -7.4999999999999991 120.50000000000001 96.500000000000014 -13.499999999999998 2.7000000000000015 1.1000000000000003 0.68322629814330826 90.500000000000014 2.5000000000000004 -4.4999999999999991 -3.4999999999999996 16.500000000000004 169.50000000000003 -6.4999999999999991 113.50000000000001 -1.4999999999999998 -16.499999999999996 1.0000000180025095e-35
decision_type=10 8 10 10 10 8 10 10 10 10 8 10 8 10 10 10 10 2 10 8 8 10 10 2 10 10 10 8 10
left_child=1 4 6 10 14 9 16 8 -7 11 20 -4 13 -8 28 19 25 -18 -14 -5 -3 27 -17 -12 -16 -2 -23 -6 -1
right_child=2 3 5 15 21 7 12 -9 -10 -11 23 -13 18 -15 24 22 17 -19 -20 -21 -22 26 -24 -25 -26 -27 -28 -29 -30
leaf_value=-0.318165123462677 0.166180187200754 0.022449505610809061 1.0298347172412006 0.11345893223293145 -0.30809331994688399 1.0172297941644988 0.48109189900537397 0.32942033141851423 2.1004159828890923 1.3429759101434189 0.032033352319346377 0.42125831122606833 0.37484215469311982 0.98394255868647285 -0.24930134533214376 0.093466458211311831 0.21825655287103865 0.41565597305217622 -0.032168475923867061 0.050002420394457452 -0.019180546649931522 -0.061263768298360916 0.19088726505580295 -0.19340827668515537 -0.16333579920090574 -0.050428666605761174 -0.097860376543644143 -0.11380208221929891 -0.5906568345698443
leaf_weight=20 467 1912 22 1106 29 60 289 20 23 22 4964 183 151 39 556 486 335 182 29 2753 16161 7667 655 52 920 38 1096 1154 44
leaf_count=20 467 1912 22 1106 29 60 289 20 23 22 4964 183 151 39 556 486 335 182 29 2753 16161 7667 655 52 920 38 1096 1154 44
internal_value=-0.000487548 -0.0182681 0.377826 0.0112322 -0.0904109 0.743103 0.299041 1.12555 1.31739 0.569569 -0.00511486 0.486569 0.458814 0.540882 -0.208593 0.0867196 0.219623 0.287747 0.309268 0.0681892 -0.0147764 -0.0721121 0.149392 0.0296962 -0.195718 0.149881 -0.065841 -0.118565 -0.505503
internal_weight=41435 39575 1860 28089 11486 330 1530 103 83 227 23089 205 508 328 1540 5000 1022 517 180 3859 18073 9946 1141 5016 1476 505 8763 1183 64
internal_count=41435 39575 1860 28089 11486 330 1530 103 83 227 23089 205 508 328 1540 5000 1022 517 180 3859 18073 9946 1141 5016 1476 505 8763 1183 64
is_linear=0
shrinkage=0.05


Tree=7
num_leaves=29
num_cat=0
split_feature=9 9 18 9 9 6 9 13 20 19 9 6 10 9 19 18 19 10 10 9 1 4 10 5 9 10 1 10
split_gain=100617 30883.6 19323.5 12678.3 8058.98 7906.39 7008.4 5678.91 7042.3 5260.39 3396.19 2625.77 2264.66 2166.02 2096.21 1774.56 1752.89 1803.51 1341.45 1376.37 1281.43 1193.12 1161.52 1123.42 958.426 806.205 595.208 463.631
threshold=5.5000000000000009 -1.0000000180025095e-35 13.200000000000005 -3.4999999999999996 1.5000000000000002 71.500000000000014 11.500000000000002 228.50000000000003 45.300000000000018 61.500000000000007 -7.4999999999999991 -7.4999999999999991 95.500000000000014 -1.4999999999999998 2.7000000000000015 6.3000000000000034 1.1000000000000003 38.500000000000007 -2.4999999999999996 1.0000000180025095e-35 28.500000000000004 22.500000000000004 3.5000000000000004 149.50000000000003 -13.499999999999998 -5.4999999999999991 113.50000000000001 -1.4999999999999998
decision_type=10 8 10 10 10 8 10 10 10 10 10 10 10 10 10 10 10 8 8 8 8 10 8 10 10 8 10 10
left_child=1 3 6 10 18 9 16 8 -7 11 24 -4 15 27 22 -8 26 -18 20 -20 -3 -16 -6 -12 -1 -15 -2 -5
right_child=2 4 5 13 14 7 12 -9 -10 -11 23 -13 -14 25 21 -17 17 -19 19 -21 -22 -23 -24 -25 -26 -27 -28 -29
leaf_value=-0.48022801401093607 0.15787117807064965 0.084844998948019612 0.97834297980774532 -0.058200579543479083 0.099180258180573577 0.96636830844605959 0.42826519311041483 0.31294931620359423 1.9953951838223831 1.27582712281834 -0.11422540975335992 0.40019539380649649 0.0068225536880822018 0.019544335101080321 0.088454045032133957 0.73762747003481943 0.30719763017628909 0.015629138223206007 -0.0092626512118271741 0.025192927525690412 -0.0021153673390318962 0.1908147815255731 0.042905782680325258 -0.18657565206071758 -0.26658290989333383 -0.032269661006093867 -0.047907232846084398 -0.092967357096282677
leaf_weight=64 467 1046 22 7667 1500 60 427 20 23 22 1545 183 29 830 545 52 457 60 8137 4502 712 596 2359 822 292 7862 38 1096
leaf_count=64 467 1046 22 7667 1500 60 427 20 23 22 1545 183 29 830 545 52 457 60 8137 4502 712 596 2359 822 292 7862 38 1096
internal_value=-0.000463171 -0.0173547 0.358935 -0.060661 0.0276954 0.705947 0.284089 1.06927 1.25152 0.54109 -0.161006 0.462241 0.435873 -0.0450071 0.0823836 0.461849 0.208642 0.27336 0.00870251 0.00301039 0.0496256 0.141922 0.0647798 -0.139351 -0.304991 -0.0273219 0.142387 -0.0625489
internal_weight=41435 39575 1860 20178 19397 330 1530 103 83 227 2723 205 508 17455 5000 479 1022 517 14397 12639 1758 1141 3859 2367 356 8692 505 8763
internal_count=41435 39575 1860 20178 19397 330 1530 103 83 227 2723 205 508 17455 5000 479 1022 517 14397 12639 1758 1141 3859 2367 356 8692 505 8763
is_linear=0
shrinkage=0.05


Tree=8
num_leaves=27
num_cat=0
split_feature=8 8 8 2 8 8 8 0 19 8 8 11 11 8 12 18 17 19 18 11 10 11 8 12 13 23
split_gain=125965 34911.2 16932.2 15103 7770.01 7754.83 5437.32 5377.73 6157.71 3963.11 2642.36 3213.82 2337.3 1835.44 1811.96 1754.54 1536.69 1195.37 1173.71 1221.18 1166.87 1237.39 1166.63 1156.39 557.185 507.926
threshold=2.5000000000000004 1.0000000180025095e-35 11.500000000000002 116.50000000000001 1.5000000000000002 3.5000000000000004 -1.0000000180025095e-35 211.50000000000003 34.70000000000001 -1.4999999999999998 15.500000000000002 31.500000000000004 1.0000000180025095e-35 -3.4999999999999996 18.38275986483082 32.900000000000013 3.1000000000000014 1.3000000000000003 0.50000000000000011 1.5000000000000002 4.5000000000000009 4.5000000000000009 -1.0000000180025095e-35 7.815926873832387 181.50000000000003 0.16280825711809002
decision_type=10 10 10 10 10 10 8 2 10 10 10 10 8 10 8 10 10 10 10 8 8 8 10 10 10 2
left_child=1 3 5 6 18 20 23 8 -7 13 11 -4 -8 -5 -12 17 -9 -6 19 -3 25 -22 -11 -1 -20 -2
right_child=2 4 10 9 15 7 12 16 -10 22 14 -13 -14 -15 -16 -17 -18 -19 24 -21 21 -23 -24 -25 -26 -27
leaf_value=-0.047985092258404971 0.36489324030422032 0.028708996532494521 1.4093121378318125 -0.49861062442454013 0.16265897088310055 0.61125004197475996 -0.022598304112680042 -0.090484090432010847 1.1298172189908868 -0.13900489840751604 1.2008330832356993 0.61164223104715354 0.010386743064643942 -0.22048846895995775 1.8515610456466676 0.69151148095726978 0.47113186191944845 0.27507527094805995 0.12400797612591352 0.085673697691824355 0.40404610638506711 0.19715680753228715 -0.058918518335853522 -0.094048008733609564 -0.033571880386542463 0.69019002800009088
leaf_weight=6997 21 1741 23 65 478 362 14740 29 68 1217 23 28 8449 679 20 20 21 468 1140 2047 128 166 726 1692 59 28
leaf_count=6997 21 1741 23 65 478 362 14740 29 68 1217 23 28 8449 679 20 20 21 468 1140 2047 128 166 726 1692 59 28
internal_value=-0.000440012 -0.0135551 0.579056 -0.0328161 0.0982801 0.506445 -0.0232205 0.636187 0.693256 -0.146656 1.21479 0.971376 -0.0105801 -0.244787 1.5035 0.228071 0.145395 0.218273 0.0731391 0.0594922 0.32488 0.287231 -0.109081 -0.0569549 0.116254 0.550777
internal_weight=41435 40518 917 34565 5953 823 31878 480 430 2687 94 51 23189 744 43 966 50 946 4987 3788 343 294 1943 8689 1199 49
internal_count=41435 40518 917 34565 5953 823 31878 480 430 2687 94 51 23189 744 43 966 50 946 4987 3788 343 294 1943 8689 1199 49
is_linear=0
shrinkage=0.05


Tree=9
num_leaves=27
num_cat=0
split_feature=8 8 9 8 8 8 9 9 9 9 9 13 8 9 11 8 8 18 1 19 19 11 11 9 3 4
split_gain=113683 31507.3 16213.6 15281.3 7012.43 6998.73 6691.73 7748.85 5112.17 4175.41 2621.84 3252.99 2408.98 2122.77 1959.58 1743.5 1657.92 1583.48 1463.39 1078.82 1067.87 1023.29 1022.29 999.643 845.761 477.052
threshold=2.5000000000000004 1.0000000180025095e-35 -2.4999999999999996 11.500000000000002 1.5000000000000002 3.5000000000000004 20.500000000000004 2.5000000000000004 -5.4999999999999991 -1.0000000180025095e-35 48.500000000000007 125.50000000000001 15.500000000000002 6.5000000000000009 -20.499999999999996 -3.4999999999999996 7.5000000000000009 32.900000000000013 59.500000000000007 1.3000000000000003 2.100000000000001 1.5000000000000002 -1.4999999999999998 18.500000000000004 115.50000000000001 177.50000000000003
decision_type=10 10 8 10 10 10 10 8 10 8 10 8 10 8 8 10 10 10 10 10 10 8 8 10 10 8
left_child=1 2 8 5 20 13 7 -7 15 22 11 -5 -12 18 -11 -1 -8 19 -2 -6 21 -3 -4 -15 -10 -22
right_child=3 4 9 10 17 6 16 -9 24 14 12 -13 -14 23 -16 -17 -18 -19 -20 -21 25 -23 -24 -25 -26 -27
leaf_value=-0.47679864248986975 0.38457689458324062 0.02818706839186232 -0.066512264052167661 1.0658817129750406 0.15452602420507855 -0.16552174863490193 0.21206108562376663 0.80744664951930079 -0.075457902707668098 -0.30029042827070884 0.46307655423879623 1.871858510516939 1.2212782626802272 0.29087522204454042 0.0042966526495583825 -0.19611108816577005 0.53337784159010737 0.65693591017276054 0.92515815042314076 0.26132150702735685 0.11919567873887803 0.080301290278773432 -0.029270247090753862 0.0094145543873310096 -0.12548242927826805 -0.0087208614971202147
leaf_weight=59 31 1732 2173 31 478 22 96 293 3782 53 20 21 22 255 14400 888 69 20 21 468 1112 2065 12122 36 1088 78
leaf_count=59 31 1732 2173 31 478 22 96 293 3782 53 20 21 22 255 14400 888 69 20 21 468 1112 2065 12122 36 1088 78
internal_value=-0.000418012 -0.0128774 -0.0311753 0.550103 0.0933661 0.481122 0.604378 0.739493 -0.107303 -0.0157711 1.15405 1.39137 0.86023 0.308636 0.00317971 -0.213598 0.34643 0.216667 0.602889 0.207359 0.0694822 0.0565294 -0.0349315 0.256055 -0.0866338 0.110811
internal_weight=41435 40518 34565 917 5953 823 480 315 5817 28748 94 52 42 343 14453 947 165 966 52 946 4987 3797 14295 291 4870 1190
internal_count=41435 40518 34565 917 5953 823 480 315 5817 28748 94 52 42 343 14453 947 165 966 52 946 4987 3797 14295 291 4870 1190
is_linear=0
shrinkage=0.05


Tree=10
num_leaves=26
num_cat=0
split_feature=8 8 8 8 8 0 19 2 5 8 18 11 19 10 18 25 5 19 0 8 11 10 5 10 12
split_gain=102388 28924.1 17780.6 10887.4 10244.9 8109.91 6253.54 7263.42 4546.16 3114.58 2460.55 2176.76 1892.36 1928.06 1403.78 1155.85 1045.03 1039.75 1025.76 1102.53 1014.7 995.873 778.453 741.106 531.245
threshold=1.5000000000000002 3.5000000000000004 -1.0000000180025095e-35 21.500000000000004 1.0000000180025095e-35 116.50000000000001 29.500000000000004 194.50000000000003 148.50000000000003 -2.4999999999999996 36.70000000000001 1.5000000000000002 0.70000000000000018 1.0000000180025095e-35 0.50000000000000011 0.50494235051780201 49.500000000000007 38.300000000000018 65.500000000000014 -2.4999999999999996 1.5000000000000002 -16.499999999999996 41.500000000000007 -1.0000000180025095e-35 7.3150384542867828
decision_type=10 10 8 10 10 2 10 10 10 10 10 10 10 8 10 2 10 10 2 10 8 10 8 8 8
left_child=2 10 5 6 11 18 8 -8 -3 17 12 16 23 -14 20 -16 -4 -7 19 -1 -6 -11 -13 -2 -20
right_child=1 3 4 -5 14 9 7 -9 -10 21 -12 22 13 -15 15 -17 -18 -19 24 -21 -22 -23 -24 -25 -26
leaf_value=0.32895820764824751 0.30529440388731333 0.56411901661144248 -0.0087287790603660011 1.8036609297990802 0.025652967608948321 -0.30621118386723589 1.1411461953772233 0.2907192108604838 -0.11866781115531921 -0.20362828004601641 0.78234957158565521 0.061631670712607417 0.61176540102809673 0.25533330713021551 0.082920637423821358 0.18890682207619683 -0.035079826627946786 -0.61943595204502344 -0.048319984999154852 -0.04284342736942074 0.077433780715350342 -0.11978557579819993 0.00070532283771277077 0.12995461172839048 -0.100044247098783
leaf_weight=20 69 391 16876 20 1730 154 96 34 26 503 20 1331 40 737 824 374 4842 32 775 6561 2088 1197 865 476 1381
leaf_count=20 69 391 16876 20 1730 154 96 34 26 503 20 1331 40 737 824 374 4842 32 775 6561 2088 1197 865 476 1381
internal_value=0.000767448 0.358415 -0.0164942 0.657836 0.00382017 -0.071817 0.615941 0.918727 0.521547 -0.165847 0.231909 -0.00980687 0.223582 0.273682 0.0687877 0.116008 -0.0146037 -0.360099 -0.0515195 -0.0417135 0.053971 -0.144593 0.0376329 0.152154 -0.0814513
internal_weight=41462 1909 39553 567 28930 10623 547 130 417 1886 1342 23914 1322 777 5016 1198 21718 186 8737 6581 3818 1700 2196 545 2156
internal_count=41462 1909 39553 567 28930 10623 547 130 417 1886 1342 23914 1322 777 5016 1198 21718 186 8737 6581 3818 1700 2196 545 2156
is_linear=0
shrinkage=0.05


Tree=11
num_leaves=28
num_cat=0
split_feature=11 10 10 19 18 11 18 11 19 10 25 4 13 19 7 7 1 10 19 4 14 12 10 5 4 21 5
split_gain=52944.1 18802.1 11757.4 11705.1 9744.93 8772.07 5410.14 4368.76 4077.24 3595.75 3568.73 3457.97 2645.3 2619.14 2191.35 3461.9 2327.92 1956.22 1943.18 1494.7 1171.96 645.43 477.439 313.436 232.245 295.823 144.865
threshold=3.5000000000000004 18.500000000000004 -10.499999999999998 34.300000000000004 13.1 1.0000000180025095e-35 18.700000000000006 12.500000000000002 59.899999999999999 1.0000000180025095e-35 -0.20089055513063506 51.500000000000007 214.50000000000003 13.5 71.500000000000014 40.500000000000007 150.50000000000003 -14.499999999999998 0.70000000000000018 183.50000000000003 12.500000000000002 7.815926873832387 -16.499999999999996 193.50000000000003 259.50000000000006 73.900000000000006 125.50000000000001
decision_type=10 10 8 10 10 8 10 10 10 10 2 10 10 10 10 8 10 8 10 10 8 10 10 10 10 10 10
left_child=2 7 19 14 5 12 -5 17 13 -7 -9 -8 -4 -6 15 -3 -16 23 -19 20 21 -1 -22 -2 26 -26 -21
right_child=1 3 4 6 8 9 11 10 -10 -11 -12 -13 -14 -15 16 -17 -18 18 -20 24 22 -23 -24 -25 25 -27 -28
leaf_value=-0.0022386515213145041 -0.1427481496837317 0.46975026770082656 -0.024417391204430025 1.7633836312727498 0.58485658468829615 0.010388382478915763 0.30960715293884278 0.1370152623951435 0.89079917584146784 0.07256546904368226 1.0115019276738166 1.10840470860047 -0.19516625002750468 0.14793474149157076 0.97059435574885677 0.049667778705705462 0.39747821474699557 0.12598902147037078 0.250536585647056 -0.28063495565544477 -0.16938092534301286 0.32643666986376046 -0.10088844141880987 0.087309962734580041 -0.4276185255784255 -0.20874275580832832 -0.18445195324213939
leaf_weight=59 57 183 23934 22 37 9943 20 20 21 3035 28 42 229 470 34 67 37 774 526 44 332 20 1089 20 26 38 355
leaf_count=59 57 183 23934 22 37 9943 20 20 21 3035 28 42 229 470 34 67 37 774 526 44 332 20 1089 20 26 38 355
internal_value=0.000729076 0.263666 -0.011412 0.564293 -0.00519513 -0.00822732 1.08976 0.178224 0.208098 0.0249289 0.647132 0.850728 -0.0260356 0.179821 0.426788 0.357168 0.671928 0.161879 0.176383 -0.13071 -0.10647 0.0809703 -0.116891 -0.0829928 -0.209241 -0.297661 -0.195059
internal_weight=41462 1830 39632 405 37669 37141 84 1425 528 12978 48 62 24163 507 321 250 71 1377 1300 1963 1500 79 1421 77 463 64 399
internal_count=41462 1830 39632 405 37669 37141 84 1425 528 12978 48 62 24163 507 321 250 71 1377 1300 1963 1500 79 1421 77 463 64 399
is_linear=0
shrinkage=0.05


Tree=12
num_leaves=25
num_cat=0
split_feature=8 8 9 8 8 9 19 1 5 0 18 8 19 9 10 9 18 25 9 19 10 24 10 1
split_gain=86338 24187.9 19052.6 9410.42 7636.34 5310.89 5068.54 6388.45 3952.67 2234.08 2089.73 2083.22 1604.26 2193.53 1465.36 1390.76 1249.1 1047.42 733.903 716.238 660.721 567.236 384.351 307.304
threshold=1.5000000000000002 3.5000000000000004 -1.4999999999999998 21.500000000000004 1.0000000180025095e-35 -4.4999999999999991 29.500000000000004 200.50000000000003 148.50000000000003 12.500000000000002 36.70000000000001 -3.4999999999999996 0.70000000000000018 3.5000000000000004 65.500000000000014 -1.0000000180025095e-35 0.50000000000000011 0.50494235051780201 -2.4999999999999996 16.500000000000007 -1.0000000180025095e-35 -0.31718835131409584 -4.4999999999999991 96.500000000000014
decision_type=10 10 8 10 10 10 10 10 10 2 10 10 10 8 10 8 10 2 10 10 8 2 10 10
left_child=2 10 5 6 14 9 8 -8 -3 21 12 -11 20 -14 15 -4 19 -18 23 -6 -2 -1 -20 -7
right_child=1 3 4 -5 16 18 7 -9 -10 11 -12 -13 13 -15 -16 -17 17 -19 22 -21 -22 -23 -24 -25
leaf_value=0.019700415219579423 0.28458514827425069 0.51869110688209874 -0.020445125397697727 1.6682006317377092 0.047467103837946216 -0.064018443227440089 1.0534807902701357 0.27018750243716771 -0.11797005327848287 -0.44769381298905331 0.72069862052798284 -0.15389167873704312 0.59071334043310753 0.2310543452608334 -0.34323884323239329 0.0048920779922118664 0.076205905516100597 0.17741713000943438 -0.032486616222149989 0.34747174706310036 0.11902744548019617 0.38720040761289143 -0.058628860168421226 -0.094951270699385706
leaf_weight=21 69 391 8690 20 3785 3181 94 36 26 63 20 1426 45 732 32 14375 822 371 3097 20 476 21 2575 1074
leaf_count=21 69 391 8690 20 3785 3181 94 36 26 63 20 1426 45 732 32 14375 822 371 3097 20 476 21 2575 1074
internal_value=0.000692622 0.329115 -0.0151585 0.602926 0.00700293 -0.0694982 0.563976 0.836569 0.478995 -0.156179 0.213429 -0.166323 0.205754 0.251884 -0.0051231 -0.004654 0.0630403 0.107681 -0.0561298 0.049044 0.139988 0.20345 -0.0443548 -0.0718262
internal_weight=41462 1909 39553 567 28095 11458 547 130 417 1531 1342 1489 1322 777 23097 23065 4998 1193 9927 3805 545 42 5672 4255
internal_count=41462 1909 39553 567 28095 11458 547 130 417 1531 1342 1489 1322 777 23097 23065 4998 1193 9927 3805 545 42 5672 4255
is_linear=0
shrinkage=0.05


Tree=13
num_leaves=28
num_cat=0
split_feature=8 8 8 9 9 8 10 9 8 8 9 11 9 17 19 12 17 14 9 11 18 12 11 8 9 13 18
split_gain=78163 22602.6 11821.5 11557.3 5737.78 6473.44 5876.91 4849.68 4712.29 4278.97 3621.34 1950.94 1702.36 1545.77 1410.86 1378.01 1246.94 2780.81 1163.51 1147.32 1084.25 902.89 827.584 819.174 644.952 610.545 383.361
threshold=2.5000000000000004 1.0000000180025095e-35 9.5000000000000018 -1.4999999999999998 20.500000000000004 3.5000000000000004 1.0000000180025095e-35 -4.4999999999999991 1.5000000000000002 21.500000000000004 34.500000000000007 -1.4999999999999998 6.5000000000000009 0.50000000000000011 2.100000000000001 60.686544828378025 11.900000000000004 48.500000000000007 4.5000000000000009 -24.499999999999996 0.50000000000000011 24.008006950999476 1.5000000000000002 5.5000000000000009 -3.4999999999999996 181.50000000000003 1.0000000180025095e-35
decision_type=10 10 10 8 10 10 8 10 10 10 10 8 8 8 10 10 10 10 8 10 10 10 8 10 10 10 8
left_child=1 3 4 7 5 12 -7 15 20 10 -4 19 -2 26 -13 -1 18 -18 -10 -5 22 -12 -3 -15 -9 -22 -6
right_child=2 8 9 11 13 6 -8 24 16 -11 21 14 -14 23 -16 -17 17 -19 -20 -21 25 -23 -24 -25 -26 -27 -28
leaf_value=-0.14045149102879412 0.5529571355743842 0.021519581839747424 1.1798236940358136 -0.29510163895108482 0.10877902436824072 -0.20575333017855885 0.68100907817273082 -0.088391976329432326 0.26544889731088239 1.5847905889153482 0.39291805492507087 -0.0037549065514454576 0.24707801320551126 0.11317820657383314 0.038957065871300343 -0.40733803951740266 0.15635653535942906 0.88151701964437967 0.13418532069413061 -0.037966219209338119 0.10966628135533762 0.76779946705390678 0.068282942259902765 0.44607315687906174 -0.048862429892242563 -0.056633177862085153 -0.093463819068065793
leaf_weight=1480 55 1730 37 44 42 20 284 1170 221 20 36 17800 263 33 2169 50 39 20 715 3084 1140 29 2088 42 8740 58 53
leaf_count=1480 55 1730 37 44 42 20 284 1170 221 20 36 17800 263 33 2169 50 39 20 715 3084 1140 29 2088 42 8740 58 53
internal_value=0.000657991 -0.00964905 0.457912 -0.0252229 0.387337 0.457694 0.622669 -0.0663209 0.0798325 0.91607 0.784948 -0.00486694 0.299982 0.129912 0.000884398 -0.149173 0.179231 0.402174 0.165178 -0.0415832 0.0601153 0.560173 0.0470937 0.299599 -0.0535294 0.101615 -0.00405119
internal_weight=41462 40548 914 34537 792 622 304 11440 6011 122 102 23097 318 170 19969 1530 995 59 936 3128 5016 65 3818 75 9910 1198 95
internal_count=41462 40548 914 34537 792 622 304 11440 6011 122 102 23097 318 170 19969 1530 995 59 936 3128 5016 65 3818 75 9910 1198 95
is_linear=0
shrinkage=0.05


Tree=14
num_leaves=28
num_cat=0
split_feature=8 8 8 9 9 8 10 8 8 9 9 9 0 9 17 10 18 7 18 25 19 12 8 8 9 3 8
split_gain=70542.1 20461.2 10668.9 10192.4 5178.34 5842.28 5303.91 4656.69 3861.77 3268.26 2991.97 2860.09 2368.72 1536.38 1395.06 1371.43 1154.74 1611.65 1147.83 924.476 849.82 814.858 745.17 739.305 627.426 512.275 369.484
threshold=2.5000000000000004 1.0000000180025095e-35 9.5000000000000018 -2.4999999999999996 20.500000000000004 3.5000000000000004 1.0000000180025095e-35 1.5000000000000002 21.500000000000004 34.500000000000007 -5.4999999999999991 -1.0000000180025095e-35 16.500000000000004 6.5000000000000009 0.50000000000000011 65.500000000000014 0.70000000000000018 32.500000000000007 0.50000000000000011 0.50494235051780201 16.500000000000007 24.008006950999476 -1.4999999999999998 5.5000000000000009 10.500000000000002 87.500000000000014 4.5000000000000009
decision_type=10 8 10 8 10 10 8 10 10 10 10 10 2 8 8 10 10 10 10 2 10 10 10 10 10 10 10
left_child=1 3 4 10 5 13 -7 18 9 -4 12 22 -1 -2 26 -13 24 -18 20 -20 -3 -11 -5 -16 -9 -12 -6
right_child=2 7 8 11 14 6 -8 16 -10 21 25 15 -14 -15 23 -17 17 -19 19 -21 -22 -23 -24 -25 -26 -27 -28
leaf_value=0.37117944732308389 0.52530927589671184 0.039890137854895036 1.1208325012310132 -0.28081191175713621 -0.13592694924651261 -0.19546566382050515 0.64695862400345305 0.14022158131916115 1.5055510532855987 0.37327215953005688 -0.05746964754255314 0.005176615496202859 -0.17885155741741499 0.23472411327078202 0.10751929545041286 -0.32778007812918197 0.17144161858642168 0.38804590336047112 0.067229197205246227 0.16134015542771668 0.35140904337167744 0.72940948808501505 -0.027110228346223581 0.42376950019527054 -0.045171123823616655 -0.091376173491089466 0.069768784372288672
leaf_weight=20 55 4486 37 29 34 20 284 523 20 36 3109 13157 919 263 33 31 302 120 858 375 22 29 14811 42 50 1736 61
leaf_count=20 55 4486 37 29 34 20 284 523 20 36 3109 13157 919 263 33 31 302 120 858 375 22 29 14811 42 50 1736 61
internal_value=0.000625091 -0.0091666 0.435016 -0.0250198 0.36797 0.434809 0.591536 0.07041 0.870266 0.745701 -0.0854501 -0.0125491 -0.167136 0.284983 0.123417 0.00439396 0.17027 0.233035 0.0531028 0.0958518 0.0414104 0.532164 -0.027606 0.284619 0.124044 -0.0696186 -0.00384864
internal_weight=41462 40548 914 33812 792 622 304 6736 122 102 5784 28028 939 318 170 13188 995 422 5741 1233 4508 65 14840 75 573 4845 95
internal_count=41462 40548 914 33812 792 622 304 6736 122 102 5784 28028 939 318 170 13188 995 422 5741 1233 4508 65 14840 75 573 4845 95
is_linear=0
shrinkage=0.05


Tree=15
num_leaves=23
num_cat=0
split_feature=8 8 8 0 18 10 19 8 8 8 0 8 11 19 25 10 18 17 11 13 0 4
split_gain=67587.1 16859.1 13754.7 8777.52 5961.85 3229.31 4482.88 2892.31 2828.66 2356.49 3167.5 2311.44 1943.21 1369.53 1047.97 1036.51 931.088 808.57 746.626 732.303 674.027 579.003
threshold=2.5000000000000004 1.0000000180025095e-35 11.500000000000002 116.50000000000001 36.900000000000013 66.500000000000014 6.3000000000000034 -1.0000000180025095e-35 1.5000000000000002 4.5000000000000009 209.50000000000003 -2.4999999999999996 1.5000000000000002 47.600000000000016 0.99962961997441069 -16.499999999999996 33.900000000000013 9.7000000000000028 1.5000000000000002 85.500000000000014 65.500000000000014 131.50000000000003
decision_type=10 10 10 2 10 10 10 8 10 10 2 8 10 10 2 10 10 10 10 10 2 10
left_child=1 3 4 7 9 6 -4 20 17 13 -11 21 -9 -2 16 -13 -10 18 -3 -19 -1 -5
right_child=2 8 5 11 -6 -7 -8 12 14 10 -12 15 -14 -15 -16 -17 -18 19 -20 -21 -22 -23
leaf_value=-0.032589689285283177 0.2423807277179571 0.031930427998854143 0.86088999464656379 -0.49478338914258146 0.96494698509191856 0.62887105652264186 1.7589872032403946 -0.011385817799975046 0.13059945641262677 0.50610777099007886 0.047383301705121998 -0.15858494240584242 0.039546345677913715 0.65553744690758853 0.49487134246599107 -0.080970126424356817 0.47537505932152274 0.1189215894278727 0.071307272433091706 0.42803757420430588 -0.064619623615659483 -0.24710066852966947
leaf_weight=6570 447 2721 33 28 39 35 24 21221 937 260 44 563 2054 21 21 1823 20 95 2159 24 2190 150
leaf_count=6570 447 2721 33 28 39 35 24 21221 937 260 44 563 2054 21 21 1823 20 95 2159 24 2190 150
internal_value=-0.000315907 -0.00983723 0.427521 -0.0232328 0.361796 1.00691 1.23904 -0.0161081 0.0677057 0.331326 0.439713 -0.112251 -0.0068911 0.26092 0.145472 -0.0992841 0.137805 0.0524916 0.0493515 0.181264 -0.0405972 -0.286062
internal_weight=41479 40576 903 34599 811 92 57 32035 5977 772 304 2564 23275 468 978 2386 957 4999 4880 119 8760 178
internal_count=41479 40576 903 34599 811 92 57 32035 5977 772 304 2564 23275 468 978 2386 957 4999 4880 119 8760 178
is_linear=0
shrinkage=0.05


Tree=16
num_leaves=24
num_cat=0
split_feature=8 9 8 8 18 9 9 8 9 8 8 8 0 0 8 11 11 9 11 9 17 4 11
split_gain=60997.4 15953.1 12413.6 5862.35 5380.57 5090.13 4627.07 3938.67 3229.47 4421.74 2434.21 1906.96 1755.92 1437.07 1383.52 1256.22 1093.26 1085.2 1067.54 788.018 783.254 765.417 267.943
threshold=2.5000000000000004 -1.0000000180025095e-35 11.500000000000002 1.0000000180025095e-35 36.900000000000013 -3.4999999999999996 36.500000000000007 15.500000000000002 20.500000000000004 4.5000000000000009 1.5000000000000002 7.5000000000000009 169.50000000000003 115.50000000000001 -3.4999999999999996 -24.499999999999996 -1.4999999999999998 16.500000000000004 1.5000000000000002 -1.4999999999999998 9.7000000000000028 131.50000000000003 -8.4999999999999982
decision_type=10 8 10 10 10 10 10 10 10 10 10 10 2 2 10 10 8 10 10 10 10 10 10
left_child=1 5 4 12 8 13 -4 -8 9 -2 20 -10 18 21 -15 -14 22 -12 -3 -18 -5 -1 -7
right_child=2 3 6 10 -6 16 7 -9 11 -11 17 -13 15 14 -16 -17 19 -19 -20 -21 -22 -23 -24
leaf_value=-0.073286362742391642 0.28807546076134777 0.0018363273051556852 1.4421082399785519 0.046521167208389162 0.9166996309008355 -0.15865535344068821 0.31866255933418874 1.130682384967804 0.035868109349051817 0.59657130843919259 0.14397848540229519 0.37828758600456963 -0.41841531615508232 -0.37823973380786891 -0.13058180980208087 -0.079264517739107934 -0.037469244835988173 -0.21121026413007216 0.046987383971950528 -0.014138392186771291 0.17855721772121996 0.23091860004656373 -0.056032659976411783
leaf_weight=1348 417 12823 32 4820 39 65 32 28 136 161 955 58 38 59 1276 97 6890 22 1458 7624 115 21 2965
leaf_count=1348 417 12823 32 4820 39 65 32 28 136 161 955 58 38 59 1276 97 6890 22 1458 7624 115 21 2965
internal_value=-0.000300111 -0.00934537 0.406145 0.0219444 0.343706 -0.0407587 0.956563 0.697605 0.314759 0.374006 0.0638733 0.138241 0.00474933 -0.104615 -0.141527 -0.174729 -0.0309168 0.13598 0.00644597 -0.0252139 0.049598 -0.06862 -0.0582341
internal_weight=41479 40576 903 20328 811 20248 92 60 772 578 5912 194 14416 2704 1335 135 17544 977 14281 14514 4935 1369 3030
internal_count=41479 40576 903 20328 811 20248 92 60 772 578 5912 194 14416 2704 1335 135 17544 977 14281 14514 4935 1369 3030
is_linear=0
shrinkage=0.05


Tree=17
num_leaves=28
num_cat=0
split_feature=8 9 8 8 18 9 9 20 8 15 9 8 8 11 3 8 18 21 11 19 11 9 14 4 18 16 11
split_gain=55050.2 14397.7 11203.3 5290.77 4882.36 4593.84 4232.85 3892.73 3264.08 4081.92 2264.21 2209.18 2196.87 1480.7 1288.8 1243.71 1020.25 987.289 986.664 745.593 736.76 711.186 554.763 531.157 468.495 399.07 241.818
threshold=2.5000000000000004 -1.0000000180025095e-35 11.500000000000002 1.0000000180025095e-35 13.200000000000005 -3.4999999999999996 46.500000000000007 9.9000000000000057 3.5000000000000004 1.0000000180025095e-35 27.500000000000004 4.5000000000000009 1.5000000000000002 -16.499999999999996 122.50000000000001 -3.4999999999999996 19.900000000000009 13.100000000000003 -1.4999999999999998 13.200000000000005 -37.499999999999993 -1.4999999999999998 63.500000000000007 77.500000000000014 2.3000000000000012 2.3000000000000007 -8.4999999999999982
decision_type=10 8 10 10 10 10 10 10 10 10 10 10 10 8 10 10 10 10 8 10 10 10 10 10 8 8 10
left_child=1 5 4 13 10 14 7 -4 25 -10 11 -2 19 24 20 -16 -15 -14 26 -5 -1 -20 -12 -8 -3 -6 -7
right_child=2 3 6 12 8 18 23 -9 9 -11 22 -13 17 16 15 -17 -18 -19 21 -21 -22 -23 -24 -25 -26 -27 -28
leaf_value=0.23536529805511239 0.22225582254695944 -0.14354029064998031 0.82851000428199773 0.041974890185396373 0.068328729895874865 -0.15072258603687472 0.71650125270798093 1.7172854472290386 1.1498019668034145 0.5190361970715458 0.10291842299203079 0.43762553518648306 0.088560911477267648 0.0049100646847235092 -0.35932774861990396 -0.12441278599071609 0.25778132745996118 0.19137484001808855 -0.035595782896984 0.12055605721123655 -0.070307037925410043 -0.013431472471103729 -0.17359153914910097 0.36088084665881026 -0.43157277941703803 0.33675801634788516 -0.053231026845015156
leaf_weight=20 348 48 28 4612 20 65 21 22 35 96 60 181 591 14308 59 1251 40 386 6890 323 1374 7624 26 21 20 45 2965
leaf_count=20 348 48 28 4612 20 65 21 22 35 96 60 181 591 14308 59 1251 40 386 6890 323 1374 7624 26 21 20 45 2965
internal_value=-0.000285106 -0.0088781 0.385838 0.0208472 0.326521 -0.0387208 0.908735 1.21957 0.543833 0.687561 0.257263 0.295946 0.0606796 0.00451187 -0.0993844 -0.134993 0.00561503 0.129181 -0.0293709 0.0471181 -0.0659215 -0.0239532 0.0193224 0.538691 -0.228256 0.254164 -0.0553224
internal_weight=41479 40576 903 20328 811 20248 92 50 196 131 615 529 5912 14416 2704 1310 14348 977 17544 4935 1394 14514 86 42 68 65 3030
internal_count=41479 40576 903 20328 811 20248 92 50 196 131 615 529 5912 14416 2704 1310 14348 977 17544 4935 1394 14514 86 42 68 65 3030
is_linear=0
shrinkage=0.05


Tree=18
num_leaves=31
num_cat=0
split_feature=9 9 18 15 23 13 11 9 22 6 11 13 19 24 12 6 5 19 1 25 3 11 11 5 6 16 17 9 6 11
split_gain=33452 11832.4 11369.6 7088.27 9991.78 19747 4737.73 4149.54 3583.01 3771.94 3319.97 1879.56 1962.9 1689.03 3239.36 1548.2 1319.28 1307.76 1286.35 1194.81 1163.37 1015.43 892.493 846.73 700.809 683.614 661.51 646.568 243.612 218.241
threshold=5.5000000000000009 -1.0000000180025095e-35 13.200000000000005 1.0000000180025095e-35 0.63405362205439486 160.50000000000003 1.5000000000000002 -3.4999999999999996 0.97335555334614954 134.50000000000003 12.500000000000002 183.50000000000003 0.70000000000000018 0.47494667389482614 12.355571274755627 12.500000000000002 36.500000000000007 16.100000000000009 215.50000000000003 -0.9820892270676207 125.50000000000001 2.5000000000000004 -1.4999999999999998 88.500000000000014 44.500000000000007 1.3000000000000003 0.70000000000000018 -1.4999999999999998 149.50000000000003 -8.4999999999999982
decision_type=10 8 10 10 2 10 10 10 2 10 10 8 10 2 8 8 10 10 10 2 10 10 8 8 10 8 10 10 10 10
left_child=1 7 10 4 16 -6 17 20 9 -5 11 12 -2 15 -15 -12 -4 18 -3 -19 25 28 29 -22 -13 -1 -23 -24 -8 -9
right_child=2 6 3 8 5 -7 21 22 -10 -11 13 24 -14 14 -16 -17 -18 19 -20 -21 23 26 27 -25 -26 -27 -28 -29 -30 -31
leaf_value=-0.067799642124104678 0.060793502423868877 0.0042089165436902673 0.56020579593522213 0.20440297504731766 2.489965333825066 0.46167732652808935 0.041920470677975337 -0.14318645611405373 0.92396811611302521 0.9239286424592138 0.49715724721550941 0.055140362456736584 0.19699484526031261 1.0537334442138673 0.30918306487534819 0.12961879270612309 -0.00025397085008167086 0.43549466526508329 -0.30830056886894236 0.076337596811027905 -0.28782784455939187 0.082945412261689264 -0.033822192706686953 -0.1187846445753431 -0.13266551480514974 0.21958591100715458 0.16868527470103833 -0.012690246319135682 0.18546037177244823 -0.05056947536077068
leaf_weight=1415 429 15186 21 204 21 28 2012 65 23 20 40 126 690 21 48 101 21 25 33 314 79 1489 6891 1189 82 21 265 7625 30 2965
leaf_count=1415 429 15186 21 204 21 28 2012 65 23 20 40 126 690 21 48 101 21 25 33 314 79 1489 6891 1189 82 21 265 7625 30 2965
internal_value=-0.000270851 -0.0100409 0.206094 0.468649 0.845882 1.33094 0.0179144 -0.0367593 0.329668 0.268646 0.148356 0.119123 0.144778 0.333081 0.535785 0.233885 0.279976 0.00569482 0.00353129 0.102824 -0.0944151 0.0679966 -0.027874 -0.129317 -0.0188985 -0.0635969 0.0958993 -0.022722 0.0440293 -0.0525563
internal_weight=41479 39604 1875 338 91 49 19354 20250 247 224 1537 1327 1119 210 69 141 42 15558 15219 339 2704 3796 17546 1268 208 1436 1754 14516 2042 3030
internal_count=41479 39604 1875 338 91 49 19354 20250 247 224 1537 1327 1119 210 69 141 42 15558 15219 339 2704 3796 17546 1268 208 1436 1754 14516 2042 3030
is_linear=0
shrinkage=0.05


Tree=19
num_leaves=24
num_cat=0
split_feature=8 9 8 18 8 9 9 8 9 8 8 8 0 0 9 8 11 9 11 24 19 11 11
split_gain=46159.8 11629.5 9592.28 4410.13 4386.9 3798.58 3783.84 3394.85 2953.53 3592.41 1786.68 1606.23 1517.26 1450.96 1130.19 1077.39 1061 979.328 891.193 657.526 608.709 529.235 287.218
threshold=2.5000000000000004 -1.0000000180025095e-35 11.500000000000002 36.900000000000013 1.0000000180025095e-35 36.500000000000007 -4.4999999999999991 15.500000000000002 20.500000000000004 4.5000000000000009 1.5000000000000002 7.5000000000000009 169.50000000000003 12.500000000000002 -2.4999999999999996 -3.4999999999999996 -24.499999999999996 16.500000000000004 -1.4999999999999998 -0.31718835131409584 13.200000000000005 -1.4999999999999998 -3.4999999999999996
decision_type=10 8 10 10 10 10 10 10 10 10 10 10 2 2 10 10 10 10 8 2 10 8 8
left_child=1 6 3 8 12 -4 13 -7 9 -2 20 -10 18 19 22 -15 -14 -12 -3 -1 -6 -16 -8
right_child=2 4 5 -5 10 7 14 -9 11 -11 17 -13 16 15 21 -17 -18 -19 -20 -21 -22 -23 -24
leaf_value=-0.012096540759439054 0.2514266329754381 -0.026024521417816041 1.2770908635109663 0.81718227725762604 0.037982874410580326 0.25071528740227222 -0.1081681321814375 1.0045952873570581 0.0094583090394735336 0.52949121708385882 0.12423449740034141 0.32371982366874302 -0.38707355951008049 -0.32452497812079606 -0.044530755535346259 -0.10996107588180699 -0.075387182275851061 -0.21318355141715573 0.010273604752021494 0.37487510962500459 0.10898520282322639 -0.018021972286193733 -0.048459718906439686
leaf_weight=23 417 1960 32 39 4612 32 212 28 136 161 955 58 38 61 2225 1431 97 22 12321 21 323 12243 4032
leaf_count=23 417 1960 32 39 4612 32 212 28 136 161 955 58 38 61 2225 1431 97 22 12321 21 323 12243 4032
internal_value=-0.000257308 -0.0081259 0.353315 0.298428 0.0185894 0.837157 -0.0349467 0.602526 0.272222 0.328881 0.0548601 0.103413 0.00371474 -0.110388 -0.028754 -0.118733 -0.163121 0.116637 0.00529186 0.172594 0.04263 -0.0220987 -0.0514423
internal_weight=41479 40576 903 811 20328 92 20248 60 772 578 5912 194 14416 1536 18712 1492 135 977 14281 44 4935 14468 4244
internal_count=41479 40576 903 811 20328 92 20248 60 772 578 5912 194 14416 1536 18712 1492 135 977 14281 44 4935 14468 4244
is_linear=0
shrinkage=0.05


Tree=20
num_leaves=25
num_cat=0
split_feature=8 8 9 8 9 7 11 3 6 8 11 9 18 9 23 15 9 8 18 5 7 18 19 25
split_gain=38201.3 11028.9 8361.52 5447.47 4192.39 4509.22 3360.26 2685.22 2664.88 2147.95 1676.18 1695.1 1669.66 1492.88 1368.63 963.091 781.376 779.26 674.422 656.08 465.754 400.359 393.391 308.897
threshold=1.5000000000000002 3.5000000000000004 -1.4999999999999998 14.500000000000002 19.500000000000004 66.500000000000014 1.5000000000000002 170.50000000000003 40.500000000000007 9.5000000000000018 -16.499999999999996 1.0000000180025095e-35 37.100000000000016 16.500000000000004 0.68322629814330826 3.1000000000000005 -4.4999999999999991 -4.4999999999999991 5.3000000000000034 56.500000000000007 41.500000000000007 4.3000000000000025 3.1000000000000014 -0.1159345995955005
decision_type=10 10 8 10 10 10 10 10 10 10 8 8 10 10 2 8 10 10 10 8 10 8 10 2
left_child=2 12 7 4 5 -3 10 15 -5 -6 21 -12 13 14 -2 16 -1 -9 19 -8 -15 -4 -19 -20
right_child=1 3 6 8 9 -7 18 17 -10 -11 11 -13 -14 20 -16 -17 -18 22 23 -21 -22 -23 -24 -25
leaf_value=-0.084066302515295621 0.11566383178132614 0.40821725343140625 -0.15675570629997018 1.2625601750153761 0.10654430661601888 0.98162587109953181 0.051254274259993127 -0.44621203633025291 0.51485270261764526 0.46790031584826386 -0.010938024076577416 0.017967685210038217 0.59649058319628245 0.010436344022552174 0.23374702496522481 0.30660559922456743 -0.036464213716806901 -0.16070642184290818 0.17309622864338703 0.0026277069521791307 -0.25232221292904938 -0.40655889958143238 -0.085777652904316284 0.067489225091412669
leaf_weight=946 856 240 81 26 163 40 3037 20 22 55 16591 7305 20 48 344 20 9718 425 140 899 26 20 298 137
leaf_count=946 856 240 81 26 163 40 3037 20 22 55 16591 7305 20 48 344 20 9718 425 140 899 26 20 298 137
internal_value=-7.39897e-06 0.222706 -0.010346 0.411157 0.362125 0.490133 0.0042699 -0.0464286 0.919861 0.197712 -0.00296067 -0.00210156 0.14319 0.136074 0.149514 -0.0400369 -0.040687 -0.138339 0.0454548 0.0401477 -0.0818842 -0.206222 -0.129823 0.120865
internal_weight=41477 1840 39637 546 498 280 28210 11427 48 218 23997 23896 1294 1274 1200 10684 10664 743 4213 3936 74 101 723 277
internal_count=41477 1840 39637 546 498 280 28210 11427 48 218 23997 23896 1294 1274 1200 10684 10664 743 4213 3936 74 101 723 277
is_linear=0
shrinkage=0.05


Tree=21
num_leaves=24
num_cat=0
split_feature=8 8 8 9 1 19 17 8 6 8 23 3 10 11 16 9 14 19 11 8 20 22 25
split_gain=34586.7 9725.67 6465.31 5003.56 3263.91 4798.33 4155.69 3078.81 2405.06 2372.79 2082.66 1868.56 1617.89 1438.32 1063.61 1034.11 1304.64 906.154 700.345 651.411 609.274 561.991 430.524
threshold=2.5000000000000004 1.0000000180025095e-35 14.500000000000002 -2.4999999999999996 203.50000000000003 43.400000000000013 19.100000000000005 4.5000000000000009 40.500000000000007 1.5000000000000002 0.44228869021900113 172.50000000000003 77.500000000000014 1.0000000180025095e-35 4.5000000000000009 9.5000000000000018 63.500000000000007 13.200000000000005 1.0000000180025095e-35 -3.4999999999999996 13.699999999999998 -0.25881904510252113 0.78298010367706283
decision_type=10 8 10 8 10 10 10 10 10 10 2 10 10 10 8 10 10 10 8 10 10 2 2
left_child=1 3 4 11 5 7 -7 -2 -4 17 21 14 13 -5 -1 16 -11 18 -3 -13 -19 -6 -17
right_child=2 9 8 12 10 6 -8 -9 -10 15 -12 19 -14 -15 -16 22 -18 20 -20 -21 -22 -23 -24
leaf_value=-0.051100481610422271 0.19428076044877876 0.0038262027220419522 1.1994321859799899 -0.015768666498977218 -0.0632393965125084 1.3001262719658289 0.35789123797416689 0.40868769741507127 0.48911005746234548 0.11904768590376824 -0.3922397228674247 -0.32438137721778321 -0.38879307253020157 0.0091729903247023421 0.31423883184790613 0.056020011380986459 0.30876981499246681 0.37587679199475266 0.042977587645258039 -0.12536047158771724 0.097914492381701926 0.2673298194176621 -0.1290939074754715
leaf_weight=5099 433 1638 26 19921 20 22 25 273 22 704 26 44 28 8143 20 104 104 21 3774 627 322 36 45
leaf_count=5099 433 1638 26 19921 20 22 25 273 22 704 26 44 28 8143 20 104 104 21 3774 627 322 36 45
internal_value=-7.02905e-06 -0.00674098 0.309572 -0.0176338 0.277133 0.309755 0.798937 0.277189 0.873868 0.0482457 -0.0224286 -0.0599569 -0.00891066 -0.00853164 -0.0496731 0.121148 0.143467 0.0361228 0.031128 -0.138411 0.114933 0.149269 0.000113123
internal_weight=41477 40594 883 33882 835 753 47 706 48 6712 82 5790 28092 28064 5119 957 808 5755 5412 671 343 56 149
internal_count=41477 40594 883 33882 835 753 47 706 48 6712 82 5790 28092 28064 5119 957 808 5755 5412 671 343 56 149
is_linear=0
shrinkage=0.05


Tree=22
num_leaves=22
num_cat=0
split_feature=8 8 8 9 10 18 14 1 8 7 9 10 11 23 25 9 15 19 11 3 8
split_gain=31214.5 8777.42 5834.94 4646.5 3056.56 4958.52 3937.06 2446.57 2141.44 1973.83 1672.42 1471.25 1110.85 960.79 942.424 844.826 838.653 817.804 632.062 567.504 500.906
threshold=2.5000000000000004 1.0000000180025095e-35 14.500000000000002 -1.4999999999999998 89.500000000000014 11.699999999999999 64.500000000000014 181.50000000000003 1.5000000000000002 42.500000000000007 1.5000000000000002 77.500000000000014 -1.4999999999999998 0.44228869021900113 0.99903710851409044 6.5000000000000009 3.9000000000000004 13.200000000000005 1.0000000180025095e-35 33.500000000000007 -3.4999999999999996
decision_type=10 8 10 10 10 10 8 10 10 8 8 10 8 2 2 8 8 10 8 8 10
left_child=1 3 4 7 5 10 -7 16 17 -4 -2 12 -5 -6 15 -10 -1 18 -3 -19 -9
right_child=2 8 9 11 13 6 -8 20 14 -11 -12 -13 -14 -15 -16 -17 -18 19 -20 -21 -22
leaf_value=-0.03757223122634426 -0.22985280685126785 0.00363489274054728 1.1787359831008046 -0.030329348328751473 0.077225046559911359 0.38490135687214316 0.93052191774953497 -0.3237393247920114 0.15649850767501172 0.53523783500377953 0.23509327092603027 -0.39440154038990538 0.0018671050839173431 -0.36096152961254124 0.45470954760909077 0.061515736415240101 0.28649053890258075 0.041994848951595137 0.040828708054271551 0.17074653444884544 -0.13308372918623498
leaf_weight=11333 20 1638 22 3123 29 133 44 37 457 26 587 24 18845 22 20 480 20 164 3774 179 500
leaf_count=11333 20 1638 22 3123 29 133 44 37 457 26 587 24 18845 22 20 480 20 164 3774 179 500
internal_value=-6.67766e-06 -0.00640393 0.294093 -0.0167521 0.263277 0.287675 0.520536 -0.0419341 0.0458334 0.830174 0.219774 -0.00313744 -0.00270999 -0.111797 0.11509 0.107841 -0.0370013 0.0343166 0.0295716 0.109186 -0.14622
internal_weight=41477 40594 883 33882 835 784 177 11890 6712 48 607 21992 21968 51 957 937 11353 5755 5412 343 537
internal_count=41477 40594 883 33882 835 784 177 11890 6712 48 607 21992 21968 51 957 937 11353 5755 5412 343 537
is_linear=0
shrinkage=0.05


Tree=23
num_leaves=23
num_cat=0
split_feature=8 9 8 9 1 19 13 8 8 8 7 23 9 0 11 11 9 8 9 11 16 0
split_gain=28171.1 8127.91 5266.04 3434.82 2764.9 4201.73 4441.26 2779.55 2637.8 2358.94 1781.38 1772.14 1590.43 1386.02 1079.69 987.723 961.669 825.956 577.564 411.003 350.408 263.455
threshold=2.5000000000000004 1.0000000180025095e-35 14.500000000000002 -4.4999999999999991 203.50000000000003 43.400000000000013 130.50000000000003 4.5000000000000009 -1.0000000180025095e-35 1.5000000000000002 42.500000000000007 0.44228869021900113 -1.4999999999999998 12.500000000000002 -1.0000000180025095e-35 2.5000000000000004 2.5000000000000004 -2.4999999999999996 5.5000000000000009 -17.499999999999996 0.3000000000000001 135.50000000000003
decision_type=10 8 10 10 10 10 8 10 8 10 8 2 10 2 10 10 8 10 10 8 10 2
left_child=1 3 4 13 5 7 -7 -2 18 14 -4 20 19 -1 -10 -14 -11 -15 21 -5 -6 -3
right_child=2 8 10 12 11 6 -8 -9 9 16 -12 -13 15 17 -16 -17 -18 -19 -20 -21 -22 -23
leaf_value=0.20519440240888415 0.17088720525171841 -0.082065250092585182 1.1197991525585003 -0.24778053760528565 -0.0064935260415077203 0.28195100238919263 1.2560224974697287 0.37460767373974835 0.005809689508165859 0.36362258444229761 0.50847594485833092 -0.36672996259652657 -0.008531152232385349 -0.20230320226612758 0.039843935911787309 0.08149248636177471 0.10004189053220802 -0.0869194637707707 -0.39225205034017563 -0.031427139904380369 0.24510025795428986 -0.2159831191472551
leaf_weight=38 433 168 22 22 25 25 22 273 3756 36 26 26 17797 176 6139 310 893 1306 20 9886 31 47
leaf_count=38 433 168 22 22 25 25 22 273 3756 36 26 26 17797 176 6139 310 893 1306 20 9886 31 47
internal_value=-6.34373e-06 -0.00608374 0.279389 -0.0197742 0.250113 0.280137 0.737899 0.249663 0.030479 0.0340771 0.788666 -0.0256001 -0.0158025 -0.0929768 0.026925 -0.00698991 0.110256 -0.100622 -0.135248 -0.0319075 0.132782 -0.11134
internal_weight=41477 40594 883 29535 835 753 47 706 11059 10824 48 82 28015 1520 9895 18107 929 1482 235 9908 56 215
internal_count=41477 40594 883 29535 835 753 47 706 11059 10824 48 82 28015 1520 9895 18107 929 1482 235 9908 56 215
is_linear=0
shrinkage=0.05


Tree=24
num_leaves=28
num_cat=0
split_feature=8 8 18 15 0 8 24 10 21 22 21 4 10 18 18 10 19 0 21 0 23 7 19 7 25 3 10
split_gain=25432.8 8969.49 4405.16 4837.98 4193.66 2723.55 2375.22 2403.19 4633.25 2353.22 2327.15 2175.51 1743.67 1421.2 1361.21 1343.51 1303.19 1250.39 1217.47 1022.75 1009.17 724.22 692.907 634.969 553.239 483.146 408.358
threshold=3.5000000000000004 1.0000000180025095e-35 6.5000000000000027 1.0000000180025095e-35 116.50000000000001 1.5000000000000002 -0.18399664778440297 36.500000000000007 4.900000000000003 0.93540483100319627 37.100000000000001 138.50000000000003 51.500000000000007 0.70000000000000018 37.100000000000016 47.500000000000007 39.70000000000001 16.500000000000004 6.1000000000000041 183.50000000000003 0.68322629814330826 41.500000000000007 13.200000000000005 108.50000000000001 0.99548449742306444 33.500000000000007 -2.4999999999999996
decision_type=10 10 10 10 2 10 2 10 10 2 10 8 10 10 10 10 10 2 10 2 2 8 10 10 2 10 8
left_child=1 4 6 10 13 22 11 8 -8 15 12 18 -4 17 20 -5 19 -1 -2 -6 -7 -9 26 -18 -15 -24 -3
right_child=2 5 3 9 16 14 7 21 -10 -11 -12 -13 -14 24 -16 -17 23 -19 -20 -21 -22 -23 25 -25 -26 -27 -28
leaf_value=-0.0018072781887417259 -0.036149554166265509 0.073430926988873144 0.91665712554346435 0.41642916296042654 -0.053828320032449653 0.079933389577608649 0.98440700703197059 0.34310460641789131 0.24650048172378983 0.8309126926958561 1.1806197843724682 -0.28440438240766525 0.2715964636206627 0.01879431164450103 0.52428509518504141 0.049815953492510077 -0.50231573810944197 -0.022800241886978097 0.27898474565827019 -0.12968931721651808 0.17772929070644761 0.05687865281806273 0.039955853654445934 -0.12758139535784721 0.22148941776112602 0.16130077872193835 0.023821042231993481
leaf_weight=13053 44 460 22 51 1978 901 36 39 52 20 31 30 20 3407 20 49 26 15535 101 573 373 51 156 20 34 173 4222
leaf_count=13053 44 460 22 51 1978 901 36 39 52 20 31 30 20 3407 20 49 26 15535 101 573 373 51 156 20 34 173 4222
internal_value=-6.02669e-06 -0.00452806 0.338989 0.531061 -0.0145158 0.0503232 0.233975 0.362576 0.548371 0.335809 0.852022 0.10317 0.609485 -0.009561 0.114991 0.236789 -0.0756243 -0.0132151 0.183358 -0.0708681 0.108566 0.18091 0.0336238 -0.339388 0.0207971 0.103763 0.0286951
internal_weight=41477 40931 546 193 34626 6305 353 178 88 120 73 175 42 32029 1294 100 2597 28588 145 2551 1274 90 5011 46 3441 329 4682
internal_count=41477 40931 546 193 34626 6305 353 178 88 120 73 175 42 32029 1294 100 2597 28588 145 2551 1274 90 5011 46 3441 329 4682
is_linear=0
shrinkage=0.05


Tree=25
num_leaves=27
num_cat=0
split_feature=8 8 0 8 9 9 18 22 9 8 18 9 10 10 8 9 11 11 16 20 9 11 9 8 18 21
split_gain=22414.6 8473.36 3995.67 3410.54 4602.33 3278.82 2556.12 2429.23 2325.55 2236.11 2128.87 2122.99 2047.3 1597.09 1346.89 1267.41 870.539 863.168 668.242 660.421 640.909 579.474 424.942 408.903 405.351 263.132
threshold=3.5000000000000004 1.0000000180025095e-35 116.50000000000001 8.5000000000000018 22.500000000000004 34.500000000000007 1.3000000000000003 -0.32143946530316159 11.500000000000002 20.500000000000004 0.70000000000000018 -1.0000000180025095e-35 5.5000000000000009 72.500000000000014 1.5000000000000002 -7.4999999999999991 2.5000000000000004 -21.499999999999996 6.700000000000002 3.5000000000000013 9.5000000000000018 17.500000000000004 43.500000000000007 5.5000000000000009 1.9000000000000006 2.3000000000000012
decision_type=10 10 2 10 10 10 8 2 10 10 10 8 10 10 10 10 10 8 8 10 10 10 10 10 10 8
left_child=1 2 11 4 7 6 -5 12 -9 22 16 18 -2 14 -12 24 25 -17 -1 -13 -18 23 -7 -6 -4 -3
right_child=3 10 15 5 21 9 -8 8 -10 -11 13 19 -14 -15 -16 17 20 -19 -20 -21 -22 -23 -24 -25 -26 -27
leaf_value=-0.02106405619240324 -0.24057616645656529 0.0041730223793613828 -0.14101789192161049 0.45736721000250652 -0.066787951401410958 0.34042546221365533 1.0660784407598631 0.7456926239122238 0.34274905893419472 0.75977400243282323 0.06935496781664563 0.00041174621734250407 0.26686342821898151 -0.32697335596789018 0.16303165019967783 -0.24848707990121036 0.071679878246915282 -0.054649459159445302 0.26115110021616733 0.029731213233833528 -0.08047445932122535 -0.19502455260700141 0.079901621773218121 0.17044222084257532 -0.3044325007602226 0.033294032314106402
leaf_weight=18001 25 1829 323 34 39 24 35 49 133 21 1108 11645 97 22 587 59 1333 2162 21 2300 73 39 45 34 43 1347
leaf_count=18001 25 1829 323 34 39 24 35 49 133 21 1108 11645 97 22 587 59 1333 2162 21 2300 73 39 45 34 43 1347
internal_value=-0.00015196 -0.00451521 -0.0142376 0.309851 0.234568 0.506819 0.766134 0.335513 0.451234 0.308012 0.0488182 -0.00940074 0.16288 0.0963025 0.101796 -0.0740055 0.0310245 -0.0597987 -0.0207352 0.00524751 0.06378 -0.0394255 0.170519 0.0437028 -0.160217 0.0165238
internal_weight=41428 40853 34554 575 416 159 69 304 182 90 6299 31967 122 1717 1695 2587 4582 2221 18022 13945 1406 112 69 73 366 3176
internal_count=41428 40853 34554 575 416 159 69 304 182 90 6299 31967 122 1717 1695 2587 4582 2221 18022 13945 1406 112 69 73 366 3176
is_linear=0
shrinkage=0.05


Tree=26
num_leaves=27
num_cat=0
split_feature=8 8 8 9 9 9 24 25 18 19 8 1 19 4 9 10 10 19 9 5 18 9 10 9 5 10
split_gain=20262.9 6293.74 4746.97 4163.06 3537.14 2959.13 2500.18 2657.27 2312.6 2130.35 2018.09 1717.17 1644.37 1116.3 1221.57 966.587 915.259 933.929 608.324 594.315 551.469 396.504 326.779 474.583 339.904 167.161
threshold=2.5000000000000004 1.0000000180025095e-35 8.5000000000000018 22.500000000000004 -1.4999999999999998 34.500000000000007 0.47494667389482614 0.82392300575755406 1.3000000000000003 12.900000000000006 20.500000000000004 169.50000000000003 1.7000000000000004 14.500000000000002 13.500000000000002 89.500000000000014 77.500000000000014 2.100000000000001 -3.4999999999999996 100.50000000000001 6.1000000000000041 53.500000000000007 -2.4999999999999996 1.5000000000000002 74.500000000000014 12.500000000000002
decision_type=10 8 10 10 10 10 2 2 10 10 10 10 10 10 8 10 10 10 8 10 8 10 8 8 8 8
left_child=1 4 3 6 11 8 9 -8 -4 -2 21 18 22 25 -15 20 17 -6 -1 -13 -5 -7 24 -24 -3 -14
right_child=2 12 5 15 16 10 7 -9 -10 -11 -12 19 13 14 -16 -17 -18 -19 -20 -21 -22 -23 23 -25 -26 -27
leaf_value=-0.055703463285535451 0.10335677814227373 0.087690994869229724 0.45068553267046813 -0.069924660494987981 -0.0056966132246169081 0.26104306563189844 0.33657767503492297 0.97186571426689639 1.0301633434765267 0.31382751380402302 0.72178530991077428 -0.23752019389207107 0.040809413602596149 0.1184893491043479 -0.15935220056576882 -0.33566975229316287 -0.28787496627441478 0.025796568422327488 -0.025749976778174408 -0.095037399871374134 0.18102643648783368 0.016954612066703185 -0.0072555415168219731 0.029650138489516528 -0.015191786497598515 -0.019052207025909616
leaf_weight=2079 297 352 36 81 19151 41 93 20 33 202 21 83 471 1127 41 27 28 2684 9178 619 30 28 1189 3258 104 155
leaf_count=2079 297 352 36 81 19151 41 93 20 33 202 21 83 471 1127 41 27 28 2684 9178 619 30 28 1189 3258 104 155
internal_value=-0.000144362 -0.00538189 0.23332 0.180711 -0.0141506 0.481478 0.236649 0.449018 0.727827 0.188557 0.292611 -0.0360133 0.0389029 0.0798619 0.108736 -0.0673637 -0.00219176 -0.00182541 -0.0312819 -0.111884 -0.00210004 0.161993 0.0239161 0.0197826 0.0642265 0.0259874
internal_weight=41428 40519 909 750 33822 159 612 113 69 499 90 11959 6697 1794 1168 138 21863 21835 11257 702 111 69 4903 4447 456 626
internal_count=41428 40519 909 750 33822 159 612 113 69 499 90 11959 6697 1794 1168 138 21863 21835 11257 702 111 69 4903 4447 456 626
is_linear=0
shrinkage=0.05


Tree=27
num_leaves=27
num_cat=0
split_feature=8 8 0 8 9 9 8 9 8 8 9 9 3 9 12 16 11 19 11 20 11 9 11 11 7 17
split_gain=18503.4 6859.72 3260.75 2787.25 3753.08 3251.24 3192.38 2280.33 1844.97 1769.22 1710.39 1375.77 1344.79 1084.7 1063.17 843.621 739.206 722.067 653.848 605.802 604.415 551.657 495.082 439.287 319.281 249.566
threshold=3.5000000000000004 1.0000000180025095e-35 116.50000000000001 9.5000000000000018 20.500000000000004 2.5000000000000004 5.5000000000000009 48.500000000000007 1.5000000000000002 14.500000000000002 -1.0000000180025095e-35 20.500000000000004 52.500000000000007 -7.4999999999999991 21.047772255017623 1.5000000000000002 -21.499999999999996 29.900000000000009 5.5000000000000009 0.3000000000000001 1.0000000180025095e-35 9.5000000000000018 27.500000000000004 1.0000000180025095e-35 36.500000000000007 0.90000000000000013
decision_type=10 8 2 10 10 8 10 10 10 10 10 10 10 10 10 10 8 10 10 10 10 10 10 8 10 10
left_child=1 2 10 4 5 -2 -7 9 19 14 20 12 -10 17 -5 22 -15 -4 -12 23 -1 -21 -6 -3 -13 -9
right_child=3 8 13 7 15 6 -8 25 11 -11 18 24 -14 16 -16 -17 -18 -19 -20 21 -22 -23 -24 -25 -26 -27
leaf_value=-0.023176635354172147 -0.27081654866536459 -0.013990497905460579 -0.12486114378237056 0.31495108080820905 0.015273097022953961 0.26763634512828166 0.64759418805698299 0.058312717527151108 0.062861977302183777 0.96410937117678785 0.0046376358967544044 -0.047472349479794507 0.16894062601863666 -0.22921492084702952 0.76962489426136027 0.27942758428829689 -0.049834111370770103 -0.3611620085934798 0.2838640733843758 0.05160567711474276 -0.00044002761740844534 -0.14843275295836586 -0.25005408628355891 0.026241189870300274 -0.32661337313197913 0.30510410815477373
leaf_weight=14855 21 930 317 36 108 196 77 20 773 28 12734 20 487 59 20 27 2161 36 21 2256 3639 35 21 2509 21 21
leaf_count=14855 21 930 317 36 108 196 77 20 773 28 12734 20 487 59 20 27 2161 36 21 2256 3639 35 21 2509 21 21
internal_value=-0.000137144 -0.00410149 -0.0134431 0.281524 0.223505 0.328688 0.374804 0.490394 0.0408353 0.639593 -0.00898824 0.0945873 0.103862 -0.0675468 0.477335 0.025275 -0.0546014 -0.14896 0.00509736 0.0286309 -0.0187028 0.0485497 -0.0279197 0.0153614 -0.190447 0.184718
internal_weight=41428 40853 33822 575 450 294 273 125 7031 84 31249 1301 1260 2573 56 156 2220 353 12755 5730 18494 2291 129 3439 41 41
internal_count=41428 40853 33822 575 450 294 273 125 7031 84 31249 1301 1260 2573 56 156 2220 353 12755 5730 18494 2291 129 3439 41 41
is_linear=0
shrinkage=0.05


Tree=28
num_leaves=24
num_cat=0
split_feature=8 8 9 8 9 8 11 18 18 10 11 9 8 8 3 11 11 16 9 9 0 8 14
split_gain=16699.4 6190.9 2983.67 2582.65 2328.91 3364.44 2033.95 1772.67 1714.88 1289.86 1174.47 1390.46 1100.01 992.342 971.112 769.719 754.523 737.301 607.53 381.65 341.465 313.643 311.582
threshold=3.5000000000000004 1.0000000180025095e-35 -2.4999999999999996 20.500000000000004 34.500000000000007 8.5000000000000018 14.500000000000002 0.70000000000000018 1.3000000000000003 72.500000000000014 -1.0000000180025095e-35 1.0000000180025095e-35 1.5000000000000002 9.5000000000000018 172.50000000000003 -21.499999999999996 2.5000000000000004 4.5000000000000009 9.5000000000000018 43.500000000000007 -8.4999999999999982 -3.4999999999999996 53.500000000000007
decision_type=10 8 8 10 10 10 10 10 8 10 10 10 10 10 10 8 10 8 10 10 2 10 10
left_child=1 2 14 4 5 6 -2 16 -7 12 15 -12 -9 22 17 -4 20 -1 -18 -15 -3 -16 -6
right_child=3 7 10 -5 13 8 -8 9 -10 -11 11 -13 -14 19 21 -17 18 -19 -20 -21 -22 -23 -24
leaf_value=-0.039217321379472536 0.28620939432550802 0.053049146864651169 -0.18912894182245843 0.76447522404789936 -0.011049812672467067 0.36736277914606036 -0.045386181688970989 0.05864468128874098 0.88106444748965185 -0.29813861589540136 -0.0039706845191370098 0.035351891312735063 0.1428020914532625 0.3579743281006813 -0.23274020497947065 -0.017855637515107877 0.06336883986922906 0.26495896890759468 -0.084770357028313301 0.086877574907565439 0.0074120147805941481 -0.093134857326447967 -0.25748052438316138
leaf_weight=5112 322 466 66 25 29 32 54 1147 33 22 14518 2660 587 20 43 10778 1333 20 73 37 3403 625 23
leaf_count=5112 322 466 66 25 29 32 54 1147 33 22 14518 2660 587 20 43 10778 1333 20 73 37 3403 625 23
internal_value=-0.000130287 -0.00389641 -0.0127709 0.267448 0.244856 0.296007 0.238587 0.0387936 0.628165 0.0823071 -0.00601459 0.00211839 0.087134 0.0379033 -0.0454133 -0.0188981 0.0243083 -0.0380319 0.0556774 0.181999 0.0129088 -0.102121 -0.120048
internal_weight=41428 40853 33822 575 550 441 376 7031 65 1756 28022 17178 1734 109 5800 10844 5275 5132 1406 57 3869 668 52
internal_count=41428 40853 33822 575 550 441 376 7031 65 1756 28022 17178 1734 109 5800 10844 5275 5132 1406 57 3869 668 52
is_linear=0
shrinkage=0.05


Tree=29
num_leaves=23
num_cat=0
split_feature=8 8 1 9 9 19 22 8 8 9 2 20 3 11 19 6 10 5 11 9 20 9
split_gain=15099 6183.54 3040.96 2810.66 2550.45 3440.07 2911.02 2810.69 1802.99 1803.55 1610.81 1578.89 1225.63 899.868 822.146 752.924 735.404 689.92 571.26 489.749 583.432 424.358
threshold=4.5000000000000009 1.0000000180025095e-35 205.50000000000003 -1.4999999999999998 19.500000000000004 1.1000000000000003 -0.72947329433276231 20.500000000000004 1.5000000000000002 19.500000000000004 37.500000000000007 30.300000000000008 140.50000000000003 -1.4999999999999998 2.100000000000001 75.500000000000014 -25.499999999999996 91.500000000000014 -25.499999999999996 12.500000000000002 2.100000000000001 29.500000000000004
decision_type=10 10 10 8 8 10 2 10 10 10 8 8 10 8 10 10 8 8 10 10 10 10
left_child=1 3 4 12 5 -2 -7 11 19 10 -10 -6 16 18 -15 -4 -1 -14 -5 20 -3 -11
right_child=2 8 15 13 7 6 -8 -9 9 21 -12 -13 17 14 -16 -17 -18 -19 -20 -21 -22 -23
leaf_value=0.27703125782310967 0.11170994482106633 0.016596234967832382 0.17972986528819257 -0.20964426074531817 0.096480993824210812 0.15291856542229654 0.83377789757278276 0.76531156823039059 0.046692035565940808 -0.066618468031287195 0.15512457114957257 0.37765736307029601 -0.22392203151186307 -0.0011804199167336938 0.031483788471751151 -0.19566548532422853 -0.026461570824483516 -0.067886990018124094 -0.023993524188793476 -0.19323245976865291 0.053007314306229937 -0.32239545943836373
leaf_weight=20 36 3330 22 42 142 20 73 24 650 50 724 77 75 17812 2160 34 10080 1278 3087 25 1643 24
leaf_count=20 36 3330 22 42 142 20 73 24 650 50 724 77 75 17812 2160 34 10080 1278 3087 25 1643 24
internal_value=-0.000123773 -0.00320786 0.295314 -0.0115946 0.347024 0.526711 0.687357 0.251635 0.0417495 0.0908782 0.103828 0.195342 -0.0318472 -0.00155377 0.00235226 -0.0481887 -0.0258606 -0.0765364 -0.0264855 0.0275161 0.0286259 -0.149573
internal_weight=41428 41000 428 34554 372 129 93 243 6446 1448 1374 219 11453 23101 19972 56 10100 1353 3129 4998 4973 74
internal_count=41428 41000 428 34554 372 129 93 243 6446 1448 1374 219 11453 23101 19972 56 10100 1353 3129 4998 4973 74
is_linear=0
shrinkage=0.05


Tree=30
num_leaves=24
num_cat=0
split_feature=8 8 1 11 8 11 19 11 20 23 11 19 25 5 13 11 22 5 19 11 14 19 16
split_gain=14016.7 4736.04 3801.21 3337.62 3137.94 2285.49 2193.09 1395.35 1404.84 2643.45 1296.45 1276.79 2613.3 1254.49 1254.36 1074.17 885.28 743.908 554.671 406.983 365.057 207.603 119.371
threshold=1.5000000000000002 5.5000000000000009 201.50000000000003 8.5000000000000018 -1.4999999999999998 1.5000000000000002 43.70000000000001 14.500000000000002 41.800000000000018 0.84874750804349197 1.5000000000000002 0.90000000000000013 0.99696424012059681 10.500000000000002 91.500000000000014 -37.499999999999993 -0.47114434510950048 56.500000000000007 2.100000000000001 -7.4999999999999991 51.500000000000007 41.600000000000023 0.50000000000000011
decision_type=10 10 10 8 8 10 10 10 10 2 10 10 2 10 10 8 2 8 10 10 10 10 8
left_child=4 7 3 10 15 11 -5 8 13 -10 -3 14 -13 -2 -6 -1 -4 20 -19 22 -7 -21 -17
right_child=1 2 16 6 5 17 -8 -9 9 -11 -12 12 -14 -15 -16 19 -18 18 -20 21 -22 -23 -24
leaf_value=-0.42465606157978375 0.016145430803228927 0.42764291018247608 -0.34983461229574114 0.24403818214283246 -0.0094323225842378178 0.03996524583092631 0.78208075995956161 -0.20493643247597926 0.16451353977401076 0.77582504735106517 0.94081171415746212 0.01032817850396716 0.55627729831771411 0.12132951781610957 -0.043777475212728428 -0.14389353218164458 0.094695726378510398 -0.020376146945469617 0.052662902709495044 -0.069573129013157473 0.2443152568557046 -0.22188117478204814 -0.26023071952934923
leaf_weight=24 399 20 21 193 24776 3317 21 37 112 21 32 5970 22 979 2978 92 24 1045 346 821 22 23 29
leaf_count=24 399 20 21 193 24776 3317 21 37 112 21 32 5970 22 979 2978 92 24 1045 346 821 22 23 29
internal_value=2.34287e-05 0.134194 0.312245 0.384142 -0.00629669 -0.00403626 0.296837 0.098423 0.105851 0.261036 0.743439 -0.00859857 0.0123327 0.0908735 -0.0131176 -0.094236 -0.112752 0.0285133 -0.00220827 -0.0860183 0.0413117 -0.0737237 -0.171776
internal_weight=41324 1859 311 266 39465 38476 214 1548 1511 133 52 33746 5992 1378 27754 989 45 4730 1391 965 3339 844 121
internal_count=41324 1859 311 266 39465 38476 214 1548 1511 133 52 33746 5992 1378 27754 989 45 4730 1391 965 3339 844 121
is_linear=0
shrinkage=0.05


Tree=31
num_leaves=26
num_cat=0
split_feature=8 8 9 1 9 18 9 19 22 8 11 9 18 25 22 11 17 19 9 7 12 10 0 2 20
split_gain=12650 4274.27 3576.25 3430.59 3521.81 2563.1 2174.94 2096.83 1792.4 1691.58 1571.79 1394.49 1142.62 907.326 798.966 796.955 530.023 436.937 387.1 320.558 442.949 311.566 310.941 305.86 278.373
threshold=1.5000000000000002 5.5000000000000009 -1.4999999999999998 201.50000000000003 19.500000000000004 37.900000000000013 16.500000000000004 44.600000000000016 -0.32143946530316159 4.5000000000000009 1.5000000000000002 -6.4999999999999991 0.70000000000000018 0.99548449742306444 -0.47114434510950048 -1.4999999999999998 2.3000000000000012 42.300000000000018 -3.4999999999999996 42.500000000000007 17.649781114538069 -5.4999999999999991 -9.4999999999999982 243.50000000000003 8.9000000000000039
decision_type=10 10 8 10 8 10 10 8 2 10 10 10 10 2 2 8 8 10 10 10 10 8 2 10 10
left_child=2 5 11 4 8 6 9 -6 -3 -2 12 17 15 -14 -5 -4 -8 23 22 24 -21 -20 -13 -1 -12
right_child=1 3 10 14 7 -7 16 -9 -10 -11 19 18 13 -15 -16 -17 -18 -19 21 20 -22 -23 -24 -25 -26
leaf_value=-0.083105822437922069 0.093319176277092353 0.35949509016105108 -0.029951365880956211 -0.33234288283579411 0.19805800785877925 0.53633716056938285 -0.15319254351309886 0.71613438090478843 0.87594977574689059 0.38410965354146009 0.034359196114093465 0.10092924091344078 0.023815114595350767 0.28736193279425304 0.089960942440666269 -0.0016726392675842511 0.047678539168802984 -0.33362190246582035 -0.010899464197285236 0.017367088394905385 -0.11238121731381399 -0.029841508797707042 -0.047293330932884077 -0.19900419705081732 0.078225307320688109
leaf_weight=515 1308 28 2897 21 174 32 109 22 42 52 2604 36 3150 33 24 17798 47 20 4141 1091 70 4563 2063 64 420
leaf_count=515 1308 28 2897 21 174 32 109 22 42 52 2604 36 3150 33 24 17798 47 20 4141 1091 70 4563 2063 64 420
internal_value=2.22573e-05 0.127484 -0.00598185 0.296632 0.364935 0.0935019 0.0841544 0.256209 0.669368 0.104438 0.00361218 -0.029595 -0.00134174 0.0265475 -0.107114 -0.00563125 -0.0926737 -0.103853 -0.0254776 0.0318774 0.00954419 -0.0208297 -0.0447512 -0.0959167 0.0404517
internal_weight=41324 1859 39465 311 266 1548 1516 196 70 1360 28063 11402 23878 3183 45 20695 156 599 10803 4185 1161 8704 2099 579 3024
internal_count=41324 1859 39465 311 266 1548 1516 196 70 1360 28063 11402 23878 3183 45 20695 156 599 10803 4185 1161 8704 2099 579 3024
is_linear=0
shrinkage=0.05


Tree=32
num_leaves=26
num_cat=0
split_feature=8 8 9 1 9 18 8 9 22 8 4 8 18 25 23 9 0 9 17 3 18 2 1 5 18
split_gain=11416.7 3857.53 3274.01 3096.11 3178.43 2313.2 2036.03 1962.88 1617.64 1576.04 1534.25 945.866 1008.95 1008.1 731.291 723.194 568.133 548.959 478.346 444.598 389.98 348.478 329.604 318.374 218.739
threshold=1.5000000000000002 5.5000000000000009 -1.0000000180025095e-35 201.50000000000003 19.500000000000004 37.900000000000013 21.500000000000004 16.500000000000004 -0.32143946530316159 -1.4999999999999998 11.500000000000002 -1.0000000180025095e-35 0.50000000000000011 0.99548449742306444 0.47114434510950071 3.5000000000000004 -8.4999999999999982 -2.4999999999999996 2.3000000000000012 240.50000000000003 0.70000000000000018 67.500000000000014 -17.499999999999996 221.50000000000003 12.900000000000004
decision_type=10 10 8 10 8 10 10 10 2 10 10 8 10 2 2 10 2 10 8 10 10 8 10 8 10
left_child=2 5 9 4 8 7 -6 10 -3 19 -2 15 16 -14 -5 21 -13 22 -9 24 -19 -4 -11 -21 -1
right_child=1 3 11 14 6 -7 -8 18 -10 17 -12 12 13 -15 -16 -17 -18 20 -20 23 -22 -23 -24 -25 -26
leaf_value=-0.067831218959346851 0.022680954628189968 0.34152033754757477 -0.010552702308260895 0.086785596989405661 0.18907478436488998 0.50952029842883351 0.72145178079605099 -0.14553291564550969 0.83215228936501928 0.17127859078347685 0.13606584301129115 0.038136188274246911 0.03370217587334795 0.32021228755193376 -0.31723739887986868 -0.28340130802243951 0.0028908744524510518 -0.014617936561068507 0.045294612700595184 -0.31836526509254215 0.012468145593120868 -0.091209084155203679 -0.032120396648787068 -0.12158267947494006 -0.22761811986565592
leaf_weight=810 442 28 376 24 176 32 20 109 42 20 918 1243 3193 31 21 32 14265 12863 47 31 1482 208 4828 61 22
leaf_count=810 442 28 376 24 176 32 20 109 42 20 918 1243 3193 31 21 32 14265 12863 47 31 1482 208 4828 61 22
internal_value=2.11444e-05 0.12111 -0.00568276 0.281801 0.346689 0.0888268 0.243399 0.0799467 0.6359 -0.0198062 0.0992158 0.00900202 0.0110068 0.0364571 -0.101758 -0.0519613 0.00571586 -0.0167355 -0.08804 -0.0835896 -0.0118196 -0.0392796 -0.0312813 -0.18789 -0.0720564
internal_weight=41324 1859 39465 311 266 1548 196 1516 70 20117 1360 19348 18732 3224 45 616 15508 19193 156 924 14345 584 4848 92 832
internal_count=41324 1859 39465 311 266 1548 196 1516 70 20117 1360 19348 18732 3224 45 616 15508 19193 156 924 14345 584 4848 92 832
is_linear=0
shrinkage=0.05


Tree=33
num_leaves=22
num_cat=0
split_feature=8 9 19 18 24 25 9 0 1 8 8 13 7 19 11 8 11 2 18 9 11
split_gain=10352.8 3795.2 2858.01 2698.06 2516.78 1963.62 1774.92 1709.96 1676.41 1948.12 1414.34 1317.56 1115.49 1091.45 954.237 658.967 700.009 553.145 375.746 326.232 189.889
threshold=2.5000000000000004 1.0000000180025095e-35 62.20000000000001 36.500000000000007 0.45972848220565493 0.67123509350548771 -3.4999999999999996 157.50000000000003 160.50000000000003 5.5000000000000009 -1.0000000180025095e-35 117.50000000000001 30.500000000000004 11.200000000000005 -1.4999999999999998 -2.4999999999999996 3.5000000000000004 38.500000000000007 1.7000000000000004 3.5000000000000004 -7.4999999999999991
decision_type=10 8 10 10 2 2 10 2 10 10 8 8 10 10 8 10 10 10 10 10 10
left_child=1 6 4 10 8 11 15 -7 9 -2 19 -6 -10 -12 20 18 -17 -16 -1 -3 -8
right_child=2 3 -4 -5 5 7 14 -9 12 -11 13 -13 -14 -15 17 16 -18 -19 -20 -21 -22
leaf_value=-0.10123662365436115 0.081703327600127815 -0.07635062454802985 0.74446316879420049 0.58746186920574739 0.2415224114795112 0.66506992280483246 -0.094467218861110133 0.27995624717857159 0.038185782842705712 0.28935403751689681 0.018134862902096427 -0.18625561880568664 -0.29968675987588034 0.076088649809365763 0.00059671529167513125 -0.04847905579860784 0.15982496893578552 -0.015624327513628225 -0.26522921396696825 -0.24980049128493956 -0.030061224707606783
leaf_weight=136 390 216 21 21 72 49 118 70 76 159 9906 24 36 885 14517 2475 41 8238 47 31 3796
leaf_count=136 390 216 21 21 72 49 118 70 76 159 9906 24 36 885 14517 2475 41 8238 47 31 3796
internal_value=2.00872e-05 -0.00370776 0.168031 0.0212572 0.154212 0.302813 -0.0131087 0.438532 0.105877 0.141843 0.02018 0.134578 -0.0704161 0.0228878 -0.00919833 -0.0517476 -0.0450846 -0.00527579 -0.143355 -0.0981196 -0.0320029
internal_weight=41324 40427 897 11059 876 215 29368 119 661 549 11038 96 112 10791 26669 2699 2516 22755 183 247 3914
internal_count=41324 40427 897 11059 876 215 29368 119 661 549 11038 96 112 10791 26669 2699 2516 22755 183 247 3914
is_linear=0
shrinkage=0.05


Tree=34
num_leaves=29
num_cat=0
split_feature=8 8 9 0 11 9 18 19 8 11 9 11 18 17 24 11 17 21 20 10 2 18 2 9 18 5 11 19
split_gain=9420.92 3137.51 2716.63 2403.67 2908.23 2004.97 2890.08 1824.34 1466.28 1332.54 1081.23 908.79 898.711 886.703 774.37 730.559 429.211 384.411 406.133 381.01 287.299 283.609 215.652 183.604 182.002 161.953 122.179 37.9555
threshold=1.5000000000000002 5.5000000000000009 -1.4999999999999998 200.50000000000003 8.5000000000000018 16.500000000000004 37.900000000000013 43.100000000000016 4.5000000000000009 1.5000000000000002 -6.4999999999999991 4.5000000000000009 1.1000000000000003 1.0000000180025095e-35 0.012910176522261252 -2.4999999999999996 2.3000000000000012 59.400000000000048 8.9000000000000039 21.500000000000004 105.50000000000001 0.70000000000000018 243.50000000000003 20.500000000000004 1.0000000180025095e-35 91.500000000000014 -21.499999999999996 7.6000000000000023
decision_type=10 10 8 2 8 10 10 10 10 10 10 10 10 8 2 8 8 10 10 8 10 10 10 10 8 8 8 8
left_child=2 5 10 4 11 6 8 -6 -2 12 19 -3 15 -14 -5 -4 24 18 -11 22 21 -12 -1 -18 -7 -22 -21 -19
right_child=1 3 9 14 7 16 -8 -9 -10 17 20 -13 13 -15 -16 -17 23 27 -20 26 25 -23 -24 -25 -26 -27 -28 -29
leaf_value=-0.067029273781502294 0.080804972278042508 0.4293692578440127 -0.038068668040595076 -0.20657839102204889 0.18733527332177743 -0.066032803042427354 0.65635701644679778 0.68963243888691073 0.35153827772547425 0.024846327662895188 -0.020968690565571643 0.85707099567408918 0.10073035719512075 0.014833811273207024 0.18417033038678624 -0.0022403689798589175 0.10707174404524267 -0.066914034001529218 0.072061745166978997 -0.31295017868280417 -0.11524029686389602 0.011508024173615931 -0.16830270462116953 -0.075874812287899357 -0.19685202663143475 -0.036704067760907483 -0.16027279258092963 -0.16017780210822821
leaf_weight=482 1308 23 1534 32 188 46 23 20 52 3620 8108 27 344 2373 21 19627 32 20 521 20 68 733 59 24 63 1894 38 24
leaf_count=482 1308 23 1534 32 188 46 23 20 52 3620 8108 27 344 2373 21 19627 32 20 521 20 68 733 59 24 63 1894 38 24
internal_value=1.90828e-05 0.110016 -0.00516234 0.254936 0.317938 0.0809013 0.100556 0.235633 0.0911565 0.00319952 -0.0257428 0.660328 -0.00136181 0.0257092 -0.0517534 -0.00483763 -0.0838417 0.0292247 0.0307867 -0.0911308 -0.0221172 -0.0182761 -0.0780739 0.0286661 -0.141644 -0.039426 -0.21292 -0.117785
internal_weight=41324 1859 39465 311 258 1548 1383 208 1360 28063 11402 50 23878 2717 53 21161 165 4185 4141 599 10803 8841 541 56 109 1962 58 44
internal_count=41324 1859 39465 311 258 1548 1383 208 1360 28063 11402 50 23878 2717 53 21161 165 4185 4141 599 10803 8841 541 56 109 1962 58 44
is_linear=0
shrinkage=0.05


Tree=35
num_leaves=28
num_cat=0
split_feature=9 18 15 23 13 22 6 23 0 19 5 23 9 6 0 16 4 6 0 19 6 10 5 19 21 10 3
split_gain=7148.92 4897.95 4571.72 6515.56 8188.08 3407.01 2143.12 1934.58 1909.58 1059.8 1144.38 1187.94 844.628 1885.63 676.589 599.232 564.022 893.396 543.31 723.838 798.378 429.044 422.356 478.715 373.23 236.422 234.583
threshold=1.5000000000000002 10.100000000000003 1.0000000180025095e-35 0.68322629814330826 214.50000000000003 0.97335555334614954 134.50000000000003 -0.290129255202841 111.50000000000001 0.70000000000000018 10.500000000000002 0.68322629814330826 -1.4999999999999998 145.50000000000003 -8.4999999999999982 5.3000000000000016 154.50000000000003 126.50000000000001 217.50000000000003 3.1000000000000014 136.50000000000003 11.500000000000002 88.500000000000014 4.1000000000000023 52.000000000000021 -3.4999999999999996 143.50000000000003
decision_type=10 10 10 2 8 2 10 2 2 10 10 2 8 10 2 8 10 10 2 10 8 8 8 10 10 10 10
left_child=8 9 3 7 -5 6 -4 -3 12 16 21 -12 15 14 -14 25 17 -2 22 20 -20 -11 26 -24 -21 -1 -10
right_child=1 2 5 4 -6 -7 -8 -9 18 10 11 -13 13 -15 -16 -17 -18 -19 19 24 -22 -23 23 -25 -26 -27 -28
leaf_value=-0.013754856047694145 0.016602905975739431 0.37607624562723296 0.026950759493957727 1.1614305042558246 -0.054465792477130896 0.57456214550663443 0.47130143051838563 -0.0071497368963732242 -0.056545738584827636 0.028235830927497887 0.04961734262879449 0.13685977680850256 0.030285745601668114 0.47379299421750365 -0.0026974547581843631 0.25566045396728443 -0.21890057849884037 0.22522309170696314 -0.50855186812579634 -0.21306637913891763 -0.15090808731661193 -0.067562733680523679 -0.045865236354703839 0.013007893832177637 -0.02904936720876436 -0.032331684589239275 -0.18810802958646999
leaf_weight=6967 3914 63 422 45 20 34 29 69 64 356 1086 609 1681 21 20713 20 25 52 20 33 71 174 1985 418 167 2271 72
leaf_count=6967 3914 63 422 45 20 34 29 69 64 356 1086 609 1681 21 20713 20 25 52 20 33 71 174 1985 418 167 2271 72
internal_value=0.000749044 0.0472168 0.174414 0.377536 0.787309 0.0919094 0.0555232 0.175754 -0.00854101 0.0332611 0.0609115 0.0809629 -0.00502493 0.000222512 -0.000221579 -0.0177298 0.0178459 0.0193382 -0.0478925 -0.112605 -0.229511 -0.00321502 -0.0404757 -0.0356243 -0.0594122 -0.0183216 -0.126196
internal_weight=41401 6898 682 197 65 485 451 132 34503 6216 2225 1695 31673 22415 22394 9258 3991 3966 2830 291 91 530 2539 2403 200 9238 136
internal_count=41401 6898 682 197 65 485 451 132 34503 6216 2225 1695 31673 22415 22394 9258 3991 3966 2830 291 91 530 2539 2403 200 9238 136
is_linear=0
shrinkage=0.05


Tree=36
num_leaves=26
num_cat=0
split_feature=8 18 15 13 3 22 8 0 7 11 13 8 8 10 18 10 11 8 11 18 13 13 0 17 10
split_gain=9176.02 2974.26 4130.11 4143.6 6290.09 3083.05 2840.5 1712.85 1182.49 1133.44 2983.02 1680.61 1292.59 1225.68 1099.9 998.617 938.928 866.512 962.762 744.985 1008.92 561.317 539.178 513.026 445.937
threshold=2.5000000000000004 8.9000000000000039 1.0000000180025095e-35 203.50000000000003 65.500000000000014 0.95642797789208711 1.0000000180025095e-35 75.500000000000014 34.500000000000007 6.5000000000000009 158.50000000000003 4.5000000000000009 6.5000000000000009 27.500000000000004 36.100000000000009 -16.499999999999996 -1.0000000180025095e-35 -1.4999999999999998 -37.499999999999993 0.70000000000000018 181.50000000000003 208.50000000000003 -16.499999999999996 0.50000000000000011 5.5000000000000009
decision_type=10 10 10 10 10 2 8 2 10 8 8 10 10 10 10 8 10 10 8 10 10 10 2 10 10
left_child=6 9 3 4 -3 8 7 15 -4 10 11 -2 24 -14 19 -1 -17 18 -9 22 -21 -12 -8 -19 -11
right_child=1 2 5 -5 -6 -7 14 17 -10 12 21 -13 13 -15 -16 16 -18 23 -20 20 -22 -23 -24 -25 -26
leaf_value=0.33326029902832077 0.22250008965266571 0.075442352731313028 -0.015273764310852408 -0.03975875735282898 1.1311518917943155 0.67214302357930977 0.1299559434333328 -0.4213646098971367 0.26649619358880766 0.086972297108928925 0.017407010840252042 0.62669169539585712 0.41633680011775048 0.081254992913902535 0.39719862727448346 -0.014547996234053629 0.0040665664731226996 -0.031612501725534203 -0.070514182915656629 0.065401393314084996 -0.12505217344589431 -0.28460943967103963 0.014394049915692481 0.013211496858197783 -0.060543619571051199
leaf_weight=22 131 21 104 20 43 26 103 20 58 71 40 32 37 104 20 11667 16154 4321 875 1466 73 25 5035 749 184
leaf_count=22 131 21 104 20 43 26 103 20 58 71 40 32 37 104 20 11667 16154 4321 875 1466 73 25 5035 749 184
internal_value=0.000711592 0.158979 0.296958 0.588436 0.784747 0.166724 -0.0027894 -0.0086825 0.0856068 0.0988344 0.187643 0.301851 0.047702 0.169184 0.0269603 -0.00347335 -0.00373963 -0.0329974 -0.0783544 0.0258513 0.0563675 -0.0987532 0.0167107 -0.0249906 -0.0194706
internal_weight=41401 896 272 84 64 188 40505 33808 162 624 228 163 396 141 6697 27843 27821 5965 895 6677 1539 65 5138 5070 255
internal_count=41401 896 272 84 64 188 40505 33808 162 624 228 163 396 141 6697 27843 27821 5965 895 6677 1539 65 5138 5070 255
is_linear=0
shrinkage=0.05


Tree=37
num_leaves=24
num_cat=0
split_feature=8 18 5 15 9 9 9 11 0 9 18 25 8 5 18 11 0 15 11 8 11 12 11
split_gain=8288.92 3858.66 4276.55 3960.66 3769.7 3385.38 1572.87 1480.53 1987.16 1247.91 1217.21 1245.52 1008.51 968.427 927.444 777.073 772.911 617.862 561.799 499.131 465.65 385.099 196.01
threshold=3.5000000000000004 8.9000000000000039 19.500000000000004 1.0000000180025095e-35 29.500000000000004 1.0000000180025095e-35 2.5000000000000004 6.5000000000000009 64.500000000000014 -3.4999999999999996 0.70000000000000018 0.99548449742306444 6.5000000000000009 36.500000000000007 37.100000000000016 -1.4999999999999998 141.50000000000003 2.3000000000000007 -1.0000000180025095e-35 -4.4999999999999991 2.5000000000000004 20.143321106090664 -19.499999999999996
decision_type=10 10 8 10 10 8 8 8 2 10 10 2 10 10 10 8 2 8 10 10 10 8 10
left_child=5 6 -3 4 -4 9 -2 8 -8 17 16 14 -9 -5 -12 22 18 19 -7 -1 -17 -18 -11
right_child=1 2 3 13 -6 10 7 12 -10 15 11 -13 -14 -15 -16 20 21 -19 -20 -21 -22 -23 -24
leaf_value=-0.27670914640893107 -0.33188442602753643 1.0700017398595809 1.0627372986188641 -0.1161766899708328 0.24174950580144752 -0.001582864910427275 0.7462383842468262 -0.033526785133450525 0.16697087932966259 -0.17703269672664732 0.045619382860352262 0.42641527368263765 0.1607250484406737 0.21418418975021597 0.36459341619325725 -0.0049737365465759367 0.012427249081946652 0.23415478911250831 0.024550796688732994 -0.04280939103712017 0.049996437983497108 -0.14582653734833004 -0.027364293771333759
leaf_weight=23 20 20 27 31 29 3327 20 127 57 22 2479 22 141 78 23 22381 58 20 5385 2738 392 114 3867
leaf_count=23 20 20 27 31 29 3327 20 127 57 22 2479 22 141 78 23 22381 58 20 5385 2738 392 114 3867
internal_value=0.000676012 0.193488 0.379511 0.295815 0.637583 -0.00191992 0.0992021 0.124193 0.31743 -0.0108795 0.0212039 0.0518452 0.0686729 0.120228 0.0485516 -0.00755499 0.0124985 -0.042752 0.0145707 -0.0447578 -0.00402751 -0.0924619 -0.028211
internal_weight=41401 550 185 165 56 40851 365 345 77 29443 11408 2524 268 109 2502 26662 8884 2781 8712 2761 22773 172 3889
internal_count=41401 550 185 165 56 40851 365 345 77 29443 11408 2524 268 109 2502 26662 8884 2781 8712 2761 22773 172 3889
is_linear=0
shrinkage=0.05


Tree=38
num_leaves=31
num_cat=0
split_feature=9 18 15 23 13 18 0 11 0 11 7 13 2 18 11 16 4 0 20 11 5 20 5 9 23 21 14 3 25 14
split_gain=5404.19 3635.28 3628.67 5342.21 6657.36 1845.32 1494.99 1281.73 1893.59 1123.79 781.503 775.418 785.247 875.907 709.994 1085.65 698.932 452.16 630.157 374.264 349.563 334.833 327.006 320.964 291.387 261.519 200.761 195.747 111.098 79.58
threshold=1.5000000000000002 10.100000000000003 1.0000000180025095e-35 0.68322629814330826 214.50000000000003 12.900000000000004 111.50000000000001 8.5000000000000018 146.50000000000003 2.5000000000000004 66.500000000000014 31.500000000000004 183.50000000000003 0.70000000000000018 -1.4999999999999998 6.3000000000000016 36.500000000000007 217.50000000000003 47.300000000000018 -1.0000000180025095e-35 88.500000000000014 12.900000000000004 114.50000000000001 7.5000000000000009 0.68322629814330826 1.0000000180025095e-35 -12.499999999999998 143.50000000000003 -0.99759335219843681 167.50000000000003
decision_type=10 10 10 2 8 10 2 10 2 10 10 10 8 10 8 8 10 2 10 10 8 10 10 10 2 8 8 10 2 10
left_child=6 11 3 5 -5 -3 9 10 -9 14 -4 19 13 -13 15 -1 -16 20 24 28 27 26 -14 -21 -19 -22 -11 -8 -2 -20
right_child=1 2 7 4 -6 -7 17 8 -10 21 -12 12 22 -15 16 -17 -18 18 29 23 25 -23 -24 -25 -26 -27 -28 -29 -30 -31
leaf_value=-0.024967276344773408 0.10449093338567764 0.47267879794041323 0.02994051342259961 1.0399784391456179 -0.056389484852552421 0.04094268730041957 -0.049847740038421767 0.50492953442429245 -0.096133839935064316 0.18141004479179779 0.31281286546817194 0.034334920837270751 -0.173112835145245 0.097004363211612765 0.0035314283733246864 0.34419276558794087 -0.013575960369193049 -0.13230416378800702 0.022692622946432005 0.028244036007330234 -0.12773108969387764 0.23572703816548543 -0.0091582161733454251 -0.046126828756026153 -0.29999721283093095 -0.028259151871702526 0.048514318989558713 -0.17002736212582226 -0.01456800808285609 -0.057873733452840408
leaf_weight=4733 20 33 401 45 20 99 64 38 20 30 26 1582 48 861 17171 20 9153 136 65 2503 68 27 83 154 32 2335 539 72 965 58
leaf_count=4733 20 33 401 45 20 99 64 38 20 30 26 1582 48 861 17171 20 9153 136 65 2503 68 27 83 154 32 2335 539 72 965 58
internal_value=0.000642212 0.0410436 0.150626 0.331589 0.702634 0.148877 -0.00743503 0.0771215 0.297666 -0.00432396 0.0471646 0.0290206 0.0500268 0.0564219 -0.00562824 -0.0234139 -0.00241691 -0.0422537 -0.101288 0.0141743 -0.0354876 0.0636848 -0.0692332 0.0239335 -0.164246 -0.031074 0.0555211 -0.113472 -0.0121506 -0.015298
internal_weight=41401 6898 682 197 65 132 34503 485 58 31673 427 6216 2574 2443 31077 4753 26324 2830 291 3642 2539 596 131 2657 168 2403 569 136 985 123
internal_count=41401 6898 682 197 65 132 34503 485 58 31673 427 6216 2574 2443 31077 4753 26324 2830 291 3642 2539 596 131 2657 168 2403 569 136 985 123
is_linear=0
shrinkage=0.05


Tree=39
num_leaves=22
num_cat=0
split_feature=8 19 24 9 5 4 9 0 6 25 17 16 0 8 11 9 19 20 22 9 9
split_gain=7087.08 2704.85 4890.55 2396.64 1735.57 1628.9 1580.79 1077.93 1014.72 6316.91 958.201 2399.69 975.5 679.964 575.973 575.637 498.954 489.143 392.375 311.255 285.819
threshold=2.5000000000000004 45.300000000000018 -0.79877197597864613 1.0000000180025095e-35 181.50000000000003 11.500000000000002 30.500000000000004 108.50000000000001 149.50000000000003 0.80392796183282111 9.7000000000000028 0.3000000000000001 205.50000000000003 -1.0000000180025095e-35 2.5000000000000004 12.500000000000002 45.500000000000021 63.100000000000037 0.95642797789208711 -6.4999999999999991 10.500000000000002
decision_type=10 10 2 8 10 8 10 2 10 2 10 10 2 8 10 10 10 10 2 10 8
left_child=3 4 17 7 5 15 -7 8 14 -10 12 -12 13 -5 -1 -2 19 -3 -13 -9 -14
right_child=1 2 -4 10 -6 6 -8 16 9 -11 11 18 20 -15 -16 -17 -18 -19 -20 -21 -22
leaf_value=-0.0082845313332513461 0.048653931445928653 -0.087032715403474875 0.89608391122892506 -0.073235335839903298 -0.34788866549730302 0.19041110686185977 -0.0053349215859972588 -0.070965697273291772 -0.047850689768399068 0.84541581249237074 0.6003186659968418 0.042791879597979671 -0.10055637502615962 0.018273577684763138 0.059838201005788884 -0.17427318726538443 -0.26181756734848022 0.23219249978661538 0.25630635914082328 -0.029069995453246289 -0.31421877264976505
leaf_weight=26210 67 20 32 207 20 549 127 554 95 25 23 208 72 10509 314 51 25 30 24 2219 20
leaf_count=26210 67 20 32 207 20 549 127 554 95 25 23 208 72 10509 314 51 25 30 24 2219 20
internal_value=0.000610101 0.139701 0.413412 -0.00246669 0.112128 0.123715 0.153636 -0.00992207 -0.00682175 0.138246 0.0173743 0.113174 0.0151141 0.0165059 -0.00747807 -0.0476959 -0.0394449 0.104502 0.0648796 -0.0374401 -0.147005
internal_weight=41401 896 82 40505 814 794 676 29442 26644 120 11063 255 10808 10716 26524 118 2798 50 232 2773 92
internal_count=41401 896 82 40505 814 794 676 29442 26644 120 11063 255 10808 10716 26524 118 2798 50 232 2773 92
is_linear=0
shrinkage=0.05


Tree=40
num_leaves=22
num_cat=0
split_feature=8 19 9 4 5 24 0 0 9 11 19 21 21 8 10 8 19 4 10 17 10
split_gain=6896.69 2436.3 1828.15 1648.47 4796.93 1687.23 1145.64 1065.83 982.783 874.158 857.672 845.531 630.706 581.758 573.05 561.029 459.692 375.874 339.318 225.231 137.309
threshold=2.5000000000000004 62.20000000000001 1.0000000180025095e-35 11.500000000000002 10.500000000000002 0.47494667389482614 205.50000000000003 66.500000000000014 -6.4999999999999991 2.5000000000000004 11.200000000000005 13.800000000000001 54.100000000000016 -2.4999999999999996 5.5000000000000009 -1.0000000180025095e-35 38.300000000000018 225.50000000000003 -14.499999999999998 14.700000000000001 72.500000000000014
decision_type=10 10 8 10 8 2 2 2 10 10 10 10 10 10 8 8 10 10 10 8 10
left_child=2 3 7 14 -5 -6 10 8 -1 -10 15 -12 20 16 -2 -4 -9 -14 -15 -16 -8
right_child=1 -3 6 4 5 -7 12 13 9 -11 11 -13 17 18 19 -17 -18 -19 -20 -21 -22
leaf_value=0.34607600936666133 0.19887941939675291 0.68357421860098844 -0.068785388279823209 0.91959943905472752 0.091079414707957121 0.27263489112180345 -0.21128632802826663 -0.078023159464426117 -0.0055564388050646993 0.092625513510558935 0.18514642397138648 0.043630475204616978 0.1329880600174268 -0.05131357813830565 -0.10420053873211146 0.013608426250380709 -0.28509439823683352 -0.13924725703545845 -0.019533797657244004 0.079605571208521728 -0.38041971668601038
leaf_weight=20 23 20 211 20 537 168 30 165 22651 229 123 744 21 993 100 9914 32 32 5449 20 20
leaf_count=20 23 20 211 20 537 168 30 165 22651 229 123 744 21 993 100 9914 32 32 5449 20 20
internal_value=0.000130755 0.137975 -0.00288165 0.125404 0.156006 0.134344 0.0144231 -0.00938139 -0.00426752 -0.00457376 0.0159784 0.0637071 -0.151555 -0.0270208 -0.0297463 0.0118914 -0.111659 -0.0313804 -0.0244325 -0.0735662 -0.27894
internal_weight=41522 888 40634 868 725 705 11095 29539 22900 22880 10992 867 103 6639 143 10125 197 53 6442 120 50
internal_count=41522 888 40634 868 725 705 11095 29539 22900 22880 10992 867 103 6639 143 10125 197 53 6442 120 50
is_linear=0
shrinkage=0.05


Tree=41
num_leaves=25
num_cat=0
split_feature=8 9 7 5 12 8 8 0 19 8 23 12 11 18 19 4 21 11 0 10 9 9 7 18
split_gain=6294.03 2278.49 3423.92 3913.99 4166.12 2055.13 1766.27 1292.35 1113.87 1273.35 1024.21 907.23 809.869 1252.66 802.801 715.708 2292.66 676.334 568.171 544.976 508.581 488.969 196.314 128.182
threshold=3.5000000000000004 17.500000000000004 66.500000000000014 56.500000000000007 20.143321106090664 1.0000000180025095e-35 20.500000000000004 66.500000000000014 14.200000000000005 5.5000000000000009 0.55557023301960229 21.047772255017623 -6.4999999999999991 12.900000000000004 11.200000000000005 14.500000000000002 14.1 1.0000000180025095e-35 -18.499999999999996 -16.499999999999996 26.500000000000004 9.5000000000000018 -12.499999999999998 29.300000000000004
decision_type=10 8 10 8 8 8 10 2 8 10 2 10 10 10 10 10 10 10 2 10 8 10 10 10
left_child=5 2 3 4 -2 7 8 11 20 -10 -5 17 13 -9 18 23 -17 -1 22 -14 -3 -20 -7 -16
right_child=1 6 -4 10 -6 14 -8 12 9 -11 -12 -13 19 -15 15 16 -18 -19 21 -21 -22 -23 -24 -25
leaf_value=-0.0071520328033692158 0.21037196267006575 0.067502996656629774 0.71249422022165398 0.042620187317547596 0.89259369795949306 0.1032591468654573 0.50260761457940806 -0.068021875125016493 -0.073661158665676005 0.25011786757588234 -0.35497760957479479 0.33443980097770692 -0.059618815835360398 -0.41782876468367047 -0.021722526280501985 0.49089158264121835 0.073378785077523628 0.011051391960122673 0.01748160103809826 -0.016071371330479128 -0.11532492835928376 -0.057593401341595588 0.28654986573826696 0.10572928627106278
leaf_weight=19719 98 63 39 46 29 48 23 491 44 98 25 20 818 27 191 35 543 6884 6014 5903 96 225 21 22
leaf_count=19719 98 63 39 46 29 48 23 491 44 98 25 20 818 27 191 35 543 6884 6014 5903 96 225 21 22
internal_value=0.000124217 0.166465 0.284283 0.199938 0.366155 -0.00215398 0.0802837 -0.00728197 0.0480131 0.149792 -0.097379 -0.0021885 -0.0260143 -0.0862551 0.0223063 0.0697888 0.0986607 -0.00244157 0.0163522 -0.0213714 -0.0428837 0.0147741 0.159043 -0.00855849
internal_weight=41522 561 237 198 127 40961 324 33862 301 142 71 26623 7239 518 7099 791 578 26603 6308 6721 159 6239 69 213
internal_count=41522 561 237 198 127 40961 324 33862 301 142 71 26623 7239 518 7099 791 578 26603 6308 6721 159 6239 69 213
is_linear=0
shrinkage=0.05


Tree=42
num_leaves=22
num_cat=0
split_feature=8 4 5 9 20 2 24 20 25 4 5 10 16 8 10 9 10 10 8 10 22
split_gain=5689.46 1685.82 4053.94 1597.07 1578.25 3698.27 1660.01 1054.27 1071.83 833.673 537.383 680.105 517.206 504.639 495.442 453.857 338.973 311.704 227.614 198.072 84.3651
threshold=2.5000000000000004 11.500000000000002 10.500000000000002 -1.4999999999999998 63.100000000000037 142.50000000000003 0.47494667389482614 8.7000000000000046 0.99164058729498161 170.50000000000003 41.500000000000007 -3.4999999999999996 7.3000000000000007 -2.4999999999999996 5.5000000000000009 6.5000000000000009 6.5000000000000009 -16.499999999999996 3.5000000000000004 17.500000000000004 -0.41248606129204546
decision_type=10 10 8 8 10 10 2 10 2 10 8 8 8 10 8 10 10 8 10 10 2
left_child=3 14 -3 12 6 -6 -4 10 9 -9 11 -5 13 16 -2 -12 -1 -15 20 -20 -16
right_child=1 2 4 7 5 -7 -8 8 -10 -11 15 -13 -14 17 18 -17 -18 -19 19 -21 -22
leaf_value=-0.067865044610394595 0.18065353528313016 0.85773964271880687 0.070621807091957881 0.034533792729401845 0.87409790070808457 0.018418274558747987 0.25201659965816708 0.03440516849962709 0.31064672884257405 -0.085768612939864403 -0.0081583718472051266 0.0021220520037057711 0.23569703720975665 -0.0521117123009084 -0.091782778324115855 -0.09704962254387059 -0.24014294036797118 -0.015452903601753385 -0.054357653217656281 -0.24416001560511413 0.030024182197997684
leaf_weight=155 23 20 506 1809 23 28 168 2855 34 152 8719 15369 20 613 21 146 35 10727 28 27 44
leaf_count=155 23 20 506 1809 23 28 168 2855 34 152 8719 15369 20 613 21 146 35 10727 28 27 44
internal_value=0.000118006 0.125318 0.155501 -0.00261807 0.136129 0.404313 0.115836 0.00362864 0.031487 0.0283305 0.000375662 0.0055353 -0.0183479 -0.0187885 -0.0319278 -0.00962235 -0.0996004 -0.0174345 -0.0726726 -0.147533 -0.00932884
internal_weight=41522 888 745 40634 725 51 674 29084 3041 3007 26043 17178 11550 11530 143 8865 190 11340 120 55 65
internal_count=41522 888 745 40634 725 51 674 29084 3041 3007 26043 17178 11550 11530 143 8865 190 11340 120 55 65
is_linear=0
shrinkage=0.05


Tree=43
num_leaves=26
num_cat=0
split_feature=8 9 7 5 13 8 20 16 8 0 23 9 11 18 17 16 9 8 9 23 11 8 10 21 21
split_gain=5204 2055.2 3031.13 3530.86 3062.89 1763.33 1679.33 1698.42 2438.52 1092.66 923.035 867.065 742.946 922.983 689.664 1898.21 720.486 821.623 640.849 599.842 597.567 492.297 490.348 474.215 400.098
threshold=3.5000000000000004 17.500000000000004 66.500000000000014 56.500000000000007 112.50000000000001 1.0000000180025095e-35 30.300000000000008 1.0000000180025095e-35 7.5000000000000009 66.500000000000014 0.55557023301960229 -6.4999999999999991 -21.499999999999996 9.6999999999999993 9.7000000000000028 0.3000000000000001 11.500000000000002 2.5000000000000004 60.500000000000007 0.44228869021900113 1.0000000180025095e-35 13.500000000000002 -16.499999999999996 2.5000000000000013 23.499999999999989
decision_type=10 8 10 8 8 8 8 10 10 2 2 8 8 8 10 8 10 10 8 2 10 10 10 8 10
left_child=5 2 3 4 -2 9 18 8 -8 11 -5 -1 13 -11 16 -16 17 -7 21 -9 -13 -3 -14 -18 -17
right_child=1 6 -4 10 -6 14 7 19 -10 12 -12 20 22 -15 15 24 23 -19 -20 -21 -22 -23 -24 -25 -26
leaf_value=0.32706634675618262 0.23248069173884842 -0.019484806941209003 0.66616196132814276 0.034415450416829273 0.89344014461551391 0.017731012832324086 0.035813440479662111 0.15802794382582572 0.71530653834342961 -0.082775234711634657 -0.34303442296385767 -0.0067049732649644995 -0.056724245857326411 -0.46400987386703491 0.5589223404725393 -0.064750576802358337 0.091167654309953966 0.1266167257980475 -0.2865885782241821 -0.15831796399358175 0.010398381990790481 0.22781039489352187 -0.017114574760186206 -0.11156713483605261 0.0984237584256515
leaf_weight=20 106 161 39 46 21 6491 23 43 31 77 25 19710 893 20 21 49 35 178 20 23 6893 23 6249 164 161
leaf_count=20 106 161 39 46 21 6491 23 43 31 77 25 19710 893 20 21 49 35 178 20 23 6893 23 6249 164 161
internal_value=0.000112106 0.151365 0.263261 0.183901 0.341773 -0.00195944 0.0695152 0.217934 0.425893 -0.00670945 -0.0984894 -0.00202598 -0.0239339 -0.16138 0.0206979 0.105675 0.0178398 0.0206372 -0.0177901 0.0477862 -0.00227339 0.0114271 -0.0220672 -0.0759103 0.0603497
internal_weight=41522 561 237 198 127 40961 324 120 54 33862 71 26623 7239 97 7099 231 6868 6669 204 66 26603 184 7142 199 210
internal_count=41522 561 237 198 127 40961 324 120 54 33862 71 26623 7239 97 7099 231 6868 6669 204 66 26603 184 7142 199 210
is_linear=0
shrinkage=0.05


Tree=44
num_leaves=19
num_cat=0
split_feature=8 4 5 9 25 9 8 8 15 9 17 16 0 11 9 0 10 12
split_gain=4696.61 2007.12 5810.92 1715.27 3118.62 1594.27 1193.75 943.212 889.653 877.196 784.999 1612.08 651.65 564.099 403.962 337.692 236.965 109.818
threshold=3.5000000000000004 11.500000000000002 12.500000000000002 17.500000000000004 0.53435276464917691 1.0000000180025095e-35 20.500000000000004 -1.0000000180025095e-35 9.6000000000000032 -2.4999999999999996 9.7000000000000028 0.3000000000000001 205.50000000000003 2.5000000000000004 3.5000000000000004 -18.499999999999996 17.500000000000004 5.1613289893804533
decision_type=10 10 10 10 2 8 10 8 8 10 10 8 2 10 10 2 10 8
left_child=5 16 -3 4 -4 8 -5 14 9 15 12 -12 -9 -11 17 -1 -2 -7
right_child=1 2 3 6 -6 7 -8 10 -10 13 11 -13 -14 -15 -16 -17 -18 -19
leaf_value=0.13393226771149785 -0.038654081310544701 1.0121496386826039 0.079139511142339969 0.035053939808329403 0.48400264173746116 0.010772167146205902 0.41840536811135032 0.015151108430676047 0.31732866593769621 -0.0049072946916772775 0.49055999830209962 0.062066341055727448 -0.11848549886869833 0.057736262700788368 -0.24224686050130165 -0.026466809019336363 -0.23580212284017496 -0.07563339885401392
leaf_weight=33 35 20 108 264 85 47 22 10799 21 23302 24 257 92 365 34 5818 27 169
leaf_count=33 35 20 108 264 85 47 22 10799 21 23302 24 257 92 365 34 5818 27 169
internal_value=0.000106501 0.143797 0.177133 0.142268 0.257447 -0.00186147 0.0645425 0.0140018 -0.00799541 -0.00822685 0.0161511 0.0986637 0.0140222 -0.00394119 -0.0820486 -0.0255621 -0.124509 -0.0568322
internal_weight=41522 561 499 479 193 40961 286 11422 29539 29518 11172 281 10891 23667 250 5851 62 216
internal_count=41522 561 499 479 193 40961 286 11422 29539 29518 11172 281 10891 23667 250 5851 62 216
is_linear=0
shrinkage=0.05


Tree=45
num_leaves=17
num_cat=0
split_feature=11 19 19 21 2 18 19 11 21 18 4 5 6 19 19 10
split_gain=3054.74 2241.75 1279.32 1588.32 1190.69 1435.37 1122.54 1174.76 1072.14 1066.21 964.879 660.442 1014.72 758.58 427.849 266.945
threshold=2.5000000000000004 46.800000000000011 3.9000000000000017 4.900000000000003 200.50000000000003 37.70000000000001 2.100000000000001 -33.499999999999993 2.5000000000000013 36.900000000000013 119.50000000000001 151.50000000000003 127.50000000000001 1.0000000180025095e-35 52.900000000000013 70.500000000000014
decision_type=10 10 10 8 10 10 10 8 8 10 8 10 10 10 10 8
left_child=4 2 11 -4 5 6 7 -1 -8 -5 -6 12 -2 -13 15 -12
right_child=1 -3 3 9 10 -7 8 -9 -10 -11 14 13 -14 -15 -16 -17
leaf_value=0.37639719620347023 0.022089017454878967 0.42420518180498717 0.4733823064162776 0.073580575029133191 -0.42096432486083357 0.33170467140153054 0.17378345761413969 -0.0069228891056817773 0.015243669470615888 0.42660503062334931 -0.063205146708598225 -0.32137350392128744 0.19271625763235184 -0.018989726128056647 0.15987701542675495 -0.18666929391269782
leaf_weight=20 2051 39 27 769 20 32 109 32705 4923 22 411 28 91 80 20 49
leaf_count=20 2051 39 27 769 20 32 109 32705 4923 22 411 28 91 80 20 49
internal_value=-0.00016937 0.0475115 0.042723 0.0962715 -0.00403848 -0.00302426 -0.00330795 -0.00668862 0.0186779 0.0833992 -0.0806917 0.0232552 0.0293379 -0.0973855 -0.0665137 -0.0763568
internal_weight=41396 3107 3068 818 38289 37789 37757 32725 5032 791 500 2250 2142 108 480 460
internal_count=41396 3107 3068 818 38289 37789 37757 32725 5032 791 500 2250 2142 108 480 460
is_linear=0
shrinkage=0.05


Tree=46
num_leaves=26
num_cat=0
split_feature=8 18 15 24 9 14 15 10 24 0 9 18 0 10 11 8 11 18 20 7 10 6 5 20 12
split_gain=4449.95 1452.15 2018.34 1997.62 1354.33 1273.47 2252.24 1245.36 1785.46 1274.8 986.649 1175.26 865.938 1087.72 758.038 721.822 590.572 498.387 412.548 381.761 361.291 338.026 495.951 477.538 212.356
threshold=3.5000000000000004 6.1000000000000041 1.0000000180025095e-35 0.3975391329312199 1.5000000000000002 51.500000000000007 0.70000000000000018 36.500000000000007 0.47494667389482614 121.50000000000001 22.500000000000004 37.100000000000016 66.500000000000014 -15.499999999999998 2.5000000000000004 -1.0000000180025095e-35 -6.4999999999999991 11.5 64.300000000000026 53.500000000000007 -16.499999999999996 40.500000000000007 61.500000000000007 22.199999999999999 21.047772255017623
decision_type=10 10 10 2 8 8 10 8 2 2 10 10 2 8 10 8 8 10 10 10 10 10 10 8 10
left_child=4 7 3 -3 12 18 -7 8 9 -2 11 15 13 -1 -15 -6 17 -14 -4 -5 -18 23 -23 -9 -12
right_child=1 2 5 19 10 6 -8 21 -10 -11 24 -13 16 14 -16 -17 20 -19 -20 -21 -22 22 -24 -25 -26
leaf_value=0.36636374990455806 0.15992453470980086 0.69783284386667699 -0.053428954829181002 0.040470898349885834 -0.079231416050622117 0.0096654862165451057 0.73515762567520149 -0.02350171421622408 0.47637581253373951 -0.20917560616186981 -0.11526601016521454 0.40129083782434471 -0.07721030848469955 -0.0036292018377399645 0.061826931094699028 0.020011313136408304 -0.049415560204220624 -0.33780734211206442 0.18329673194541382 0.34940484531223776 -0.014833842557102302 -0.304036920553162 -0.023461797460913661 0.25476670825765252 -0.34567639797925953
leaf_weight=20 121 39 63 20 188 23 20 58 37 29 20 20 222 25896 450 7206 866 20 26 20 5907 21 63 21 20
leaf_count=20 121 39 63 20 188 23 20 58 37 29 20 20 222 25896 450 7206 866 20 26 20 5907 21 63 21 20
internal_value=-0.000160902 0.139702 0.243309 0.443202 -0.00208237 0.123675 0.347104 0.0772423 0.165298 0.0885652 0.0171871 0.0185233 -0.00638527 -0.00223137 -0.00251119 0.017488 -0.0219978 -0.0987473 0.0157269 0.194938 -0.0192555 -0.0237783 -0.0936056 0.0504684 -0.230471
internal_weight=41396 561 211 79 40835 132 43 350 187 150 7454 7414 33381 26366 26346 7394 7015 242 89 40 6773 163 84 79 40
internal_count=41396 561 211 79 40835 132 43 350 187 150 7454 7414 33381 26366 26346 7394 7015 242 89 40 6773 163 84 79 40
is_linear=0
shrinkage=0.05


Tree=47
num_leaves=16
num_cat=0
split_feature=19 9 19 4 14 0 10 12 6 0 9 10 19 19 0
split_gain=2630.69 2289.01 1169.7 1714.86 2725.61 923.414 978.154 728.582 948.705 546.075 465.693 339.509 235.844 174.177 163.682
threshold=62.20000000000001 1.5000000000000002 2.3000000000000012 14.500000000000002 -9.4999999999999982 66.500000000000014 -15.499999999999998 15.066463868169146 126.50000000000001 -18.499999999999996 -5.4999999999999991 7.5000000000000009 41.900000000000006 1.9000000000000006 117.50000000000001
decision_type=10 10 10 10 10 2 8 10 10 2 10 8 10 10 2
left_child=1 5 7 11 -5 6 -1 8 -3 -8 12 -4 -7 -12 -9
right_child=-2 2 3 4 -6 10 9 14 -10 -11 13 -13 -14 -15 -16
leaf_value=0.34804556513729046 0.57315112501382826 0.012495297022470096 0.023752312621463351 0.61018818790713958 0.073494546877284933 -0.048817107258336254 0.076170334795431449 -0.033665495244673938 0.1954922913030411 -0.0023934661082629406 -0.020490056146187707 -0.051829742234606624 -0.19112331933652363 0.001237700237652944 -0.12822751725713413
leaf_weight=20 20 4338 273 24 1653 987 223 83 72 27114 5000 326 30 1131 102
leaf_count=20 20 4338 273 24 1653 987 223 83 72 27114 5000 326 30 1131 102
internal_value=-0.000152857 -0.000429976 0.0259242 0.0552368 0.0811753 -0.00567791 -0.00149686 0.0114051 0.015483 -0.00175259 -0.0216797 -0.0173825 -0.0530149 -0.0164819 -0.0858024
internal_weight=41396 41376 6871 2276 1677 34505 27357 4595 4410 27337 7148 599 1017 6131 185
internal_count=41396 41376 6871 2276 1677 34505 27357 4595 4410 27337 7148 599 1017 6131 185
is_linear=0
shrinkage=0.05


Tree=48
num_leaves=16
num_cat=0
split_feature=8 4 5 9 13 8 9 9 18 15 20 9 11 11 3
split_gain=3798.08 1431.02 3311.57 1315.16 2342.65 1166.04 1107.59 827.623 989.957 632.672 614.212 515.038 369.846 257.688 238.903
threshold=3.5000000000000004 11.500000000000002 12.500000000000002 18.500000000000004 148.50000000000003 15.500000000000002 -1.0000000180025095e-35 23.500000000000004 37.100000000000016 4.5000000000000009 2.100000000000001 -5.4999999999999991 -1.4999999999999998 6.5000000000000009 243.50000000000003
decision_type=10 10 10 10 10 10 8 10 10 8 10 10 8 10 10
left_child=6 13 -3 4 -4 -5 9 8 10 11 -8 14 -13 -2 -1
right_child=1 2 3 5 -6 -7 7 -9 -10 -11 -12 12 -14 -15 -16
leaf_value=-0.038857175851609652 0.019401904026215729 0.77011018338657566 0.33335938881699967 0.016694594974625686 -0.031436494004631797 0.31832986167959265 0.0011487253307788615 -0.23002995284827979 0.34977825723943257 0.26406168484439457 0.020783908073213307 -0.023301845710788374 -0.0054551697239256843 -0.20151574792283955 -0.1281819100017523
leaf_weight=859 22 21 146 239 63 37 15160 37 21 21 5402 3562 15691 33 82
leaf_count=859 22 21 146 239 63 37 15160 37 21 21 5402 3562 15691 33 82
internal_value=-0.000145214 0.129068 0.155396 0.12878 0.223397 0.0571312 -0.00192038 0.00623296 0.00665766 -0.0102371 0.00630723 -0.0105223 -0.00875699 -0.113149 -0.0466411
internal_weight=41396 561 506 485 209 276 40835 20620 20583 20215 20562 20194 19253 55 941
internal_count=41396 561 506 485 209 276 40835 20620 20583 20215 20562 20194 19253 55 941
is_linear=0
shrinkage=0.05


Tree=49
num_leaves=23
num_cat=0
split_feature=8 10 18 22 5 11 1 11 0 8 8 4 9 18 5 20 23 5 21 10 23 18
split_gain=3427.77 1321.53 1881.7 3037.2 1954.03 1030.18 859.912 816.275 2085.18 1043.32 795.198 660.872 621.604 581.884 573.593 550.994 489.388 440.045 282.988 235.551 195.355 177.234
threshold=3.5000000000000004 75.500000000000014 8.9000000000000039 0.63405362205439497 37.500000000000007 1.5000000000000002 203.50000000000003 6.5000000000000009 64.500000000000014 6.5000000000000009 2.5000000000000004 125.50000000000001 18.500000000000004 0.70000000000000018 149.50000000000003 4.5000000000000027 0.25881904510252057 153.50000000000003 52.000000000000021 98.500000000000014 0.91037613702198772 18.300000000000004
decision_type=10 8 10 2 10 10 10 8 2 10 10 10 10 10 8 10 2 8 10 8 2 8
left_child=5 2 7 4 -4 6 10 8 -2 -9 13 -8 14 -1 15 -7 -12 -16 -13 20 -3 -21
right_child=1 19 3 -5 -6 12 11 9 -10 -11 16 18 -14 -15 17 -17 -18 -19 -20 21 -22 -23
leaf_value=-0.0070589771920244893 0.67590115610510115 -0.049141871111674444 -0.17338315084062775 0.70803052137295408 0.31370537539183257 0.014870896077677715 -0.28269536449677418 -0.040247527014331097 0.070068005407799269 0.16158149649026032 0.0046824119412466085 -0.11542914458620016 -0.20548608498948237 0.012431559912096327 -0.24561678491856742 0.053095143101154464 0.24164468297067115 -0.021735330095495255 -0.023570756712121825 -0.23703902250244502 0.14275109477208131 -0.02906388707458973
leaf_weight=30222 20 36 29 36 71 3974 36 140 49 118 37 134 31 4385 23 1236 53 480 224 21 21 20
leaf_count=30222 20 36 29 36 71 3974 36 140 49 118 37 134 31 4385 23 1236 53 480 224 21 21 20
internal_value=-0.000137953 0.122615 0.157921 0.314221 0.17245 -0.00182436 -0.00503742 0.0929153 0.245672 0.0520619 -0.00420335 -0.0784883 0.0178047 -0.00458936 0.0190163 0.0239391 0.144227 -0.0319725 -0.0579535 -0.0441881 0.0215555 -0.135588
internal_weight=41396 561 463 136 100 40835 35091 327 69 258 34697 394 5744 34607 5713 5210 90 503 358 98 57 41
internal_count=41396 561 463 136 100 40835 35091 327 69 258 34697 394 5744 34607 5713 5210 90 503 358 98 57 41
is_linear=0
shrinkage=0.05


Tree=50
num_leaves=16
num_cat=0
split_feature=8 19 10 9 10 8 7 8 17 6 8 11 9 12 9
split_gain=3557.15 2512.66 2280.26 1354.2 1079.53 1463.68 1729.08 1013.64 720.803 715.252 685.385 662.232 482.822 381.543 208.942
threshold=9.5000000000000018 3.9000000000000017 94.500000000000014 1.0000000180025095e-35 91.500000000000014 3.5000000000000004 73.500000000000014 12.500000000000002 9.7000000000000028 73.500000000000014 4.5000000000000009 -2.4999999999999996 -3.4999999999999996 60.686544828378025 20.500000000000004
decision_type=10 10 10 8 10 10 10 10 10 10 10 8 10 10 10
left_child=3 -2 7 10 5 8 -7 -3 -5 14 11 13 -13 -1 -6
right_child=1 2 -4 4 9 6 -8 -9 -10 -11 -12 12 -14 -15 -16
leaf_value=-0.031211675265692736 -0.036761982089433917 0.37997292904626756 0.012828570734709503 0.0089037787346113468 0.0433725081756711 0.064177316619708727 0.35321109833531694 0.83610346358397925 0.088626388355103863 -0.43081844642403583 -0.29948805004358292 -0.026855591471285946 -0.0026442434464763226 -0.20010293815284969 -0.17760007038064626
leaf_weight=2031 39 21 20 11040 20 341 61 29 291 21 20 2243 25123 34 23
leaf_count=2031 39 21 20 11040 20 341 61 29 291 21 20 2243 25123 34 23
internal_value=-0.000400162 0.284856 0.464043 -0.00115397 0.0131604 0.0142775 0.108036 0.644529 0.0109512 -0.191633 -0.0068878 -0.00668896 -0.00462868 -0.0339925 -0.0748221
internal_weight=41357 109 70 41248 11797 11733 402 50 11331 64 29451 29431 27366 2065 43
internal_count=41357 109 70 41248 11797 11733 402 50 11331 64 29451 29431 27366 2065 43
is_linear=0
shrinkage=0.05


Tree=51
num_leaves=22
num_cat=0
split_feature=8 19 20 18 8 23 3 0 12 19 13 18 19 14 22 17 23 19 20 24 0
split_gain=3212.41 2305.43 1143.16 1340.65 1131.29 1182.55 2253.5 3884.99 972.637 778.347 1362.33 730.364 996.129 698.993 642.411 544.386 527.378 416.172 476.379 349.478 306.529
threshold=8.5000000000000018 3.8000000000000012 13.699999999999998 29.400000000000009 1.5000000000000002 0.68322629814330826 72.500000000000014 112.50000000000001 19.159644779663875 46.800000000000011 228.50000000000003 0.3000000000000001 16.100000000000009 61.500000000000007 0.98611507088852057 0.3000000000000001 -0.032701564615071434 39.70000000000001 18.100000000000001 -0.78297285307474518 91.500000000000014
decision_type=10 8 10 10 10 2 10 2 10 10 8 10 10 8 2 10 2 10 10 2 2
left_child=4 20 -3 15 8 9 13 -8 11 14 -11 12 -1 -7 -6 -4 -13 18 -10 -19 -2
right_child=1 2 3 -5 5 6 7 -9 17 10 -12 16 -14 -15 -16 -17 -18 19 -20 -21 -22
leaf_value=-0.0044599955464489881 0.084942813515663157 0.63346915910641355 0.26400619734389091 0.58902401526768999 0.014909801481890556 0.047482978031871348 0.54522816340693026 0.082474147808418927 -0.051184724373495576 -0.017629663586350427 0.522674188092351 -0.0014553510135521808 0.22589537822876743 -0.16226407046652522 -0.10695954502737226 -0.089200799912214288 0.029194766533086686 -0.27599140098600677 0.0046719039763579787 -0.05490762379307014 -0.18009708548585576
leaf_weight=31928 20 30 24 21 1017 291 66 145 1213 28 20 2559 47 46 121 20 3108 33 557 39 24
leaf_count=31928 20 30 24 21 1017 291 66 145 1213 28 20 2559 47 46 121 20 3108 33 557 39 24
internal_value=-0.000380154 0.239584 0.378165 0.260333 -0.00118939 0.0383381 0.0990825 0.227222 -0.0029253 0.0102707 0.207497 -0.00118932 -0.0041214 0.0188528 0.00195181 0.103458 0.0153543 -0.0384006 -0.0336072 -0.156238 -0.0596244
internal_weight=41357 139 95 65 41218 1734 548 211 39484 1186 48 37642 31975 337 1138 44 5667 1842 1770 72 44
internal_count=41357 139 95 65 41218 1734 548 211 39484 1186 48 37642 31975 337 1138 44 5667 1842 1770 72 44
is_linear=0
shrinkage=0.05


Tree=52
num_leaves=15
num_cat=0
split_feature=8 19 10 9 18 3 9 8 8 7 8 9 10 9
split_gain=2928.03 2044.86 2050.89 1165.75 1789.3 4913.06 1144.58 2027.45 901.138 842.771 636.747 503.118 317.344 253.602
threshold=9.5000000000000018 3.9000000000000017 94.500000000000014 1.0000000180025095e-35 37.900000000000013 77.500000000000014 24.500000000000004 4.5000000000000009 12.500000000000002 157.50000000000003 4.5000000000000009 -2.4999999999999996 2.5000000000000004 -8.4999999999999982
decision_type=10 10 10 8 10 10 10 10 10 8 10 10 10 10
left_child=3 -2 8 10 6 -6 7 -5 -3 -8 11 13 -13 -1
right_child=1 2 -4 4 5 -7 9 -9 -10 -11 -12 12 -14 -15
leaf_value=-0.070445817193344182 -0.031695535396918273 0.34181760567284769 -0.0078278356418013586 0.01004191544037205 -0.18896514289081098 0.82274332732583089 -0.18880023879714178 0.1796282099310163 0.77189056400595046 0.16356070265173914 -0.28839206352829933 -0.0011566995930362863 -0.021913780168661644 -0.017206136791213539
leaf_weight=233 39 21 20 11438 24 24 112 179 29 20 20 21595 2013 5590
leaf_count=233 39 21 20 11438 24 24 112 179 29 20 20 21595 2013 5590
internal_value=-0.000361146 0.258443 0.420092 -0.00104505 0.0122361 0.316889 0.0109914 0.012655 0.59126 -0.135412 -0.00636499 -0.00617334 -0.00292661 -0.0193365
internal_weight=41357 109 70 41248 11797 48 11749 11617 50 132 29451 29431 23608 5823
internal_count=41357 109 70 41248 11797 48 11749 11617 50 132 29451 29431 23608 5823
is_linear=0
shrinkage=0.05


Tree=53
num_leaves=19
num_cat=0
split_feature=8 19 10 8 11 0 13 11 8 5 10 11 11 10 19 4 21 13
split_gain=2642.55 1845.49 1850.93 1050.71 1017.81 1069.14 1457.92 985.481 813.278 774.06 945.729 643.053 583.413 499.849 372.821 284.129 250.171 270.638
threshold=9.5000000000000018 3.9000000000000017 94.500000000000014 1.5000000000000002 15.500000000000002 39.500000000000007 42.500000000000007 -1.4999999999999998 12.500000000000002 41.500000000000007 16.500000000000004 -21.499999999999996 1.0000000180025095e-35 -1.4999999999999998 13.200000000000005 191.50000000000003 17.300000000000008 95.500000000000014
decision_type=10 10 10 10 10 2 10 8 10 8 10 10 8 8 10 10 10 8
left_child=3 -2 8 7 5 13 -7 11 -3 12 -11 14 -9 -5 -1 -13 17 -6
right_child=1 2 -4 4 16 6 -8 9 -10 10 -12 15 -14 -15 -16 -17 -18 -19
leaf_value=-0.080328494835260292 -0.030110760071338751 0.32472672685980797 -0.0074364409595727918 0.17646052379988963 -0.09034721329808236 0.32961451352608429 0.06269521842702859 -0.00019001276750766399 0.73329604936057136 -0.0090104336448342346 0.25502030572251366 -0.016631116873535658 0.017336633181334909 -0.015124268647976981 -0.27409193511394897 -0.079543703287034417 -0.034679103750855693 -0.33861338499447574
leaf_weight=92 39 21 20 36 21 54 972 11319 29 13642 34 5999 8179 627 34 185 31 23
leaf_count=92 39 21 20 36 21 54 972 11319 29 13642 34 5999 8179 627 34 185 31 23
internal_value=-0.000343089 0.245521 0.399087 -0.000992798 0.036762 0.0447653 0.0767436 -0.00267954 0.561697 0.000765537 -0.00835402 -0.0207916 0.00716205 -0.00472147 -0.132614 -0.0185132 -0.143473 -0.220123
internal_weight=41357 109 70 41248 1764 1689 1026 39484 50 33174 13676 6310 19498 663 126 6184 75 44
internal_count=41357 109 70 41248 1764 1689 1026 39484 50 33174 13676 6310 19498 663 126 6184 75 44
is_linear=0
shrinkage=0.05


Tree=54
num_leaves=16
num_cat=0
split_feature=8 19 10 22 2 20 19 25 4 11 20 7 20 0 6
split_gain=2411.18 1764.41 1713.44 1377.37 901.508 2153.28 1000.84 1727.12 956.741 810.252 759.445 275.724 405.998 270.82 252.796
threshold=8.5000000000000018 3.8000000000000012 95.500000000000014 -0.41248606129204546 201.50000000000003 63.100000000000037 1.9000000000000006 0.99962961997441069 119.50000000000001 20.500000000000004 45.300000000000018 148.50000000000003 48.70000000000001 91.500000000000014 153.50000000000003
decision_type=10 8 10 2 10 10 10 2 8 10 10 10 10 2 10
left_child=4 13 3 -3 5 6 10 -8 -6 -5 -1 12 -10 -2 -13
right_child=1 2 -4 9 8 -7 7 -9 11 -11 -12 14 -14 -15 -16
leaf_value=-0.0040168681694561529 0.0816995632648468 0.14443324911594391 -0.058001004531979566 0.8451835933327676 -0.38102963042000071 0.47328318667908509 0.016016447524323112 0.36334791621193291 -0.11779206586220572 0.42849987048123572 0.23595993010835214 0.13827458500396461 -0.012998414681125317 -0.16742454705139001 -0.026656184590521076
leaf_weight=34426 20 25 22 20 23 24 6165 36 217 28 33 30 161 24 103
leaf_count=34426 20 25 22 20 23 24 6165 36 217 28 33 30 161 24 103
internal_value=-0.000325935 0.20757 0.328805 0.445377 -0.00102703 -0.000179857 -0.000459324 0.0180329 -0.0655705 0.602118 -0.00378705 -0.0513718 -0.0731577 -0.0541863 0.0105462
internal_weight=41357 139 95 73 41218 40684 40660 6201 534 48 34459 511 378 44 133
internal_count=41357 139 95 73 41218 40684 40660 6201 534 48 34459 511 378 44 133
is_linear=0
shrinkage=0.05


Tree=55
num_leaves=16
num_cat=0
split_feature=8 9 18 21 18 8 9 8 11 0 18 23 17 10 25
split_gain=1846.51 2532.49 1961.41 1146.52 1055.53 1049.62 923.307 1100.71 1944.97 734.94 523.901 453.096 305.584 301.697 118.695
threshold=6.5000000000000009 34.500000000000007 8.9000000000000039 2.3000000000000012 41.900000000000006 15.500000000000002 19.500000000000004 2.5000000000000004 6.5000000000000009 108.50000000000001 10.100000000000003 0.84874750804349197 0.50000000000000011 83.500000000000014 0.22611568550828812
decision_type=10 10 10 10 10 10 10 10 8 2 10 2 8 10 2
left_child=4 2 3 -2 6 13 7 9 -9 -1 12 -5 -8 14 -3
right_child=1 5 -4 11 -6 -7 10 8 -10 -11 -12 -13 -14 -15 -16
leaf_value=0.0005701140292026475 0.5066693907692319 0.022410425543785098 0.63652043034953465 0.1647279033877633 0.31172741688787942 0.1839055297745241 -0.13016490162746316 0.15834683343607547 -0.032789105359593604 -0.023419920508483901 -0.33084639630352081 -0.10828346128442459 0.054893055732051534 -0.28745871980985011 -0.13286332115530969
leaf_weight=36996 21 20 31 55 27 37 87 290 246 3494 26 21 30 24 32
leaf_count=36996 21 20 31 55 27 37 87 290 246 3494 26 21 30 24 32
internal_value=1.24195e-05 0.13801 0.290299 0.179651 -0.000794876 -0.0344949 -0.000999839 -0.000557763 0.070624 -0.00150006 -0.127829 0.0892906 -0.0827141 -0.140821 -0.0731426
internal_weight=41437 241 128 97 41196 113 41169 41026 536 40490 143 76 117 76 52
internal_count=41437 241 128 97 41196 113 41169 41026 536 40490 143 76 117 76 52
is_linear=0
shrinkage=0.05


Tree=56
num_leaves=16
num_cat=0
split_feature=8 9 18 18 8 20 9 8 1 9 18 9 17 10 2
split_gain=1666.48 2285.57 1770.17 952.616 947.285 931.499 833.284 993.392 989.311 691.649 472.821 399.575 276.82 272.281 114.476
threshold=6.5000000000000009 34.500000000000007 8.9000000000000039 41.900000000000006 15.500000000000002 3.7000000000000006 19.500000000000004 2.5000000000000004 45.500000000000007 -1.4999999999999998 10.100000000000003 19.500000000000004 0.70000000000000018 83.500000000000014 118.50000000000001
decision_type=10 10 10 10 10 10 10 10 10 8 10 10 8 10 10
left_child=3 2 5 6 13 -2 7 9 -9 -1 12 -7 -8 14 -3
right_child=1 4 -4 -5 -6 11 10 8 -10 -11 -12 -13 -14 -15 -16
leaf_value=-0.011818978660046019 0.37236054403102675 -0.12813507523387671 0.60469440990878698 0.29614104449197098 0.1747102452291025 0.18606205834396955 -0.12171639903458986 -0.021305199880995343 0.11929220972245543 0.0026835900972750279 -0.31430407315492631 -0.070185839943587777 0.058538660521818588 -0.27308578304946424 0.024353773742914201
leaf_weight=11471 36 32 31 27 37 29 89 199 337 29019 26 32 28 24 20
leaf_count=11471 36 32 31 27 37 29 89 199 337 29019 26 32 28 24 20
internal_value=1.17985e-05 0.131109 0.275784 -0.000755132 -0.0327701 0.170668 -0.000949847 -0.000529875 0.0670928 -0.00142505 -0.121438 0.0516369 -0.0785784 -0.13378 -0.0694855
internal_weight=41437 241 128 41196 113 97 41169 41026 536 40490 143 61 117 76 52
internal_count=41437 241 128 41196 113 97 41169 41026 536 40490 143 61 117 76 52
is_linear=0
shrinkage=0.05


Tree=57
num_leaves=16
num_cat=0
split_feature=8 9 22 18 9 12 10 9 8 19 7 0 10 0 20
split_gain=1503.99 2160.16 2102.85 859.736 852.523 952.14 1190.12 752.039 896.537 1039.23 740.919 645.305 440.064 235.608 207.956
threshold=6.5000000000000009 19.500000000000004 -0.32143946530316159 41.900000000000006 53.500000000000007 21.047772255017623 65.500000000000014 19.500000000000004 2.5000000000000004 0.50000000000000011 73.500000000000014 108.50000000000001 91.500000000000014 169.50000000000003 1.1000000000000003
decision_type=10 10 2 10 10 8 8 10 10 8 10 2 10 2 10
left_child=3 2 -2 7 5 10 -7 8 11 -10 -3 -1 14 -6 -9
right_child=1 4 -4 -5 13 6 -8 12 9 -11 -12 -13 -14 -15 -16
leaf_value=0.00058602570314223628 0.14083758912704611 -0.055687191585699715 0.81727217555046083 0.28133399927022834 -0.2418419368889021 0.56658360023390164 0.062348798871040348 0.064186559901351026 -0.059298392562912063 0.10313409673614345 0.27028976121674414 -0.021893528253579052 -0.32677801648775739 -0.027550819670331891 -0.10874141802328943
leaf_weight=36996 27 72 20 27 23 22 25 21 130 406 23 3494 21 29 101
leaf_count=36996 27 72 20 27 23 22 25 21 130 406 23 3494 21 29 101
internal_value=1.12086e-05 0.124554 0.428682 -0.000717376 0.0508732 0.114301 0.298374 -0.000902354 -0.000503381 0.0637382 0.0232335 -0.0013538 -0.115366 -0.122333 -0.0789751
internal_weight=41437 241 47 41196 194 142 47 41169 41026 536 95 40490 143 52 122
internal_count=41437 241 47 41196 194 142 47 41169 41026 536 95 40490 143 52 122
is_linear=0
shrinkage=0.05


Tree=58
num_leaves=16
num_cat=0
split_feature=8 11 11 8 12 6 11 18 12 6 12 24 10 21 0
split_gain=1429.96 1561.72 945.29 1243.89 1316.18 953.644 786.316 1013.77 692.101 521.885 360.668 384.275 259.6 171.441 154.791
threshold=9.5000000000000018 18.500000000000004 15.500000000000002 6.5000000000000009 31.92260735450747 94.500000000000014 1.5000000000000002 38.20000000000001 24.008006950999476 176.50000000000003 13.296753886359538 -0.4673548892883575 68.500000000000014 17.300000000000008 99.500000000000014
decision_type=10 10 10 10 10 8 10 10 8 10 10 2 10 10 2
left_child=2 -2 3 6 5 -5 7 -1 10 -8 11 -3 13 14 -4
right_child=1 8 12 4 -6 -7 9 -9 -10 -11 -12 -13 -14 -15 -16
leaf_value=-0.0035373811039970688 0.57455683648586275 -0.064661532640457153 -0.095183922102053967 0.17081884606741371 -0.13718689054250718 0.61094265446066864 0.01931255511687207 0.30879242041936289 0.2723893307362284 -0.061328891833545646 -0.14315286256648876 0.24157578285251347 -0.3102900583829199 -0.023236111318692566 -0.27870849892497063
leaf_weight=35245 20 20 27 32 20 20 5663 26 35 208 27 21 21 32 20
leaf_count=35245 20 20 27 32 20 20 5663 26 35 208 27 21 21 32 20
internal_value=1.06482e-05 0.17024 -0.000496158 -0.000123611 0.207518 0.340097 -0.000486991 -0.00330715 0.0917317 0.0164556 -0.00125392 0.0921917 -0.154038 -0.112502 -0.173279
internal_weight=41437 123 41314 41214 72 52 41142 35271 103 5871 68 41 100 79 47
internal_count=41437 123 41314 41214 72 52 41142 35271 103 5871 68 41 100 79 47
is_linear=0
shrinkage=0.05


Tree=59
num_leaves=14
num_cat=0
split_feature=8 10 19 10 18 4 6 19 0 8 24 19 7
split_gain=1290.54 928.294 979.688 900.808 1389.78 4432.5 1012.09 851.022 794.528 759.457 609.429 363.502 80.1536
threshold=9.5000000000000018 67.500000000000014 6.3000000000000034 89.500000000000014 36.900000000000013 67.500000000000014 73.500000000000014 0.70000000000000018 16.500000000000004 4.5000000000000009 0.47494667389482614 29.500000000000004 28.500000000000004
decision_type=10 10 10 10 10 10 10 10 2 10 2 10 8
left_child=3 2 10 4 7 -6 12 8 -1 -9 -2 -3 -5
right_child=1 11 -4 6 5 -7 -8 9 -10 -11 -12 -13 -14
leaf_value=0.0043251768284267942 -0.032703813358589455 -0.17975712925195697 0.48926803429921473 -0.10956874909322888 -0.14313854514621199 0.74542133831977853 -0.39709605382444962 0.010912591510658105 -0.011451480563685945 0.10873417925052896 0.32181260206482631 0.1088645650073886 0.016145573172252625
leaf_weight=14631 27 20 30 21 32 25 30 8784 17556 203 22 24 32
leaf_count=14631 27 20 30 21 32 25 30 8784 17556 203 22 24 32
internal_value=1.01158e-05 0.161728 0.264239 -0.00047135 -0.000140093 0.246581 -0.165026 -0.000481646 -0.00428001 0.0131222 0.126467 -0.0223271 -0.0336658
internal_weight=41437 123 79 41314 41231 57 83 41174 32187 8987 49 44 53
internal_count=41437 123 79 41314 41231 57 83 41174 32187 8987 49 44 53
is_linear=0
shrinkage=0.05


Tree=60
num_leaves=13
num_cat=0
split_feature=19 8 5 9 8 16 11 5 16 11 17 11
split_gain=1748.16 1087.72 1154.56 1129.16 1271.7 1137.73 734.053 627.537 605.538 584.129 514.648 384.801
threshold=61.900000000000013 1.5000000000000002 189.50000000000003 6.5000000000000009 2.5000000000000004 17.000000000000004 -1.4999999999999998 41.500000000000007 8.1000000000000032 1.0000000180025095e-35 0.70000000000000018 -12.499999999999998
decision_type=10 10 10 8 10 8 8 8 8 8 10 10
left_child=1 6 3 4 -3 -5 8 9 11 -8 -9 -1
right_child=-2 2 -4 5 -6 -7 7 10 -10 -11 -12 -13
leaf_value=-0.081958619314799752 0.46775165926665069 0.073080311711156629 -0.27529178693376738 0.010400497373599734 0.29958903535046211 0.39055096756666902 -0.00020775508421889762 -0.0096471140527667042 0.24473818689584734 0.017273380191845968 0.026726205021524459 -0.015662418704721976
leaf_weight=227 20 487 29 1238 71 20 11380 12575 22 8238 1054 6116
leaf_count=227 20 487 29 1238 71 20 11380 12575 22 8238 1054 6116
internal_value=0.000402595 0.000177133 0.0377042 0.0427025 0.101901 0.0164442 -0.00157076 0.00140737 -0.0171267 0.00713293 -0.00683418 -0.018035
internal_weight=41477 41457 1845 1816 558 1258 39612 33247 6365 19618 13629 6343
internal_count=41477 41457 1845 1816 558 1258 39612 33247 6365 19618 13629 6343
is_linear=0
shrinkage=0.05


Tree=61
num_leaves=11
num_cat=0
split_feature=19 8 9 9 8 7 5 6 12 25
split_gain=1577.72 1020.53 1074.29 802.592 1026.87 1170.52 526.441 517.228 439.796 104.828
threshold=61.900000000000013 11.500000000000002 36.500000000000007 32.500000000000007 1.5000000000000002 34.500000000000007 41.500000000000007 75.500000000000014 24.008006950999476 0.51972456038539816
decision_type=10 10 10 10 10 10 8 10 8 2
left_child=1 3 -3 4 6 -6 -1 9 -4 -5
right_child=-2 2 8 7 5 -7 -8 -9 -10 -11
leaf_value=0.0032963317951653008 0.44436408765614033 0.43617600555773139 -0.076291040579477942 0.010609797445627359 0.0089553554903944749 0.097450266421905588 -0.0084384227997980274 -0.31992137153943379 0.22640396043658259 -0.12552815560371644
leaf_weight=23502 20 27 30 26 1123 560 16108 30 20 31
leaf_count=23502 20 27 30 26 1123 560 16108 30 20 31
internal_value=0.000382465 0.000168276 0.182027 -0.000170127 0.0001495 0.0384011 -0.00147578 -0.151875 0.044787 -0.0634301
internal_weight=41477 41457 77 41380 41293 1683 39610 87 50 57
internal_count=41477 41457 77 41380 41293 1683 39610 87 50 57
is_linear=0
shrinkage=0.05


Tree=62
num_leaves=11
num_cat=0
split_feature=19 8 11 19 25 0 11 12 2 14
split_gain=1423.89 921.032 836.98 746.984 1969.96 4140.56 742.454 674.919 660.759 270.814
threshold=61.900000000000013 11.500000000000002 35.500000000000007 0.70000000000000018 0.99962961997441069 151.50000000000003 -29.499999999999996 12.355571274755627 16.500000000000004 63.500000000000007
decision_type=10 10 10 10 2 2 8 8 10 10
left_child=1 3 -3 6 7 -6 -1 -5 -8 -4
right_child=-2 2 9 4 5 -7 8 -9 -10 -11
leaf_value=0.28661437034606935 0.42214587755501276 0.34884899846381612 -0.10694931688762846 0.019740593591226346 0.87620056830346593 -0.10748115266146868 0.0038556324417383762 -0.0098637947762349534 -0.010528809938914472 0.15013334274291992
leaf_weight=22 20 36 21 6392 20 23 14713 2755 17455 20
leaf_count=22 20 36 21 6392 20 23 14713 2755 17455 20
internal_value=0.000363342 0.000159862 0.172926 -0.000161621 0.0124112 0.350045 -0.00375107 0.010824 -0.00394965 0.0184569
internal_weight=41477 41457 77 41380 9190 43 32190 9147 32168 41
internal_count=41477 41457 77 41380 9190 43 32190 9147 32168 41
is_linear=0
shrinkage=0.05


Tree=63
num_leaves=16
num_cat=0
split_feature=19 11 0 8 7 17 18 21 17 20 22 20 5 19 18
split_gain=1285.06 882.668 745.251 986.533 1349.2 690.288 1076.48 3337.02 587.027 562.547 577.881 430.46 452.489 383.138 150.992
threshold=61.900000000000013 2.5000000000000004 205.50000000000003 2.5000000000000004 37.500000000000007 11.100000000000003 8.9000000000000039 15.9 9.7000000000000028 57.600000000000037 -0.68322629814330782 47.70000000000001 86.500000000000014 24.900000000000006 5.7000000000000037
decision_type=10 10 2 10 10 8 10 10 10 8 2 10 8 10 10
left_child=1 2 3 8 -5 6 13 -8 -1 10 -7 12 -4 -3 -13
right_child=-2 5 11 4 -6 9 7 -9 -10 -11 -12 14 -14 -15 -16
leaf_value=-0.0022653854121453595 0.40103858489543198 0.026551456079138881 -0.33270812563598162 0.030945041146370825 0.3328102891771671 0.034394950775260273 0.76284032635390764 0.070463727965756368 0.069516401198442754 0.12373788272806754 -0.18515756550007204 -0.056649176491534003 -0.086005076699440478 -0.14748171948594974 0.042069564620809012
leaf_weight=37490 20 2699 20 135 51 44 20 134 287 30 94 68 263 32 90
leaf_count=37490 20 2699 20 135 51 44 20 134 287 30 94 68 263 32 90
internal_value=0.000345175 0.000151869 -0.00190518 -0.00115447 0.113715 0.0260277 0.031765 0.160383 -0.00172004 -0.0724958 -0.115155 -0.0665292 -0.10344 0.0245123 -0.000416982
internal_weight=41477 41457 38404 37963 186 3053 2885 154 37777 168 138 441 283 2731 158
internal_count=41477 41457 38404 37963 186 3053 2885 154 37777 168 138 441 283 2731 158
is_linear=0
shrinkage=0.05


Tree=64
num_leaves=12
num_cat=0
split_feature=19 11 0 21 19 25 11 4 18 17 25
split_gain=1159.77 796.608 673.982 645.1 623.865 933.768 672.993 427.973 386.764 696.342 227.16
threshold=61.900000000000013 2.5000000000000004 207.50000000000003 84.899999999999991 1.9000000000000006 0.99962961997441069 -29.499999999999996 110.50000000000001 36.900000000000013 11.100000000000003 -0.61186373645567615
decision_type=10 10 2 10 10 2 8 10 10 10 2
left_child=1 2 4 8 6 -6 -1 -4 9 -3 -9
right_child=-2 3 7 -5 5 -7 -8 10 -10 -11 -12
leaf_value=0.26666536914265676 0.3809866574406624 0.029970356997275405 -0.22690512817856431 -0.2232668714454541 0.013403905153193285 0.34747109966618672 -0.0038951189939863194 -0.19471329498291015 0.21524987024841488 -0.095493949525382205 -0.038891384653527726
leaf_weight=23 20 2885 37 26 5330 21 32605 25 27 115 363
leaf_count=23 20 2885 37 26 5330 21 32605 25 27 115 363
internal_value=0.000327916 0.000144276 -0.00180992 0.0247263 -0.00110923 0.014715 -0.0037044 -0.0644256 0.0268564 0.0251609 -0.0489315
internal_weight=41477 41457 38404 3053 37979 5351 32628 425 3027 3000 388
internal_count=41477 41457 38404 3053 37979 5351 32628 425 3027 3000 388
is_linear=0
shrinkage=0.05


Tree=65
num_leaves=10
num_cat=0
split_feature=18 10 8 12 7 14 11 10 17
split_gain=1053.51 1008.57 776.288 1590.2 709.436 638.382 633.583 646.707 512.183
threshold=41.70000000000001 99.500000000000014 5.5000000000000009 4.5753445290517698 37.500000000000007 122.50000000000001 -1.4999999999999998 -28.499999999999996 27.900000000000002
decision_type=10 10 10 10 10 10 8 8 10
left_child=1 2 6 -4 -3 -5 7 -1 -8
right_child=-2 4 3 5 -6 -7 8 -9 -10
leaf_value=0.26829862043261532 0.29063253349834878 -0.076048047070836247 0.47181526981294158 0.071699121420010267 -0.43114573467861528 -0.19940578968574604 0.0013153464277879346 -0.016463100851203307 0.2323773492127657
leaf_weight=20 31 39 24 228 22 24 34419 6445 24
leaf_count=20 31 39 24 228 22 24 34419 6445 24
internal_value=-0.000737595 -0.000956591 -0.00065568 0.0829175 -0.204116 0.0458796 -0.00121954 -0.0155822 0.00147635
internal_weight=41276 41245 41184 276 61 252 40908 6465 34443
internal_count=41276 41245 41184 276 61 252 40908 6465 34443
is_linear=0
shrinkage=0.05


Tree=66
num_leaves=10
num_cat=0
split_feature=18 10 6 8 12 14 11 10 9
split_gain=950.791 912.066 702.574 700.679 1435.15 576.139 573.65 583.756 506.613
threshold=41.70000000000001 101.50000000000001 33.500000000000007 5.5000000000000009 4.5753445290517698 122.50000000000001 -1.4999999999999998 -28.499999999999996 -1.0000000180025095e-35
decision_type=10 10 10 10 10 10 8 8 8
left_child=1 3 -3 6 -5 -6 7 -1 -8
right_child=-2 2 -4 4 5 -7 8 -9 -10
leaf_value=0.25488369569182395 0.27610090019241457 -0.06909127904984512 -0.42945462734926321 0.44822451627502846 0.06811416587351185 -0.18943550294886036 -0.0050193510984023566 -0.015663713490181565 0.0071285496812737333
leaf_weight=20 31 38 21 24 228 24 16235 6447 18208
leaf_count=20 31 38 21 24 228 24 16235 6447 18208
internal_value=-0.000700716 -0.000908762 -0.197356 -0.000627346 0.0787716 0.0435856 -0.00116301 -0.014827 0.00140253
internal_weight=41276 41245 59 41186 276 252 40910 6467 34443
internal_count=41276 41245 59 41186 276 252 40910 6467 34443
is_linear=0
shrinkage=0.05


Tree=67
num_leaves=8
num_cat=0
split_feature=18 18 0 19 19 4 19
split_gain=858.089 745.343 630.039 1471.29 698.709 556.943 409.584
threshold=41.70000000000001 39.500000000000007 167.50000000000003 47.600000000000016 11.500000000000004 89.500000000000014 2.7000000000000015
decision_type=10 10 2 10 10 8 10
left_child=1 2 3 4 -1 -4 -7
right_child=-2 -3 5 -5 -6 6 -8
leaf_value=-0.0011935586793110874 0.26229586582030023 -0.27379024958610537 -0.25270632726365122 0.36934707793924543 0.033174733174204829 -0.062846338536168417 -0.0037854693502993712
leaf_weight=38444 31 25 29 27 1538 543 639
leaf_count=38444 31 25 29 27 1538 543 639
internal_value=-0.00066568 -0.000863323 -0.000697793 0.000377664 0.000128497 -0.0362287 -0.0309175
internal_weight=41276 41245 41220 40009 39982 1211 1182
internal_count=41276 41245 41220 40009 39982 1211 1182
is_linear=0
shrinkage=0.05


Tree=68
num_leaves=11
num_cat=0
split_feature=18 10 8 23 13 3 6 5 14 19
split_gain=774.425 772.635 628.477 1041.28 1147.33 794.318 622.31 444.677 495.138 442.054
threshold=41.70000000000001 101.50000000000001 5.5000000000000009 0.84874750804349197 44.500000000000007 104.50000000000001 33.500000000000007 71.500000000000014 65.500000000000014 39.70000000000001
decision_type=10 10 10 2 10 10 10 8 10 10
left_child=1 2 7 4 -4 -5 -3 8 -1 -9
right_child=-2 6 3 5 -6 -7 -8 9 -10 -11
leaf_value=0.0016128982430504615 0.2491810614062894 -0.060913212538549782 0.4959865330159664 -0.23070530297189223 0.09622769107456719 0.082470260467380291 -0.40006791665440516 -0.0089906216917697464 0.10740819864440709 -0.12216570601937758
leaf_weight=30275 31 38 20 41 175 40 21 10437 111 87
leaf_count=30275 31 38 20 41 175 40 21 10437 111 87
internal_value=-0.000632396 -0.000820157 -0.000561144 0.0746358 0.137229 -0.0760507 -0.181629 -0.00106846 0.00199937 -0.00992622
internal_weight=41276 41245 41186 276 195 81 59 40910 30386 10524
internal_count=41276 41245 41186 276 195 81 59 40910 30386 10524
is_linear=0
shrinkage=0.05


Tree=69
num_leaves=21
num_cat=0
split_feature=0 19 4 5 2 0 11 8 4 8 22 10 1 8 19 17 11 10 11 22
split_gain=560.991 777.445 837.397 4543.74 3459.57 452.825 452.371 485.455 464.009 389.408 381.222 377.882 359.311 319.301 259.943 196.238 158.416 143.655 65.1663 41.5312
threshold=167.50000000000003 11.500000000000004 20.500000000000004 9.5000000000000018 24.500000000000004 -18.499999999999996 -27.499999999999996 10.500000000000002 94.500000000000014 3.5000000000000004 -0.81241147629689037 -27.499999999999996 -24.499999999999996 7.5000000000000009 2.7000000000000015 1.0000000180025095e-35 5.5000000000000009 9.5000000000000018 -2.4999999999999996 0.81241147629689026
decision_type=2 10 10 10 10 2 10 10 8 10 2 8 10 10 10 8 10 8 10 2
left_child=1 5 9 -4 -5 12 8 13 -2 17 16 -12 -1 14 -8 -10 -7 -3 -14 -17
right_child=6 2 3 4 -6 10 7 -9 15 -11 11 -13 18 -15 -16 19 -18 -19 -20 -21
leaf_value=0.21339870961873153 -0.34616591334342961 0.012778478730250757 0.71507752520533707 0.63811504580080514 0.030229681946679694 -0.01175520698844934 -0.053303206386234696 0.17679961066821526 0.053924238458275799 -0.22321856603735971 0.2083063492890109 0.0010089112641424914 0.085797178472771685 -0.21082512175974749 -0.0039553635057384537 -0.095788472211536246 0.074177986700777659 -0.040288654779567119 0.017514170492726445 -0.18659137755632402
leaf_weight=38 21 401 26 24 945 7851 490 29 20 21 22 30330 54 24 586 34 54 187 99 20
leaf_count=38 21 401 26 24 945 7851 490 29 20 21 22 30330 54 24 586 34 54 187 99 20
internal_value=-0.000600776 0.000418232 0.034524 0.0627878 0.0452857 -0.00100461 -0.033945 -0.0251276 -0.138733 -0.0116542 -0.00138802 0.00115917 0.0757911 -0.0304511 -0.0264279 -0.0798669 -0.0111682 -0.00409831 0.0416141 -0.129419
internal_weight=41276 40052 1604 995 969 38448 1224 1129 95 609 38257 30352 191 1100 1076 74 7905 588 153 54
internal_count=41276 40052 1604 995 969 38448 1224 1129 95 609 38257 30352 191 1100 1076 74 7905 588 153 54
is_linear=0
shrinkage=0.05


Tree=70
num_leaves=12
num_cat=0
split_feature=19 17 0 18 19 10 11 8 20 17 18
split_gain=657.245 2302.69 2997.19 911.781 740.357 650.438 615.202 590.499 457.087 436.228 130.274
threshold=46.800000000000011 11.900000000000004 248.50000000000003 40.900000000000013 39.500000000000007 71.500000000000014 1.0000000180025095e-35 4.5000000000000009 63.700000000000017 9.7000000000000028 2.5000000000000013
decision_type=10 10 2 10 10 10 10 8 10 10 10
left_child=3 2 -2 4 6 10 9 -8 -3 -1 -6
right_child=1 8 -4 -5 5 -7 7 -9 -10 -11 -12
leaf_value=-0.0050008074728821114 0.84504185363650319 -0.28471835454305017 -0.010210420546077547 0.31431771128073982 -0.16356762315112133 -0.36914896992119878 0.0069108465443052606 0.077958592849107694 0.045175871536845255 0.074875414893464304 -0.03548591183125973
leaf_weight=27479 20 21 21 23 27 22 13360 299 21 172 75
leaf_count=27479 20 21 21 23 27 22 13360 299 21 172 75
internal_value=-0.000125513 0.140434 0.406986 -0.000406923 -0.000581627 -0.122573 -0.000215446 0.00846611 -0.119771 -0.00450395 -0.0693899
internal_weight=41540 83 41 41457 41434 124 41310 13659 42 27651 102
internal_count=41540 83 41 41457 41434 124 41310 13659 42 27651 102
is_linear=0
shrinkage=0.05


Tree=71
num_leaves=23
num_cat=0
split_feature=18 25 17 24 21 10 18 18 11 4 11 8 8 25 13 3 23 12 7 10 3 21
split_gain=600.324 1964.8 663.46 1153.82 3433.67 1262.79 680.842 971.186 533.976 721.005 402.861 901.532 398.308 283.164 191.765 237.751 568.363 256.713 77.0297 54.1701 24.0292 8.9173
threshold=0.70000000000000018 0.99962961997441069 1.0000000180025095e-35 0.82876241254485883 2.5000000000000013 13.500000000000002 41.70000000000001 39.500000000000007 -1.0000000180025095e-35 34.500000000000007 10.500000000000002 3.5000000000000004 11.500000000000002 0.59123954401714218 249.50000000000003 209.50000000000003 0.3826834323650895 27.821446760781836 27.500000000000004 -16.499999999999996 266.50000000000006 78.100000000000037
decision_type=10 2 8 2 8 10 10 10 8 10 10 10 10 2 10 10 2 10 8 10 10 10
left_child=8 2 3 5 -5 -2 7 -4 14 10 11 -10 13 -11 15 17 -17 -1 -12 21 -21 -16
right_child=1 -3 6 4 -6 -7 -8 -9 9 12 18 -13 -14 -15 19 16 -18 -19 -20 20 -22 -23
leaf_value=-0.010188649434344514 -0.0014357001729247546 0.36794260975976406 0.005289686195526052 0.62821319356109162 -0.0049145352305294794 0.14785040576173797 0.24680285289369783 -0.32032576203346252 0.0084788941215087083 -0.019187077069212792 -0.079738824731773808 0.27840361840301947 0.20797049970853898 -0.0013071245020208695 -0.066137782558798791 -0.028568518039371289 0.30556133568286897 -0.062335424607762625 -0.20023564204928423 -0.085125575990726565 -0.15587925451497239 -0.019487536946932477
leaf_weight=11402 627 39 5259 33 61 183 29 23 14528 4330 36 31 21 4532 20 35 20 241 21 24 24 21
leaf_count=11402 627 39 5259 33 61 183 29 23 14528 4330 36 31 21 4532 20 35 20 241 21 24 24 21
internal_value=-0.000119237 0.0141583 0.0119382 0.0515351 0.217354 0.0322919 0.00519831 0.00387182 -0.00264974 0.00170645 0.00853423 0.00905364 -0.00952792 -0.0100433 -0.0113344 -0.0107781 0.0929332 -0.011268 -0.124132 -0.0844507 -0.120502 -0.0422438
internal_weight=41540 6254 6215 904 94 810 5311 5282 35286 23499 14616 14559 8883 8862 11787 11698 55 11643 57 89 48 41
internal_count=41540 6254 6215 904 94 810 5311 5282 35286 23499 14616 14559 8883 8862 11787 11698 55 11643 57 89 48 41
is_linear=0
shrinkage=0.05


Tree=72
num_leaves=12
num_cat=0
split_feature=9 8 12 11 8 7 9 23 7 13 20
split_gain=561.047 855.848 1109 831.954 887.981 1713.23 571.054 485.138 404.134 258.268 229.823
threshold=60.500000000000007 9.5000000000000018 22.000283906236479 14.500000000000002 4.5000000000000009 72.500000000000014 16.500000000000004 0.77259657388510627 75.500000000000014 102.50000000000001 7.8000000000000034
decision_type=10 10 8 10 10 10 10 2 10 8 10
left_child=1 3 7 4 6 -6 -1 10 9 -5 -3
right_child=-2 2 -4 8 5 -7 -8 -9 -10 -11 -12
leaf_value=-0.00016929439467738968 -0.21995954513549806 0.015494019091129303 0.4019335997104645 -0.11065959599919808 0.049091190047055019 0.48170854005102931 -0.11032118577888961 -0.15697529993273995 0.042910887622697791 -0.29506710687199156 0.25519329935312268
leaf_weight=40986 29 20 30 39 191 26 118 22 22 37 20
leaf_count=40986 29 20 30 39 191 26 118 22 22 37 20
internal_value=-0.000113275 4.03115e-05 0.152373 -0.00029805 4.70521e-05 0.100926 -0.000485515 0.0316176 -0.145808 -0.200437 0.135344
internal_weight=41540 41511 92 41419 41321 217 41104 62 98 76 40
internal_count=41540 41511 92 41419 41321 217 41104 62 98 76 40
is_linear=0
shrinkage=0.05


Tree=73
num_leaves=10
num_cat=0
split_feature=19 24 4 18 9 11 8 13 20
split_gain=570.8 1945.34 2663.18 780.109 697.185 547.75 616.601 428.434 251.453
threshold=46.800000000000011 -0.79877197597864613 106.50000000000001 40.900000000000013 60.500000000000007 1.0000000180025095e-35 4.5000000000000009 123.50000000000001 63.700000000000017
decision_type=10 2 10 10 10 10 8 10 10
left_child=3 8 -3 4 5 7 -7 -1 -2
right_child=1 2 -4 -5 -6 6 -8 -9 -10
leaf_value=-0.0024714672551985873 -0.23224589645862581 0.78984028503298764 -0.026122268065810209 0.29074429519798445 -0.28192713220011106 0.0062282813363612986 0.07942844740476232 -0.024218880727181924 0.010165764974511188
leaf_weight=25232 20 20 20 23 22 13398 294 2488 23
leaf_count=25232 20 20 20 23 22 13398 294 2488 23
internal_value=-0.000107612 0.130883 0.381859 -0.000369864 -0.000531461 -0.00038197 0.00780006 -0.0044234 -0.102584
internal_weight=41540 83 40 41457 41434 41412 13692 27720 43
internal_count=41540 83 40 41457 41434 41412 13692 27720 43
is_linear=0
shrinkage=0.05


Tree=74
num_leaves=23
num_cat=0
split_feature=18 25 10 19 16 18 0 2 11 19 21 22 22 2 4 20 8 22 9 4 0 5
split_gain=526.627 1794.43 624.924 768.031 3478.72 724.567 485.753 596.728 475.664 438.057 742.688 371.773 401.409 371.276 361.797 284.656 211.746 350.635 282.189 151.706 89.588 39.8439
threshold=0.70000000000000018 0.99962961997441069 73.500000000000014 46.800000000000011 4.1000000000000014 36.900000000000013 -8.4999999999999982 -25.499999999999996 -1.4999999999999998 3.9000000000000017 5.3000000000000016 -1.0000000180025095e-35 0.72947329433276253 16.500000000000004 -8.4999999999999982 6.1000000000000041 2.5000000000000004 0.44228869021900147 8.5000000000000018 -12.499999999999998 -16.499999999999996 3.5000000000000004
decision_type=10 2 10 10 10 10 2 10 10 10 10 2 2 10 10 10 10 2 10 8 2 8
left_child=6 2 3 5 -5 -2 7 19 16 13 -11 -4 -13 -10 20 -16 18 -18 -8 -1 -9 -21
right_child=1 -3 11 4 -6 -7 8 14 9 10 -12 12 -14 -15 15 -17 17 -19 -20 21 -22 -23
leaf_value=0.21193074569679224 0.010014311014381945 0.3513680655986835 -0.30526149928569796 0.67505191551602417 -0.10404031665897684 0.22622670202683182 -0.016018261412494531 0.023121523610316219 0.0054584564713513976 0.18048798045279779 0.019088583440774062 0.03752796179191633 -0.18592117376424172 -0.0068958004502975498 0.038071336833801823 0.2254546844356117 -0.026404699595535503 0.22026392340660098 -0.12407023285622482 0.10886535605931857 -0.0060639033050931719 0.062412127137828913
leaf_weight=26 6014 39 20 23 38 39 6407 325 9934 82 545 44 37 15681 581 21 34 25 61 83 1377 104
leaf_count=26 6014 39 20 23 38 39 6407 325 9934 82 545 44 37 15681 581 21 34 25 61 83 1377 104
internal_value=-0.000102231 0.0132702 0.0111486 0.0131864 0.189716 0.0114074 -0.00247233 0.018695 -0.0040982 -0.00109387 0.0401966 -0.112209 -0.0645414 -0.00210458 0.0112927 0.044608 -0.0161772 0.0781159 -0.0170373 0.0987647 -0.000490893 0.0830304
internal_weight=41540 6254 6215 6114 61 6053 35286 2517 32769 26242 627 101 81 25615 2304 602 6527 59 6468 213 1702 187
internal_count=41540 6254 6215 6114 61 6053 35286 2517 32769 26242 627 101 81 25615 2304 602 6527 59 6468 213 1702 187
is_linear=0
shrinkage=0.05


Tree=75
num_leaves=7
num_cat=0
split_feature=18 18 18 11 6 0
split_gain=1085.72 1038.93 800.267 557.869 618.748 463.349
threshold=44.700000000000003 39.500000000000007 37.70000000000001 2.5000000000000004 185.50000000000003 213.50000000000003
decision_type=10 10 10 10 10 2
left_child=1 2 3 5 -5 -1
right_child=-2 -3 -4 4 -6 -7
leaf_value=-0.0013258201772665197 0.36818084165453913 -0.27260234100478037 0.31613083496689798 0.024054074254391274 -0.11772865505205304 -0.057931520893056691
leaf_weight=37877 20 35 20 2965 79 365
leaf_count=37877 20 35 20 2965 79 365
internal_value=-0.000125678 -0.000303858 -7.31301e-05 -0.000226307 0.0203744 -0.00186609
internal_weight=41361 41341 41306 41286 3044 38242
internal_count=41361 41341 41306 41286 3044 38242
is_linear=0
shrinkage=0.05


Tree=76
num_leaves=7
num_cat=0
split_feature=18 18 18 11 6 0
split_gain=979.865 937.634 722.241 503.477 573.084 418.172
threshold=44.700000000000003 39.500000000000007 37.70000000000001 2.5000000000000004 161.50000000000003 213.50000000000003
decision_type=10 10 10 10 10 2
left_child=1 2 3 5 -5 -1
right_child=-2 -3 -4 4 -6 -7
leaf_value=-0.0012595291895589871 0.34977178924717012 -0.25897222348621918 0.30032428920269016 0.024225204001505046 -0.077300436626673255 -0.055034944430912197
leaf_weight=37877 20 35 20 2898 146 365
leaf_count=37877 20 35 20 2898 146 365
internal_value=-0.000119394 -0.000288665 -6.94737e-05 -0.000214992 0.0193557 -0.00177279
internal_weight=41361 41341 41306 41286 3044 38242
internal_count=41361 41341 41306 41286 3044 38242
is_linear=0
shrinkage=0.05


Tree=77
num_leaves=7
num_cat=0
split_feature=18 18 18 11 9 0
split_gain=884.328 846.215 651.823 454.388 559.596 377.401
threshold=44.700000000000003 39.500000000000007 37.70000000000001 2.5000000000000004 6.5000000000000009 213.50000000000003
decision_type=10 10 10 10 10 2
left_child=1 2 3 5 -5 -1
right_child=-2 -3 -4 4 -6 -7
leaf_value=-0.0011965527020523343 0.33228319995105271 -0.24602361440658571 0.28530807554721832 0.032200996477328124 -0.014884103564514226 -0.052283197752493495
leaf_weight=37877 20 35 20 2151 893 365
leaf_count=37877 20 35 20 2151 893 365
internal_value=-0.000113425 -0.000274232 -6.59999e-05 -0.000204242 0.0183879 -0.00168415
internal_weight=41361 41341 41306 41286 3044 38242
internal_count=41361 41341 41306 41286 3044 38242
is_linear=0
shrinkage=0.05


Tree=78
num_leaves=10
num_cat=0
split_feature=18 18 8 9 22 9 10 21 19
split_gain=798.106 763.709 653.025 2207.63 1480.92 760.477 573.487 515.495 488.062
threshold=44.700000000000003 39.500000000000007 6.5000000000000009 19.500000000000004 -0.5 18.500000000000004 96.500000000000014 2.5000000000000013 0.70000000000000018
decision_type=10 10 10 8 2 10 8 8 10
left_child=1 2 5 4 -4 8 -5 -7 -1
right_child=-2 -3 3 6 -6 7 -8 -9 -10
leaf_value=-0.0029756392446435675 0.31566904515027999 -0.23372243455478123 0.1253643396108047 0.041623294111812793 0.70611380139986679 0.081613258139363362 -0.22560257671967798 -0.15591444733943191 0.01030203104854626
leaf_weight=32106 20 35 23 158 21 28 23 124 8823
leaf_count=32106 20 35 23 158 21 28 23 124 8823
internal_value=-0.000107753 -0.00026052 -6.26999e-05 0.0848862 0.40254 -0.000527964 0.00766642 -0.112159 -0.000113393
internal_weight=41361 41341 41306 225 44 41081 181 152 40929
internal_count=41361 41341 41306 225 44 41081 181 152 40929
is_linear=0
shrinkage=0.05


Tree=79
num_leaves=20
num_cat=0
split_feature=8 9 22 9 9 20 21 21 22 8 11 10 9 0 11 17 22 17 20
split_gain=591.483 1994.65 1336.53 1050.36 640.628 692.237 673.735 569.895 510.019 476.577 917.468 1304.05 474.017 373.207 671.593 496.961 373.102 335.689 330.979
threshold=6.5000000000000009 19.500000000000004 -0.5 18.500000000000004 41.500000000000007 30.100000000000001 3.3000000000000012 2.5000000000000013 -0.22695468355932472 1.5000000000000002 6.5000000000000009 -1.0000000180025095e-35 7.5000000000000009 67.500000000000014 -9.4999999999999982 18.100000000000005 0.72947329433276253 8.9000000000000021 13.699999999999998
decision_type=10 8 2 10 8 8 10 8 2 10 10 8 10 2 8 10 2 10 8
left_child=3 2 -2 9 5 6 -3 -5 -6 13 11 -11 -12 14 -1 -15 -10 18 -9
right_child=1 4 -4 7 8 -7 -8 17 16 10 12 -13 -14 15 -16 -17 -18 -19 -20
leaf_value=0.17915051115571329 0.11909611348224723 0.24750972200523724 0.67080811233747584 0.077532594996903625 -0.29052262064069512 0.28818729341991489 -0.075960654312123857 -0.23582809510762279 0.12923965242505073 0.27777296074871288 0.043561279896230813 0.036461846424304084 -0.085590210250338875 -0.011598488140274725 0.0010156218789605818 0.21168508774880321 -0.12683755482236544 -0.33991595072050895 -0.059996129159117118
leaf_weight=53 23 22 21 28 24 31 60 46 25 59 103 1096 229 7794 31601 25 33 24 64
leaf_count=53 23 22 21 28 24 31 60 46 25 59 103 1096 229 7794 31601 25 33 24 64
internal_value=-0.000102366 0.0783279 0.382413 -0.0005582 0.00971379 0.0869149 0.0108241 -0.127623 -0.0966731 -5.56495e-05 0.027732 0.0487886 -0.0455221 -0.00110245 0.00131388 -0.0108846 -0.0164594 -0.170491 -0.133526
internal_weight=41361 239 44 41122 195 113 82 162 82 40960 1487 1155 332 39473 31654 7819 58 134 110
internal_count=41361 239 44 41122 195 113 82 162 82 40960 1487 1155 332 39473 31654 7819 58 134 110
is_linear=0
shrinkage=0.05


Tree=80
num_leaves=20
num_cat=0
split_feature=0 19 21 23 17 11 11 4 12 11 2 18 19 9 21 12 20 9 4
split_gain=384.325 387.216 887.08 1662.36 4744.59 739.679 693.576 768.559 415.722 352.429 337.94 304.629 250.04 147.713 96.7731 61.9991 72.6031 48.9679 30.7428
threshold=-18.499999999999996 2.100000000000001 2.5000000000000013 0.44228869021900113 0.50000000000000011 -33.499999999999993 -27.499999999999996 22.500000000000004 27.821446760781836 -1.0000000180025095e-35 -25.499999999999996 12.900000000000004 2.3000000000000012 2.5000000000000004 0.90000000000000013 3.5279570035833152 5.1000000000000032 -2.4999999999999996 -16.499999999999996
decision_type=2 10 8 2 10 8 8 10 10 8 10 10 10 10 8 10 8 8 10
left_child=10 5 3 12 -5 -2 11 -8 9 -7 14 -4 -3 -10 -1 16 17 -12 -18
right_child=1 2 6 4 -6 8 7 -9 13 -11 15 -13 -14 -15 -16 -17 18 -19 -20
leaf_value=0.12083527031983879 0.29409217742227373 -0.077814679260493499 -0.070828572114736865 0.96275273516774185 0.0022530818102596741 -0.0093896673027166252 -0.01191303137529698 0.024022072769243244 -0.042170179106816356 0.0014080395855466622 0.13257865284315565 -0.27679416961394826 0.13078029710799455 -0.13998360581869304 0.25522026416091692 -0.042045650287316397 0.028206923126202561 0.046912262254340607 -0.05655426981858909
leaf_weight=37 21 51 58 20 36 11249 2434 3828 377 23025 22 26 20 43 21 26 23 69 20
leaf_count=37 21 51 58 20 36 11249 2434 3828 377 23025 22 26 20 43 21 26 23 69 20
internal_value=-0.000118301 -0.000468755 0.0107583 0.1416 0.345289 -0.00256217 0.00813985 0.0100543 -0.00274173 -0.00213585 0.0660949 -0.13458 -0.0190555 -0.0521844 0.169492 0.0286135 0.0423235 0.0676228 -0.0112169
internal_weight=41406 41188 6473 127 56 34715 6346 6262 34694 34274 218 84 71 420 58 160 134 91 43
internal_count=41406 41188 6473 127 56 34715 6346 6262 34694 34274 218 84 71 420 58 160 134 91 43
is_linear=0
shrinkage=0.05


Tree=81
num_leaves=15
num_cat=0
split_feature=8 9 8 22 23 10 17 9 7 0 1 11 22 6
split_gain=527.321 633.17 622.458 1306.05 958.621 804.911 584.372 509.095 438.559 360.183 712.868 386.089 268.345 236.794
threshold=15.500000000000002 18.500000000000004 3.5000000000000004 0.81241147629689026 0.97335555334614954 29.500000000000004 8.5000000000000018 51.500000000000007 106.50000000000001 -8.4999999999999982 -24.499999999999996 -1.4999999999999998 -0.47114434510950048 40.500000000000007
decision_type=10 10 10 2 2 8 10 10 10 2 10 10 2 8
left_child=1 2 9 4 -4 -5 8 -2 13 10 -1 -11 -8 -3
right_child=7 6 3 5 -6 -7 12 -9 -10 11 -12 -13 -14 -15
leaf_value=0.13180502433358698 0.35104310682841711 -0.011284088598877456 -0.013871760027936829 0.48546490183632285 0.30401379179071497 0.070156634896993642 -0.085552243019143742 0.0028863788870651099 0.13326609446667134 -0.011587183188692042 0.011486483867706107 0.0010017479822507034 -0.317039816826582 -0.11096908315620756
leaf_weight=129 21 113 195 28 27 20 21 21 32 7621 2695 30326 31 126
leaf_count=129 21 113 195 28 27 20 21 21 32 7621 2695 30326 31 126
internal_value=-0.000112386 -0.000292186 0.00025661 0.0759242 0.02479 0.31242 -0.0700233 0.176965 -0.0405634 -0.000244487 0.0169826 -0.00152652 -0.223554 -0.0638377
internal_weight=41406 41364 41041 270 222 48 323 42 271 40771 2824 37947 52 239
internal_count=41406 41364 41041 270 222 48 323 42 271 40771 2824 37947 52 239
is_linear=0
shrinkage=0.05


Tree=82
num_leaves=16
num_cat=0
split_feature=10 7 19 21 10 10 11 3 6 0 2 10 12 7 16
split_gain=438.202 470.701 424.809 775.445 1776.62 4056.58 687.254 490.899 1390.41 408.636 599.936 376.214 359.469 301.782 38.0604
threshold=89.500000000000014 58.500000000000007 2.100000000000001 2.5000000000000013 1.0000000180025095e-35 6.5000000000000009 -29.499999999999996 31.500000000000004 9.5000000000000018 -8.4999999999999982 -25.499999999999996 -1.4999999999999998 29.472898999248521 28.500000000000004 0.3000000000000001
decision_type=10 10 10 8 10 10 8 8 10 2 10 8 10 8 8
left_child=2 13 6 4 14 -6 -1 11 -9 10 -8 -5 -11 -2 -4
right_child=1 -3 3 7 5 -7 9 8 -10 12 -12 -13 -14 -15 -16
leaf_value=0.290974600094487 -0.13243510891441945 -0.24392752019982589 -0.051055744558572771 0.023889329019538497 0.91674594704061763 0.019332692689974521 0.098780069669292689 0.12756490631165779 0.012544312727335444 -0.0031878761842783344 0.0098335039037412159 -0.017442588591040562 -0.054208801623652651 0.10396624742489723 0.026661771862595548
leaf_weight=20 27 38 50 756 20 34 206 286 3231 31935 2378 2026 349 27 23
leaf_count=20 27 38 50 756 20 34 206 286 3231 31935 2378 2026 349 27 23
internal_value=-0.000106767 -0.109108 0.000135961 0.0119497 0.134273 0.351708 -0.00204 0.00948339 0.0218977 -0.00220807 0.0169244 -0.00621077 -0.00373943 -0.0142344 -0.0265694
internal_weight=41406 92 41314 6426 127 54 34888 6299 3517 34868 2584 2782 32284 54 73
internal_count=41406 92 41314 6426 127 54 34888 6299 3517 34868 2584 2782 32284 54 73
is_linear=0
shrinkage=0.05


Tree=83
num_leaves=16
num_cat=0
split_feature=8 9 19 24 24 25 9 19 19 25 5 10 22 5 11
split_gain=473.176 567.259 601.311 1528.85 531.877 615.892 451.913 437.013 535.09 369.504 639.198 367.202 271.36 266.948 164.02
threshold=15.500000000000002 18.500000000000004 47.200000000000003 -0.79877197597864613 0.034420336615831756 0.59123954401714218 51.500000000000007 40.200000000000017 37.100000000000016 0.67123509350548771 24.500000000000004 60.500000000000007 0.81241147629689026 130.50000000000003 -10.499999999999998
decision_type=10 10 10 2 2 2 10 10 10 2 10 10 2 8 10
left_child=1 2 7 -4 5 12 -2 8 -1 10 -6 -7 -3 -11 -9
right_child=6 4 3 -5 9 11 -8 14 -10 13 -12 -13 -14 -15 -16
leaf_value=7.561552907580991e-05 0.3316494044803438 -0.013323428465442344 -0.058299609747799963 0.46617901413701479 0.042725736089050774 -0.16431862287572585 0.0036275572010449003 -0.23068275801837446 0.15757311648792693 0.11051374740976219 -0.32219364240765574 -0.41499683603954812 -0.21272172705891232 -0.095974681526422509 -0.071539498756037032
leaf_weight=40825 21 91 33 24 30 48 21 20 54 72 20 21 21 20 85
leaf_count=40825 21 91 33 24 30 48 21 20 54 72 20 21 21 20 85
internal_value=-0.000101429 -0.000271748 0.0002477 0.162533 -0.0662737 -0.123104 0.167638 2.19949e-05 0.000283665 0.00616476 -0.103242 -0.240612 -0.0507106 0.065625 -0.101853
internal_weight=41406 41364 41041 57 323 181 42 40984 40879 142 50 69 112 92 105
internal_count=41406 41364 41041 57 323 181 42 40984 40879 142 50 69 112 92 105
is_linear=0
shrinkage=0.05


Tree=84
num_leaves=9
num_cat=0
split_feature=8 9 8 18 1 20 3 23
split_gain=437.308 474.272 685.801 448.769 348.573 595.361 236.415 84.5217
threshold=21.500000000000004 43.500000000000007 13.500000000000002 1.0000000180025095e-35 215.50000000000003 63.100000000000037 217.50000000000003 0.63405362205439486
decision_type=10 10 10 10 10 10 10 2
left_child=1 2 4 -3 5 -1 -6 -5
right_child=-2 3 -4 7 6 -7 -8 -9
leaf_value=0.00014406045547183386 0.23364956520497798 0.061595737845415166 0.28566921211424329 -0.27656141625574004 -0.18008190114651956 0.22296636669586101 -0.036017933564127559 -0.143400546095588
leaf_weight=40885 20 21 21 26 31 30 350 22
leaf_count=40885 20 21 21 26 31 30 350 22
internal_value=-9.63572e-05 -0.000209316 9.41841e-06 -0.131187 -0.000135846 0.00030744 -0.0477397 -0.215529
internal_weight=41406 41386 41317 69 41296 40915 381 48
internal_count=41406 41386 41317 69 41296 40915 381 48
is_linear=0
shrinkage=0.05


Tree=85
num_leaves=20
num_cat=0
split_feature=25 6 19 12 0 8 9 22 19 12 9 19 21 0 8 22 5 4 12
split_gain=415.504 1017.05 2656.03 345.901 523.958 474.53 1414.17 905.403 391.779 617.717 493.941 377.371 3452.01 277.702 222.082 81.0147 60.2152 58.5381 40.2805
threshold=0.99962961997441069 76.500000000000014 0.90000000000000013 13.296753886359538 30.500000000000004 6.5000000000000009 19.500000000000004 0.68322629814330837 0.70000000000000018 8.4131743067758027 11.500000000000002 4.1000000000000023 4.7000000000000028 84.500000000000014 6.5000000000000009 0.065403129230143062 79.500000000000014 27.500000000000004 7.9578491764822825
decision_type=2 10 10 10 2 10 8 2 10 10 10 10 8 2 8 2 10 10 10
left_child=3 13 16 5 -5 8 -7 -8 10 -10 -1 14 -13 15 -6 18 -3 -17 -2
right_child=1 2 -4 4 11 6 7 -9 9 -11 -12 12 -14 -15 -16 17 -18 -19 -20
leaf_value=-0.0013147585528473886 -0.022540573650442156 0.064309383432083519 0.61421674200230181 0.23386539613739368 -0.027000087769425224 0.47512901256393109 0.13189335821763329 -0.25809806869788604 0.0055441055136235019 0.048242443957985041 -0.15267018295600321 0.64077469791684838 -0.005576869553947413 -0.13731263130903246 -0.15393925321953639 -0.01103611933067441 -0.033894855363501446 0.088854221410372039 0.052436346803670347
leaf_weight=30247 81 37 27 21 2216 21 46 22 6086 984 54 21 1266 32 35 20 27 55 23
leaf_count=30247 81 37 27 21 2216 21 46 22 6086 984 54 21 1266 32 35 20 27 55 23
internal_value=0.000177988 0.0586114 0.198331 -0.000252225 -0.0151483 0.00116303 0.116479 0.00571966 0.000888397 0.0114868 -0.00158449 -0.0166264 0.00496966 -0.0016469 -0.0289738 0.0226062 0.0228795 0.0622168 -0.00595914
internal_weight=41321 302 91 41019 3559 37460 89 68 37371 7070 30301 3538 1287 211 2251 179 64 75 104
internal_count=41321 302 91 41019 3559 37460 89 68 37371 7070 30301 3538 1287 211 2251 179 64 75 104
is_linear=0
shrinkage=0.05


Tree=86
num_leaves=18
num_cat=0
split_feature=25 17 0 9 15 22 17 19 0 11 8 22 22 22 7 25 4
split_gain=374.992 3742.02 337.781 325.913 684.012 307.301 659.109 425.585 322.542 298.707 245.848 216.393 153.633 93.3572 81.1735 44.4488 15.5356
threshold=0.99962961997441069 0.90000000000000013 146.50000000000003 1.0000000180025095e-35 9.6000000000000032 -0.72947329433276231 27.500000000000004 22.300000000000001 137.50000000000003 -21.499999999999996 7.5000000000000009 -0.52778511650980109 -0.9103761370219875 0.065403129230143062 51.500000000000007 0.99992591960455823 78.500000000000014
decision_type=2 10 2 8 8 2 10 10 2 8 8 2 2 2 10 2 10
left_child=3 2 13 4 9 8 7 -7 10 14 -5 -11 -10 16 -1 -15 -2
right_child=1 -3 -4 5 -6 6 -8 -9 12 11 -12 -13 -14 15 -16 -17 -18
leaf_value=-0.042386546805500989 0.0061522803299962304 0.62912004383710718 -0.18628723871978847 -0.0082979290132725418 0.27562594332478269 0.0094572170140150291 -0.25627082702906234 0.062834763857953932 -0.038340137402216597 -0.0089562279193984001 0.088087871407761309 8.4538074473706833e-05 -0.19467835570826675 0.029479582721988362 -0.17004313595367201 0.095856469227491248 -0.027142749696683427
leaf_weight=20 76 26 22 2442 22 8789 23 390 30 10152 68 19017 33 75 33 38 65
leaf_count=20 76 26 22 2442 22 8789 23 390 30 10152 68 19017 33 75 33 38 65
internal_value=0.000169089 0.0556808 0.0016612 -0.000239613 -0.00306768 0.00678409 0.0110553 0.0117251 -0.00849132 -0.0032775 -0.00568668 -0.00306202 -0.120232 0.0179402 -0.121871 0.051801 -0.00919649
internal_weight=41321 302 276 41019 29244 11775 9202 9179 2573 29222 2510 29169 63 254 53 113 141
internal_count=41321 302 276 41019 29244 11775 9202 9179 2573 29222 2510 29169 63 254 53 113 141
is_linear=0
shrinkage=0.05


Tree=87
num_leaves=15
num_cat=0
split_feature=25 17 10 11 19 4 13 0 7 7 25 5 21 23
split_gain=338.431 3377.17 323.128 369.354 359.121 580.988 486.346 304.848 229.65 251.528 162.449 74.8614 60.7732 21.2863
threshold=0.99962961997441069 0.90000000000000013 -48.499999999999993 -21.499999999999996 1.9000000000000006 22.500000000000004 91.500000000000014 146.50000000000003 40.500000000000007 24.500000000000004 0.61864848712698517 79.500000000000014 0.90000000000000013 0.032701564615071184
decision_type=2 10 8 8 10 10 10 2 10 8 2 10 10 2
left_child=2 7 -1 8 6 -6 -5 11 9 -4 -10 12 -2 -13
right_child=1 -3 3 4 5 -7 -8 -9 10 -11 -12 13 -14 -15
leaf_value=0.19585382401322327 0.0084381071586363231 0.59766404408101859 -0.083418484702706353 0.00023213423276014254 -0.0073712233282914102 0.022841876296222217 -0.017342543506532648 -0.17697287572082132 -0.24393720674514771 0.10596481238802274 -0.088347535825211224 -0.0032606403780818891 0.065398478297154533 -0.061977135261584972
leaf_weight=21 111 26 50 29699 2670 3938 4538 22 25 27 51 33 81 29
leaf_count=21 111 26 50 29699 2670 3938 4538 22 25 27 51 33 81 29
internal_value=0.000160634 0.0528968 -0.000227633 -0.00032807 -3.76096e-05 0.0106341 -0.00209733 0.00157814 -0.0778695 -0.0170114 -0.139528 0.0170432 0.0324683 -0.0307248
internal_weight=41321 302 41019 40998 40845 6608 34237 276 153 77 76 254 192 62
internal_count=41321 302 41019 40998 40845 6608 34237 276 153 77 76 254 192 62
is_linear=0
shrinkage=0.05


Tree=88
num_leaves=22
num_cat=0
split_feature=9 15 25 8 9 9 10 18 7 7 2 20 11 23 18 11 22 18 25 18 12
split_gain=315.561 614.108 376.567 1074.6 3625.16 818.726 841.055 818.91 679.387 865.744 2468.63 596.637 536.908 423.642 294.767 294.53 215.461 241.784 231.315 178.633 111.931
threshold=1.0000000180025095e-35 9.6000000000000032 0.78298010367706283 4.5000000000000009 17.500000000000004 7.5000000000000009 16.500000000000004 5.1000000000000023 56.500000000000007 53.500000000000007 73.500000000000014 35.90000000000002 20.500000000000004 0.84874750804349197 13.200000000000005 -2.4999999999999996 -0.52778511650980109 9.6999999999999993 0.99962961997441069 16.300000000000008 60.686544828378025
decision_type=8 8 2 10 10 8 10 10 10 10 10 10 10 2 10 8 2 10 2 10 10
left_child=1 15 8 5 -5 6 -4 -7 9 12 -11 14 -2 -6 -10 19 18 -18 -17 20 -1
right_child=2 -3 3 4 13 7 -8 -9 11 10 -12 -13 -14 -15 -16 16 17 -19 -20 -21 -22
leaf_value=-0.017937267291715683 0.0064663184706218405 0.26144567037170585 0.021953953979222458 0.77078528642831812 0.1122492485990127 -0.025231405610505204 0.15325016005391859 -0.27093119250658232 -0.040189443165541773 -0.020967699144190801 0.54088016378468484 -0.23178863884546819 -0.13354627244795364 -0.14157917070388795 0.077061622365225305 -0.0081672379205369842 0.0013208296593983856 0.068245874061797038 0.078288785982518816 -0.15112737239553378 -0.12233794652498686
leaf_weight=2044 8928 22 1471 21 48 260 133 39 707 60 29 39 69 25 58 9528 17574 136 78 26 26
leaf_count=2044 8928 22 1471 21 48 260 133 39 707 60 29 39 69 25 58 9528 17574 136 78 26 26
internal_value=0.000152602 -0.00262415 0.00702826 0.0268328 0.191861 0.0186811 0.0328407 -0.0572792 0.00302932 0.00692759 0.162106 -0.041025 0.00539253 0.0253217 -0.0312998 -0.00282167 -0.00143569 0.00183477 -0.00746522 -0.0208845 -0.0192486
internal_weight=41321 29434 11887 1997 94 1903 1604 299 9890 9086 89 804 8997 73 765 29412 27316 17710 9606 2096 2070
internal_count=41321 29434 11887 1997 94 1903 1604 299 9890 9086 89 804 8997 73 765 29412 27316 17710 9606 2096 2070
is_linear=0
shrinkage=0.05


Tree=89
num_leaves=13
num_cat=0
split_feature=1 9 15 5 20 25 11 8 23 16 11 20
split_gain=322.06 289.118 518.333 333.233 375.012 995.284 393.299 337.322 155.783 248.898 171.779 67.8499
threshold=-21.499999999999996 -1.4999999999999998 3.9000000000000004 187.50000000000003 2.3000000000000012 0.99962961997441069 27.500000000000004 1.5000000000000002 0.83146961230254501 0.70000000000000018 -13.499999999999998 37.500000000000007
decision_type=8 8 8 10 10 2 10 8 2 10 8 10
left_child=-1 2 8 4 6 -6 -3 11 10 -10 -2 -5
right_child=1 3 -4 7 5 -7 -8 -9 9 -11 -12 -13
leaf_value=0.19590258568170527 -0.099706735813392788 1.941150664444071e-05 0.24760093025863172 -0.10056094200011681 0.011921713170987358 0.33445861579772707 -0.21149032319133934 -0.22891932030518852 0.0015595719054985195 0.08840819311187452 -0.0094336110844831234 0.0058310345726761414
leaf_weight=21 53 22711 20 22 7016 24 22 30 2025 86 9244 47
leaf_count=21 53 22711 20 22 7016 24 22 30 2025 86 9244 47
internal_value=0.000144972 4.54346e-05 -0.00671819 0.00263297 0.00293749 0.0130213 -0.000185278 -0.0889481 -0.00716405 0.0050977 -0.00994824 -0.028091
internal_weight=41321 41300 11428 29872 29773 7040 22733 99 11408 2111 9297 69
internal_count=41321 41300 11428 29872 29773 7040 22733 99 11408 2111 9297 69
is_linear=0
shrinkage=0.05


Tree=90
num_leaves=17
num_cat=0
split_feature=9 8 22 21 19 12 21 8 2 19 9 9 12 19 11 9
split_gain=508.819 826.092 2250.83 1719.78 1133.3 682.493 538.692 532.105 390.129 389.28 445.781 352.44 406.823 292.212 239.459 221.655
threshold=18.500000000000004 4.5000000000000009 0.35206144883412577 15.599999999999996 1.9000000000000006 8.1183970827624581 71.400000000000091 5.5000000000000009 -21.499999999999996 53.300000000000004 10.500000000000002 32.500000000000007 19.159644779663875 2.3000000000000012 -8.4999999999999982 33.500000000000007
decision_type=10 10 2 10 10 10 8 10 8 10 10 10 10 10 10 10
left_child=1 8 4 -4 -3 -6 7 14 -1 10 -10 12 -9 -13 -2 -16
right_child=6 2 3 -5 5 -7 -8 11 9 -11 -12 13 -14 -15 15 -17
leaf_value=0.21066246432336896 -0.0039999552838066053 -0.3073697477579117 0.72759274691343312 0.1155694321418802 -0.15751965807750823 0.19121307809936239 -0.27822793822448988 0.0048516812051335977 0.00036380558046106737 0.16916714439935543 -0.060211356656224124 -0.19752725362777712 0.22560948121827096 -0.0054365890998258649 -0.19535948418080806 -0.012837738118001395
leaf_weight=22 34 25 22 24 20 47 26 60 40748 34 306 26 32 83 80 21
leaf_count=22 34 25 22 24 20 47 26 60 40748 34 306 26 32 83 80 21
internal_value=5.70632e-05 0.000575034 0.122704 0.408276 -0.0200828 0.0871138 -0.058963 -0.0419961 0.000165068 5.23598e-05 -8.76973e-05 0.00957044 0.081637 -0.0512564 -0.118773 -0.157409
internal_weight=41610 41248 138 46 92 67 362 336 41110 41088 41054 201 92 109 135 101
internal_count=41610 41248 138 46 92 67 362 336 41110 41088 41054 201 92 109 135 101
is_linear=0
shrinkage=0.05


Tree=91
num_leaves=9
num_cat=0
split_feature=18 9 8 15 14 11 16 8
split_gain=677.426 610.455 403.648 1069.92 796.055 732.707 847.984 506.018
threshold=41.70000000000001 60.500000000000007 9.5000000000000018 1.0000000180025095e-35 39.500000000000007 11.500000000000002 1.3000000000000003 3.5000000000000004
decision_type=10 10 10 10 10 10 10 10
left_child=1 2 5 4 -4 7 -7 -1
right_child=-2 -3 3 -5 -6 6 -8 -9
leaf_value=-0.00022078344869899214 0.21685543432831766 -0.22945583182676088 0.36462545295556392 -0.19840887784957886 0.024641972012592085 -0.14506163033930694 0.1746063646239539 0.068077939039184937
leaf_weight=41004 36 29 36 22 33 153 24 273
leaf_count=41004 36 29 36 22 33 153 24 273
internal_value=5.421e-05 -0.000133524 2.6552e-05 0.105217 0.202025 -0.000204362 -0.101717 0.000230934
internal_weight=41610 41574 41545 91 69 41454 177 41277
internal_count=41610 41574 41545 91 69 41454 177 41277
is_linear=0
shrinkage=0.05


Tree=92
num_leaves=14
num_cat=0
split_feature=18 11 23 8 12 13 22 19 18 11 8 6 6
split_gain=611.377 361.798 921.143 864.665 2423.93 866.34 649.017 500.541 624.495 361.512 288.131 266.904 253.517
threshold=41.70000000000001 6.5000000000000009 0.84874750804349197 3.5000000000000004 6.0715228862923043 195.50000000000003 -0.47114434510950048 37.90000000000002 16.500000000000004 1.5000000000000002 -4.4999999999999991 179.50000000000003 137.50000000000003
decision_type=10 10 2 10 10 10 2 10 8 10 8 10 10
left_child=1 3 7 9 -5 -6 -4 8 -3 10 -1 -11 -8
right_child=-2 2 6 4 5 -7 12 -9 -10 11 -12 -13 -14
leaf_value=0.16453419281886175 0.20601265910598965 0.0053235605386533907 -0.40047940939664839 0.53732091858983044 0.12353369380494482 -0.12303428628988433 -0.12319202127807832 0.20078268116661191 -0.19257745489118283 0.014099899174057299 -0.0019750164258895476 -0.047494749453367797 0.059128885106606924
leaf_weight=26 36 424 20 28 95 57 143 29 44 5228 35276 182 22
leaf_count=26 36 424 20 28 95 57 143 29 44 5228 35276 182 22
internal_value=5.14995e-05 -0.000126848 -0.0362445 0.000475525 0.109821 0.0310707 -0.131488 -0.000791792 -0.0132825 -7.92302e-06 -0.00185238 0.0120278 -0.0988826
internal_weight=41610 41574 682 40892 180 152 185 497 468 40712 35302 5410 165
internal_count=41610 41574 682 40892 180 152 185 497 468 40712 35302 5410 165
is_linear=0
shrinkage=0.05


Tree=93
num_leaves=11
num_cat=0
split_feature=18 9 8 18 25 18 9 25 25 23
split_gain=551.768 567.553 937.328 551.156 670.892 403.013 397.329 242.414 163.862 123.864
threshold=41.70000000000001 32.500000000000007 9.5000000000000018 1.9000000000000006 0.45207220393230402 36.900000000000013 11.500000000000002 0.82392300575755406 0.67123509350548771 0.35206144883412543
decision_type=10 10 10 10 2 10 10 2 2 2
left_child=1 2 5 7 -5 6 -1 9 -6 -3
right_child=-2 3 -4 4 8 -7 -8 -9 -10 -11
leaf_value=0.00039127123977182333 0.1957120294372241 -0.13507498958674463 0.25177548608264411 0.046390095409815729 -0.37242073466380443 0.18021568281035272 -0.045991028670811868 0.15130844541958399 -0.20375469765729376 0.03506133794784546
leaf_weight=40892 36 23 37 23 24 31 467 21 36 20
leaf_count=40892 36 23 37 23 24 31 467 21 36 20
internal_value=4.89245e-05 -0.000120505 0.000227495 -0.0981926 -0.183208 2.62719e-06 -0.000132449 0.0120622 -0.271221 -0.0559418
internal_weight=41610 41574 41427 147 83 41390 41359 64 60 43
internal_count=41610 41574 41427 147 83 41390 41359 64 60 43
is_linear=0
shrinkage=0.05


Tree=94
num_leaves=9
num_cat=0
split_feature=18 9 8 15 14 11 15 8
split_gain=497.97 531.211 359.591 941.034 702.816 601.549 681.58 436.852
threshold=41.70000000000001 60.500000000000007 9.5000000000000018 1.0000000180025095e-35 39.500000000000007 11.500000000000002 0.3000000000000001 3.5000000000000004
decision_type=10 10 10 10 10 10 10 10
left_child=1 2 5 4 -4 7 -7 -1
right_child=-2 -3 3 -5 -6 6 -8 -9
leaf_value=-0.00020839872826015354 0.18592642347017926 -0.21403529846976543 0.34289059667951532 -0.18543246645819059 0.023437449381206978 -0.13287594984069664 0.1442900926161271 0.063251136866442501
leaf_weight=41004 36 29 36 22 33 151 26 273
leaf_count=41004 36 29 36 22 33 151 26 273
internal_value=4.64783e-05 -0.00011448 3.4845e-05 0.0993185 0.190109 -0.000183103 -0.0921623 0.000211313
internal_weight=41610 41574 41545 91 69 41454 177 41277
internal_count=41610 41574 41545 91 69 41454 177 41277
is_linear=0
shrinkage=0.05


Tree=95
num_leaves=17
num_cat=0
split_feature=8 18 4 14 24 8 12 8 12 25 25 11 0 18 4 21
split_gain=528.315 827.576 816.926 1455.15 778.861 540.996 526.568 384.77 419.528 321.768 1236.18 501.902 274.2 266.635 487.671 231.377
threshold=1.5000000000000002 44.5 11.500000000000002 -9.4999999999999982 0.4288879662599927 3.5000000000000004 3.2326813999947306 -5.4999999999999991 14.065696343903646 0.53435276464917691 0.5488226286565131 -1.0000000180025095e-35 43.500000000000007 15.600000000000003 90.500000000000014 10.900000000000004
decision_type=10 10 10 10 2 10 10 8 10 2 2 8 2 10 10 8
left_child=7 2 5 -4 -5 12 -7 -1 9 11 -11 -9 -2 15 -15 -10
right_child=1 -3 3 4 -6 6 -8 8 13 10 -12 -13 -14 14 -16 -17
leaf_value=0.21870004242286087 -0.013112713414532996 -0.27166074566219167 0.36827821390969412 0.020041065503956214 0.10879219914088739 0.0086262535836015425 -0.27557334685936952 -0.011790850708479858 -0.038470250527299792 0.16447144437227401 0.0062851911534236582 0.0027362617824272508 0.17209692327749163 -0.29788136625041567 -0.0016655255221959316 -0.0072132544036041524
leaf_weight=20 413 23 35 1013 327 28 39 8986 867 125 10329 17573 21 24 33 1867
leaf_count=20 413 23 35 1013 327 28 39 8986 867 125 10329 17573 21 24 33 1867
internal_value=0.000675174 0.0264407 0.0300954 0.0500119 0.041699 -0.0245656 -0.156803 -0.000553449 -0.000663616 0.000745965 0.00817665 -0.00217886 -0.00415096 -0.0193568 -0.126388 -0.0171254
internal_weight=41723 1899 1876 1375 1340 501 67 39824 39804 37013 10454 26559 434 2791 57 2734
internal_count=41723 1899 1876 1375 1340 501 67 39824 39804 37013 10454 26559 434 2791 57 2734
is_linear=0
shrinkage=0.05


Tree=96
num_leaves=18
num_cat=0
split_feature=8 10 24 19 20 21 4 3 8 19 8 11 10 14 14 7 25
split_gain=476.804 896.828 1052.34 944.742 2076.19 1500.36 783.907 749.302 463.956 356.428 607.979 320.802 364.172 288.602 271.083 350.249 245.529
threshold=1.5000000000000002 -1.0000000180025095e-35 0.012910176522261252 2.3000000000000012 16.900000000000009 4.7000000000000028 22.500000000000004 73.500000000000014 10.500000000000002 39.70000000000001 -4.4999999999999991 -2.4999999999999996 17.500000000000004 26.500000000000004 33.500000000000007 95.500000000000014 0.53435276464917691
decision_type=10 8 2 10 10 8 10 10 10 10 8 8 10 10 10 10 2
left_child=9 2 13 4 8 7 -7 -5 -3 10 -1 16 -13 -2 -11 -16 -12
right_child=1 3 -4 5 -6 6 -8 -9 -10 14 11 12 -14 -15 15 -17 -18
leaf_value=0.2686569924155871 0.14733785759657622 -0.0045848459705178229 0.38205216168551837 0.11379321903372422 -0.5286924569588155 -0.04747206787268321 0.056587624855720886 0.43246831510748179 -0.21968508385694943 0.023198829719732549 -0.02572919105947848 0.00059654651017400188 0.099137484342692067 -0.062158670612881266 -0.33339185833930973 -0.074888744950294503 0.0047264261158273379
leaf_weight=21 35 700 37 39 20 240 736 35 26 29 2078 36573 94 31 20 38 971
leaf_count=21 35 700 37 39 20 240 736 35 26 29 2078 36573 94 31 20 38 971
internal_value=0.000641415 0.0251186 0.1686 0.01689 -0.0261328 0.0474567 0.0309992 0.264518 -0.0122882 -0.000525777 -0.000304444 -0.000446658 0.000849167 0.048938 -0.101619 -0.164028 -0.0160301
internal_weight=41723 1899 103 1796 746 1050 976 74 726 39824 39737 39716 36667 66 87 58 3049
internal_count=41723 1899 103 1796 746 1050 976 74 726 39824 39737 39716 36667 66 87 58 3049
is_linear=0
shrinkage=0.05


Tree=97
num_leaves=21
num_cat=0
split_feature=19 8 9 24 23 4 9 11 0 11 18 21 1 2 19 5 20 5 17 18
split_gain=433.579 666.392 1676.32 2954.75 1128.95 557.326 489.885 574.68 488.18 485.603 585.837 440.112 349.539 325.738 244.543 268.142 178.954 169.441 158.571 137.149
threshold=0.70000000000000018 1.5000000000000002 3.5000000000000004 -0.32533907195844758 0.9946518923062071 11.500000000000002 6.5000000000000009 -19.499999999999996 95.500000000000014 -12.499999999999998 12.900000000000004 19.699999999999999 -22.499999999999996 16.500000000000004 41.600000000000023 8.5000000000000018 7.8000000000000034 105.50000000000001 1.1000000000000003 2.100000000000001
decision_type=10 10 8 2 2 10 10 8 2 8 10 10 8 10 10 10 10 10 10 8
left_child=6 9 3 -3 5 -4 7 -1 -6 10 19 16 -9 -14 15 -11 17 -8 -16 -2
right_child=1 2 4 -5 8 -7 11 12 -10 14 -12 -13 13 -15 18 -17 -18 -19 -20 -21
leaf_value=0.23823277181386948 -0.072728142544235055 0.0048344310613409169 -0.057845741390138053 0.76249745379794731 0.12845231578685343 0.037552990910405863 -0.060441470610907877 0.2073757814243436 0.46292906120419508 -0.0079428441272084392 -0.32453954787481404 -0.26257446863843747 0.003753183766062285 -0.0063797949664242716 -0.18415297479541215 0.013033623936471337 0.06416831098807356 0.085646645511899683 -0.01841099944806868 0.030359514868921706
leaf_weight=25 114 31 182 22 24 964 362 20 20 2072 21 24 14692 17235 27 5755 36 21 31 45
leaf_count=25 114 31 182 22 24 964 362 20 20 2072 21 24 14692 17235 27 5755 36 21 31 45
internal_value=0.000609345 0.0101211 0.044199 0.319336 0.031945 0.0224024 -0.00212197 -0.00139843 0.280487 0.00486893 -0.0763342 -0.0543408 -0.00158595 -0.00171685 0.00672265 0.00748064 -0.0424133 -0.0524314 -0.0955667 -0.0435524
internal_weight=41723 9308 1243 53 1190 1146 32415 31972 44 8065 180 443 31947 31927 7885 7827 419 383 58 159
internal_count=41723 9308 1243 53 1190 1146 32415 31972 44 8065 180 443 31947 31927 7885 7827 419 383 58 159
is_linear=0
shrinkage=0.05


Tree=98
num_leaves=14
num_cat=0
split_feature=19 19 25 1 11 7 11 8 21 12 2 4 4
split_gain=412.399 359.785 750.366 3035.02 394.505 422.534 383.218 377.984 822.976 455.574 346.652 324.709 140.404
threshold=62.20000000000001 0.50000000000000011 0.99962961997441069 104.50000000000001 9.5000000000000018 74.500000000000014 -30.499999999999996 1.5000000000000002 4.7000000000000028 11.121718748979264 16.500000000000004 37.500000000000007 131.50000000000003
decision_type=10 10 2 10 10 10 8 10 8 8 10 10 10
left_child=1 4 7 -4 6 11 -1 9 -9 -3 -8 -6 -5
right_child=-2 2 3 12 5 -7 10 8 -10 -11 -12 -13 -14
leaf_value=0.21169916717779069 0.22757043585181239 0.011292341487019415 0.48506138844317515 -0.22752716377377513 -0.083320586922320916 0.088218412412838509 0.0036759942796667383 0.13364391840084203 0.01670789703836336 -0.013893559473164882 -0.0068176659646813466 -0.30353349985984657 -0.044482179663398048
leaf_weight=21 20 6091 38 20 47 22 14646 176 1037 2546 17011 26 22
leaf_count=21 20 6091 38 20 47 22 14646 176 1037 2546 17011 26 22
internal_value=0.000578877 0.000470016 0.00877737 0.16129 -0.00212628 -0.103865 -0.00182117 0.00753869 0.0336747 0.00386808 -0.00196281 -0.161753 -0.131646
internal_weight=41723 41703 9930 80 31773 95 31678 9850 1213 8637 31657 73 42
internal_count=41723 41703 9930 80 31773 95 31678 9850 1213 8637 31657 73 42
is_linear=0
shrinkage=0.05


Tree=99
num_leaves=17
num_cat=0
split_feature=19 24 16 4 1 11 11 9 8 11 1 18 1 5 4 11
split_gain=381.096 1977.07 501.611 1204.39 1226.51 861.122 598.118 478.214 622.847 617.529 427.894 467.315 312.891 289.122 219.336 185.832
threshold=11.600000000000003 0.89391031859722891 1.0000000180025095e-35 149.50000000000003 63.500000000000007 20.500000000000004 8.5000000000000018 19.500000000000004 6.5000000000000009 -42.499999999999993 55.500000000000007 0.3000000000000001 -22.499999999999996 270.50000000000006 101.50000000000001 27.500000000000004
decision_type=10 2 10 8 10 10 10 10 10 8 10 10 8 10 8 10
left_child=7 2 3 4 -2 6 -4 8 9 -1 -9 14 -11 -5 -12 -13
right_child=1 -3 5 13 -6 -7 -8 10 -10 12 11 15 -14 -15 -16 -17
leaf_value=0.27744557589292523 0.024437071923418981 0.48285184015479427 -0.0055589070238095326 -0.086004777788184592 0.17564434535969567 -0.2997486232469479 0.15395421099758919 0.10610368986828969 0.22759355982144674 0.19725817307829857 -0.080016357088782672 -0.14710088166594507 -0.00055781832086671923 0.10731427271596411 0.10539858158339153 -0.31405831679701807
leaf_weight=20 332 23 1127 160 225 24 62 26 30 20 58 50 39497 22 22 25
leaf_count=20 332 23 1127 160 225 24 62 26 30 20 58 50 39497 22 22 25
internal_value=0.000549934 0.0219874 0.0165571 0.0490301 0.0855172 -0.00322646 0.00275885 -0.000515252 -0.000144319 -0.000317123 -0.0816021 -0.113088 -0.000457701 -0.0626365 -0.0290272 -0.202753
internal_weight=41723 1975 1952 739 557 1213 1189 39748 39567 39537 181 155 39517 182 80 75
internal_count=41723 1975 1952 739 557 1213 1189 39748 39567 39537 181 155 39517 182 80 75
is_linear=0
shrinkage=0.05


Tree=100
num_leaves=14
num_cat=0
split_feature=8 6 5 16 11 18 4 0 8 19 14 13 11
split_gain=458.69 1265.42 933.764 438.34 400.072 462.014 3816.86 345.952 486.853 372.856 228.15 232.803 95.4919
threshold=9.5000000000000018 28.500000000000004 55.500000000000007 1.0000000180025095e-35 14.500000000000002 36.900000000000013 67.500000000000014 215.50000000000003 5.5000000000000009 2.100000000000001 99.500000000000014 102.50000000000001 20.500000000000004
decision_type=10 8 10 10 10 10 10 2 8 10 10 8 10
left_child=4 -2 -3 -4 5 7 -7 9 -9 -1 11 12 -6
right_child=1 2 3 -5 10 6 -8 8 -10 -11 -12 -13 -14
leaf_value=-0.0013478912778050293 0.373139596541818 -0.28051205873489382 0.20177616151539901 -0.087413583025336264 -0.13041073085570878 -0.19168252595182922 0.61252262753248221 -0.033970317266385969 -0.28744018509984021 0.012162860475726348 0.03985019569163737 -0.23053604243574918 0.020545721873641017
leaf_weight=34587 31 22 38 20 22 36 25 359 20 5991 23 37 20
leaf_count=34587 31 22 38 20 22 36 25 359 20 5991 23 37 20
internal_value=0.000435605 0.10194 -0.00315054 0.102056 0.000161603 0.000407541 0.13791 0.00020275 -0.047346 0.000646857 -0.0987392 -0.139088 -0.0585267
internal_weight=41231 111 80 58 41120 41018 61 40957 379 40578 102 79 42
internal_count=41231 111 80 58 41120 41018 61 40957 379 40578 102 79 42
is_linear=0
shrinkage=0.05


Tree=101
num_leaves=11
num_cat=0
split_feature=18 10 18 18 10 14 4 9 4 11
split_gain=399.901 359.503 404.01 1681.49 809.594 304.647 328.069 292.042 406.49 210.593
threshold=44.700000000000003 89.500000000000014 10.100000000000003 10.200000000000005 45.500000000000007 25.500000000000004 93.500000000000014 -2.4999999999999996 217.50000000000003 3.5000000000000004
decision_type=10 10 10 10 10 8 10 8 10 10
left_child=1 2 7 -4 -5 -3 -7 9 -9 -1
right_child=-2 5 3 4 -6 6 -8 8 -10 -11
leaf_value=-0.011736065552601038 0.22393866822123532 0.021248439465250291 0.40762231225982826 0.0059225915124613135 0.16703047745449598 -0.31285272940345438 -0.073597122998418002 0.0017763273092061109 -0.10770048100816305 0.077432621470583024
leaf_weight=5655 20 35 29 836 86 23 38 34357 85 67
leaf_count=5655 20 35 29 836 86 23 38 34357 85 67
internal_value=0.000413824 0.000305346 0.000531004 0.0327413 0.02095 -0.0963397 -0.163808 -0.000231668 0.00150615 -0.010692
internal_weight=41231 41211 41115 951 922 96 61 40164 34442 5722
internal_count=41231 41211 41115 951 922 96 61 40164 34442 5722
is_linear=0
shrinkage=0.05


Tree=102
num_leaves=15
num_cat=0
split_feature=8 6 5 16 0 20 20 19 5 4 14 21 20 19
split_gain=406.824 1125.38 847.158 396.428 325.453 940.783 574.798 412.14 402.672 522.096 371.306 353.7 275.413 248.584
threshold=9.5000000000000018 28.500000000000004 55.500000000000007 1.0000000180025095e-35 167.50000000000003 63.100000000000037 50.300000000000018 11.600000000000003 105.50000000000001 130.50000000000003 39.500000000000007 4.7000000000000028 35.90000000000002 57.299999999999997
decision_type=10 8 10 10 2 10 10 10 10 8 10 8 10 8
left_child=4 -2 -3 -4 5 6 7 -1 10 -10 13 -11 -12 -6
right_child=1 2 3 -5 8 -7 -8 -9 9 11 12 -13 -14 -15
leaf_value=-0.00013897271282469167 0.35173992584309272 -0.26730453399094672 0.19192355488623053 -0.083093480914831166 0.057448626793921001 0.28557764542899255 -0.22577237305896625 0.026988971967084902 0.24054214879870417 0.1078806812892545 -0.11821829643366594 -0.025067702090188094 -0.33054475131488981 -0.087883680654580104
leaf_weight=38438 31 22 38 20 45 29 28 1453 20 53 56 892 21 85
leaf_count=38438 31 22 38 20 45 29 28 1453 20 53 56 892 21 85
internal_value=0.000393133 0.0959862 -0.00311843 0.0970901 0.000135088 0.000896998 0.000690186 0.000849142 -0.0258349 -0.012261 -0.089114 -0.0176113 -0.176126 -0.0375763
internal_weight=41231 111 80 58 41120 39948 39919 39891 1172 965 207 945 77 130
internal_count=41231 111 80 58 41120 39948 39919 39891 1172 965 207 945 77 130
is_linear=0
shrinkage=0.05


Tree=103
num_leaves=14
num_cat=0
split_feature=8 6 5 16 11 18 4 12 9 5 7 13 11
split_gain=367.158 1015.65 765.05 408.32 360.474 393.513 3422.65 345.093 322.884 226.252 216.302 202.83 85.1765
threshold=9.5000000000000018 28.500000000000004 56.500000000000007 1.0000000180025095e-35 14.500000000000002 36.900000000000013 67.500000000000014 31.92260735450747 1.0000000180025095e-35 108.50000000000001 75.500000000000014 102.50000000000001 20.500000000000004
decision_type=10 8 10 10 10 10 10 10 8 10 10 8 10
left_child=4 -2 -3 -4 5 7 -7 8 -1 -9 11 12 -6
right_child=1 2 3 -5 10 6 -8 9 -10 -11 -12 -13 -14
leaf_value=-0.0019932497260711458 0.33415292703336286 -0.2323033435344696 0.20426740582500186 -0.078938803970813765 -0.12409537031145937 -0.18484621155593131 0.57669719612598425 -0.063461497807353301 0.0079722199054455267 -0.0092170477581267063 0.045095576989379799 -0.21563295847491215 0.018474652208387853
leaf_weight=28859 31 25 35 20 22 36 25 339 11315 444 22 38 20
leaf_count=28859 31 25 35 20 22 36 25 339 11315 444 22 38 20
internal_value=0.000373476 0.0911868 -0.00296251 0.101283 0.000128333 0.000361783 0.127262 0.000172783 0.000813523 -0.0327022 -0.0937505 -0.131933 -0.0562049
internal_weight=41231 111 80 55 41120 41018 61 40957 40174 783 102 80 42
internal_count=41231 111 80 55 41120 41018 61 40957 40174 783 102 80 42
is_linear=0
shrinkage=0.05


Tree=104
num_leaves=6
num_cat=0
split_feature=18 19 18 17 5
split_gain=359.604 385.973 347.941 477.327 282.48
threshold=44.700000000000003 61.500000000000007 39.70000000000001 32.400000000000013 71.500000000000014
decision_type=10 10 10 10 8
left_child=1 2 3 4 -1
right_child=-2 -3 -4 -5 -6
leaf_value=0.0026001203895399737 0.21231870114803317 0.21984991006553176 -0.16730223624936996 0.24447818301618099 -0.0068611322531704324
leaf_weight=30498 20 20 31 20 10642
leaf_count=30498 20 20 31 20 10642
internal_value=0.000354803 0.000251935 0.000145311 0.000271425 0.000152705
internal_weight=41231 41211 41191 41160 41140
internal_count=41231 41211 41191 41160 41140
is_linear=0
shrinkage=0.05


Tree=105
num_leaves=9
num_cat=0
split_feature=19 9 11 18 19 24 16 25
split_gain=410.607 321.965 349.907 411.247 261.553 402.999 255.079 179.278
threshold=62.500000000000007 -17.499999999999996 -3.4999999999999996 34.100000000000009 9.1000000000000032 0.98370018436603734 2.7000000000000011 0.70252747416915695
decision_type=10 8 8 10 10 2 8 2
left_child=1 -1 3 7 6 -6 -4 -3
right_child=-2 2 4 -5 5 -7 -8 -9
leaf_value=0.18656945986592252 0.22069711649701712 -0.030412373713183186 4.0479131650703316e-05 -0.24754723355174069 0.013160679701528703 0.13184453165913756 -0.028910751577644722 0.0035555099436015074
leaf_weight=23 21 1215 36532 20 2139 74 777 571
leaf_count=23 21 1215 36532 20 2139 74 777 571
internal_value=-0.000338967 -0.000451219 -0.000555301 -0.0220774 0.000428175 0.0171293 -0.000562461 -0.0195525
internal_weight=41372 41351 41328 1806 39522 2213 37309 1786
internal_count=41372 41351 41328 1806 39522 2213 37309 1786
is_linear=0
shrinkage=0.05


Tree=106
num_leaves=13
num_cat=0
split_feature=19 10 14 4 13 11 12 10 24 23 7 22
split_gain=370.573 319.221 682.115 676.75 748.082 521.329 497.107 467.44 456.956 620.21 565.799 253.418
threshold=62.500000000000007 27.500000000000004 1.5000000000000002 23.500000000000004 169.50000000000003 -15.499999999999998 13.667954999106509 26.500000000000004 0.4288879662599927 0.97335555334614954 45.500000000000007 -0.81241147629689037
decision_type=10 10 10 10 10 8 8 10 2 2 10 2
left_child=1 5 3 6 -5 -1 -3 11 10 -10 -4 -7
right_child=-2 2 8 4 -6 7 -8 -9 9 -11 -12 -13
leaf_value=0.2554318904876709 0.20966226747702985 0.15685759211599362 -0.040108348101590655 0.45850321114063264 0.066279408792334224 -0.0077920053822131885 -0.1628729594330634 0.18018177195141716 -0.027035109393505587 0.17892016491598706 -0.15563972154569705 0.0019612741024672112
leaf_weight=20 21 20 367 20 31 8410 31 36 216 44 149 32007
leaf_count=20 21 20 367 20 31 8410 31 36 216 44 149 32007
internal_value=-0.000322018 -0.000428658 -0.0302555 0.0913021 0.220093 0.00021839 -0.0374884 9.22127e-05 -0.0462335 0.00781886 -0.0734692 -6.81957e-05
internal_weight=41372 41351 878 102 51 40473 51 40453 776 260 516 40417
internal_count=41372 41351 878 102 51 40473 51 40453 776 260 516 40417
is_linear=0
shrinkage=0.05


Tree=107
num_leaves=9
num_cat=0
split_feature=9 19 9 11 19 4 6 25
split_gain=338.114 438.88 288.413 290.928 281.626 277.13 358.351 262.158
threshold=45.500000000000007 61.500000000000007 -17.499999999999996 -2.4999999999999996 9.1000000000000032 94.500000000000014 28.500000000000004 0.69635043120606444
decision_type=10 10 8 8 10 10 10 2
left_child=1 2 -1 7 -5 6 -2 -4
right_child=5 -3 3 4 -6 -7 -8 -9
leaf_value=0.17678608371187812 -0.040181452574740567 0.23405729148536925 -0.023450524756652991 -0.00012841201295298789 0.018898208231908898 0.038119694093863177 -0.29547799251697682 0.0087255854962013379
leaf_weight=23 28 20 2346 35981 2056 24 27 867
leaf_count=23 28 20 2346 35981 2056 24 27 867
internal_value=-0.000305917 -0.00010821 -0.000221681 -0.000320376 0.000900027 -0.103647 -0.165509 -0.0147681
internal_weight=41372 41293 41273 41250 38037 79 55 3213
internal_count=41372 41293 41273 41250 38037 79 55 3213
is_linear=0
shrinkage=0.05


Tree=108
num_leaves=12
num_cat=0
split_feature=19 10 14 4 13 12 1 16 10 9 18
split_gain=316.987 281.586 617.215 612.563 675.966 447.88 428.417 434.501 341.882 304.676 293.057
threshold=62.500000000000007 27.500000000000004 1.5000000000000002 23.500000000000004 175.50000000000003 13.667954999106509 42.500000000000007 0.50000000000000011 26.500000000000004 -16.499999999999996 37.100000000000016
decision_type=10 10 10 10 10 8 10 10 10 8 10
left_child=1 8 3 5 -5 -3 -4 -8 9 -1 -11
right_child=-2 2 6 4 -6 -7 7 -9 -10 10 -12
leaf_value=0.18609584244814786 0.19391904068844659 0.14916930150240659 0.18481017258018256 0.42732796569665271 0.057459582816809421 -0.154317736643697 -0.029072921906521366 -0.11949111111462117 0.14818602059370814 -0.00012027275571359926 0.19132220953702928
leaf_weight=22 21 20 20 21 30 31 584 172 39 40392 20
leaf_count=22 21 20 20 21 30 31 584 172 39 40392 20
internal_value=-0.000290622 -0.00038925 -0.0284028 0.0872276 0.209758 -0.0353032 -0.0436016 -0.0496443 0.00021846 7.57406e-05 -2.55274e-05
internal_weight=41372 41351 878 102 51 51 776 756 40473 40434 40412
internal_count=41372 41351 878 102 51 51 776 756 40473 40434 40412
is_linear=0
shrinkage=0.05


Tree=109
num_leaves=9
num_cat=0
split_feature=8 9 19 0 22 4 3 10
split_gain=351.683 473.628 378.728 254.583 247.262 246.781 140.535 137.051
threshold=21.500000000000004 45.500000000000007 61.500000000000007 -18.499999999999996 -0.77259657388510594 99.500000000000014 -20.499999999999996 108.50000000000001
decision_type=10 10 10 2 2 10 10 10
left_child=1 2 3 6 -5 7 -1 -3
right_child=-2 5 -4 4 -6 -7 -8 -9
leaf_value=0.10426985185948157 0.20428638515018283 -0.27823782156407834 0.21735962212085724 -0.0077369060980161889 0.0015383992114675158 0.010894729346036911 0.021898316263428166 -0.10263475626707078
leaf_weight=84 21 25 20 9286 31761 20 135 20
leaf_count=84 21 25 20 9286 31761 20 135 20
internal_value=-0.00027609 -0.000379977 -0.000167652 -0.000273079 -0.000559939 -0.135242 0.0534929 -0.200192
internal_weight=41372 41351 41286 41266 41047 65 219 45
internal_count=41372 41351 41286 41266 41047 65 219 45
is_linear=0
shrinkage=0.05


Tree=110
num_leaves=7
num_cat=0
split_feature=2 10 8 9 8 7
split_gain=289.547 287.001 260.717 424.045 502.758 361.317
threshold=-21.499999999999996 -49.499999999999993 20.500000000000004 19.500000000000004 6.5000000000000009 82.500000000000014
decision_type=8 8 10 10 10 10
left_child=-1 -2 3 4 -3 -5
right_child=1 2 -4 5 -6 -7
leaf_value=0.185607626093995 0.1892614992707968 -1.0433069556614239e-05 0.16810312867164612 -0.083483674089535789 0.17733939275145533 0.050892086140811449
leaf_weight=21 20 41068 23 259 40 62
leaf_count=21 20 41068 23 259 40 62
internal_value=-6.08512e-06 -0.000100074 -0.000191438 -0.000284869 0.000162137 -0.0575295
internal_weight=41493 41472 41452 41429 41108 321
internal_count=41493 41472 41452 41429 41108 321
is_linear=0
shrinkage=0.05


Tree=111
num_leaves=6
num_cat=0
split_feature=18 18 18 11 19
split_gain=375.406 503.473 735.167 292.466 382.45
threshold=41.70000000000001 39.500000000000007 37.100000000000016 57.500000000000007 48.100000000000001
decision_type=10 10 10 10 10
left_child=1 2 3 4 -1
right_child=-2 -3 -4 -5 -6
leaf_value=-0.00022565949981355766 0.16367707405771528 -0.22908661141991615 0.30305878698825839 -0.1913135090470314 0.14402564004387544
leaf_weight=41348 35 24 20 20 46
leaf_count=41348 35 24 20 20 46
internal_value=-5.78086e-06 -0.000143966 -1.1355e-05 -0.000157716 -6.5357e-05
internal_weight=41493 41458 41434 41414 41394
internal_count=41493 41458 41434 41414 41394
is_linear=0
shrinkage=0.05


Tree=112
num_leaves=6
num_cat=0
split_feature=18 18 18 9 9
split_gain=338.804 454.384 663.488 326.343 282.757
threshold=41.70000000000001 39.500000000000007 37.100000000000016 -17.499999999999996 67.500000000000014
decision_type=10 10 10 8 10
left_child=1 2 3 -1 -5
right_child=-2 -3 -4 4 -6
leaf_value=0.18813807406341254 0.15549322077206204 -0.21763228252530098 0.28790583193302155 -0.00015915642243812629 -0.17945949811149728
leaf_weight=23 35 24 20 41369 22
leaf_count=23 35 24 20 41369 22
internal_value=-5.49179e-06 -0.000136768 -1.07872e-05 -0.00014983 -0.000254458
internal_weight=41493 41458 41434 41414 41391
internal_count=41493 41458 41434 41414 41391
is_linear=0
shrinkage=0.05


Tree=113
num_leaves=6
num_cat=0
split_feature=18 18 18 9 12
split_gain=305.77 410.082 598.798 294.524 263.066
threshold=41.70000000000001 39.500000000000007 37.100000000000016 -17.499999999999996 14.065696343903646
decision_type=10 10 10 8 10
left_child=1 2 3 -1 -5
right_child=-2 -3 -4 4 -6
leaf_value=0.17873116546998855 0.14771856461252486 -0.20675067144135634 0.27351055443286898 0.00093152862961496372 -0.01378439261294636
leaf_weight=23 35 24 20 38091 3300
leaf_count=23 35 24 20 38091 3300
internal_value=-5.21719e-06 -0.00012993 -1.02479e-05 -0.000142339 -0.000241735
internal_weight=41493 41458 41434 41414 41391
internal_count=41493 41458 41434 41414 41391
is_linear=0
shrinkage=0.05


Tree=114
num_leaves=6
num_cat=0
split_feature=18 18 18 2 19
split_gain=275.958 370.099 540.415 261.619 245.565
threshold=41.70000000000001 39.500000000000007 37.100000000000016 -21.499999999999996 48.100000000000001
decision_type=10 10 10 8 10
left_child=1 2 3 -1 -5
right_child=-2 -3 -4 4 -6
leaf_value=0.1762999079589333 0.14033263112817493 -0.19641313701868057 0.25983502626419069 -0.00035595292685909109 0.11280196970328689
leaf_weight=21 35 24 20 41345 48
leaf_count=21 35 24 20 41345 48
internal_value=-4.95635e-06 -0.000123433 -9.7355e-06 -0.000135222 -0.000224733
internal_weight=41493 41458 41434 41414 41393
internal_count=41493 41458 41434 41414 41393
is_linear=0
shrinkage=0.05


Tree=115
num_leaves=16
num_cat=0
split_feature=10 7 8 20 7 9 8 22 7 13 7 3 10 12 18
split_gain=328.751 500.798 483.371 1127.11 1101.9 483.588 628.665 813.092 469.424 447.192 386.375 375.15 348.289 435.559 409.75
threshold=89.500000000000014 58.500000000000007 6.5000000000000009 40.500000000000021 73.500000000000014 10.500000000000002 3.5000000000000004 -0.47114434510950048 29.500000000000004 96.500000000000014 88.500000000000014 -20.499999999999996 62.500000000000007 21.047772255017623 44.899999999999999
decision_type=10 10 10 10 10 10 10 2 8 10 10 8 8 8 8
left_child=2 8 5 4 9 6 11 -8 -2 -4 -3 -1 14 -14 -7
right_child=1 10 3 -5 -6 12 7 -9 -10 -11 -12 -13 13 -15 -16
leaf_value=0.20624419857155193 -0.11189875645407786 -0.36950803789354508 0.04695387111226125 0.34434328169533701 0.26566570958978425 -0.053635649285375092 -0.054887335991551135 0.28934007982412974 0.17872272208333018 -0.13785614796361187 -0.081153445998923143 -0.00028381920612000452 0.23126028264346332 -0.024653061206142107 -0.2619271041750908
leaf_weight=22 33 21 67 33 37 425 29 42 24 64 26 40581 23 60 25
leaf_count=22 33 21 67 33 37 425 29 42 24 64 26 40581 23 60 25
internal_value=-0.000377726 -0.0891632 -0.000154733 0.0771944 0.0247187 -0.000532028 8.80232e-05 0.14874 0.0104682 -0.043335 -0.209993 -0.000171916 -0.047849 0.0462627 -0.0652074
internal_weight=41512 104 41408 201 168 41207 40674 71 57 131 47 40603 533 83 450
internal_count=41512 104 41408 201 168 41207 40674 71 57 131 47 40603 533 83 450
is_linear=0
shrinkage=0.05


Tree=116
num_leaves=20
num_cat=0
split_feature=0 8 9 20 17 9 8 23 18 9 4 9 6 19 19 7 10 23 23
split_gain=334.071 488.626 1015.03 511.837 538.79 452.452 522.394 494.614 753.336 385.832 384.374 381.938 220.653 202.107 219.843 354.61 272.155 182.632 144.505
threshold=203.50000000000003 6.5000000000000009 20.500000000000004 40.500000000000021 13.100000000000003 10.500000000000002 4.5000000000000009 0.9946518923062071 38.70000000000001 46.500000000000007 122.50000000000001 -16.499999999999996 33.500000000000007 34.300000000000004 2.7000000000000015 93.500000000000014 -25.499999999999996 0.55557023301960229 -0.83146961230254512
decision_type=2 10 8 8 10 10 10 2 10 8 10 8 10 8 10 10 10 2 2
left_child=1 5 -3 9 -5 6 11 8 -7 -4 12 -1 -2 14 15 -12 -16 18 -15
right_child=10 2 3 4 -6 7 -8 -9 -10 -11 13 -13 -14 17 16 -17 -18 -19 -20
leaf_value=0.19964158944785595 -0.087351977682556037 0.32308399828416962 0.025568120215426794 0.36357846118509773 0.00096247650328136621 -0.043477110508221978 0.25583928249776366 0.19630573529750109 -0.33669804878856824 -0.18207039507416389 -0.20435651918365197 0.00011976610231077374 -0.29905983239412309 -0.017879652480284374 0.19417599037289621 -0.013305322209793226 0.0021702141399694039 0.027431251578032972 -0.17286107594955644
leaf_weight=24 32 35 88 20 21 460 20 20 23 30 33 40236 20 21 20 92 239 25 53
leaf_count=24 32 35 88 20 21 460 20 20 23 30 33 40236 20 21 20 92 239 25 53
internal_value=-0.00035884 0.000153679 0.0793175 0.0256583 0.177848 -0.000222895 0.000365618 -0.0473507 -0.05744 -0.0272213 -0.0396139 0.000238706 -0.168778 -0.025708 -0.00928556 -0.0637428 0.0169969 -0.0894074 -0.12888
internal_weight=41512 40977 194 159 41 40783 40280 503 483 118 535 40260 52 483 384 125 259 99 74
internal_count=41512 40977 194 159 41 40783 40280 503 483 118 535 40260 52 483 384 125 259 99 74
is_linear=0
shrinkage=0.05


Tree=117
num_leaves=21
num_cat=0
split_feature=0 8 9 20 17 9 8 10 12 5 8 9 18 7 19 11 18 8 4 5
split_gain=301.499 440.985 916.068 461.933 486.258 408.338 471.46 378.112 427.626 364.807 350.069 348.213 324.208 300.703 356.225 207.066 168.062 161.882 302.896 132.168
threshold=203.50000000000003 6.5000000000000009 20.500000000000004 40.500000000000021 13.100000000000003 10.500000000000002 4.5000000000000009 62.500000000000007 22.000283906236479 108.50000000000001 1.5000000000000002 46.500000000000007 44.899999999999999 31.500000000000004 60.000000000000007 6.5000000000000009 0.3000000000000001 1.0000000180025095e-35 193.50000000000003 191.50000000000003
decision_type=2 10 8 8 10 10 10 8 8 10 10 8 8 10 8 10 10 10 10 10
left_child=1 5 -3 11 -5 6 10 12 -9 13 -1 -4 -7 14 -2 17 -15 18 -11 -19
right_child=9 2 3 4 -6 7 -8 8 -10 15 -12 -13 -14 16 -16 -17 -18 19 -20 -21
leaf_value=-0.00054878768918004042 0.067291655455316818 0.30692980325647762 0.024289716134609826 0.34539954032748943 0.00091435057776314871 -0.053865938667243277 0.24304732138291005 0.223873208463192 -0.019984859367832543 0.17885165685787796 0.028255625033658346 -0.17296687533458077 -0.23961958992481233 -0.10361529882673337 -0.15672283522370789 0.11619537955682194 -0.28460043154913806 -0.049799085560501839 -0.022217733852123306 -0.20232543230056763
leaf_weight=39176 35 35 88 20 21 389 20 25 64 20 1084 30 25 23 36 28 29 49 295 20
leaf_count=39176 35 35 88 20 21 389 20 25 64 20 1084 30 25 23 36 28 29 49 295 20
internal_value=-0.000340898 0.000145995 0.0753517 0.0243754 0.168956 -0.00021175 0.000347337 -0.0449832 0.0485146 -0.0376332 0.000226771 -0.0258603 -0.0650829 -0.113198 -0.0462932 -0.0150738 -0.204549 -0.0246455 -0.00945142 -0.0940096
internal_weight=41512 40977 194 159 41 40783 40280 503 89 535 40260 118 414 123 71 412 52 384 315 69
internal_count=41512 40977 194 159 41 40783 40280 503 89 535 40260 118 414 123 71 412 52 384 315 69
is_linear=0
shrinkage=0.05


Tree=118
num_leaves=19
num_cat=0
split_feature=0 10 8 20 7 5 21 14 7 9 8 6 17 18 18 18 8 0
split_gain=274.115 484.818 410.04 1081.79 733.671 382.697 392.671 373.722 1044.31 348.797 571.674 452.232 297.374 338.54 285.521 192.68 154.681 112.782
threshold=165.50000000000003 -33.499999999999993 6.5000000000000009 41.500000000000028 72.500000000000014 115.50000000000001 71.400000000000091 67.500000000000014 62.500000000000007 11.500000000000002 3.5000000000000004 71.500000000000014 1.1000000000000003 11.900000000000004 29.70000000000001 12.200000000000005 4.5000000000000009 179.50000000000003
decision_type=2 8 10 10 10 10 10 8 8 10 10 10 10 10 10 10 8 2
left_child=1 -1 9 4 -4 6 12 8 17 10 -3 -11 13 -2 16 -14 -9 -7
right_child=5 2 3 -5 -6 7 -8 14 -10 11 -12 -13 15 -15 -16 -17 -18 -19
leaf_value=0.24651994667947294 -0.059764863112145787 0.00015258958249350841 -0.029526216546828684 0.37539108498738361 0.2865368179299615 0.093187943371859469 -0.26742015381654105 -0.018155674661110871 0.40725885089486841 -0.073192924186342254 0.14020242129694926 0.080279404261525272 -0.047022012372811638 -0.2708463891631081 0.13913232096238062 0.16245737717203473 -0.11231130422649743 -0.04266222874820233
leaf_weight=20 199 39602 111 26 22 22 24 843 20 304 73 57 21 21 28 23 46 50
leaf_count=20 199 39602 111 26 22 22 24 843 20 304 73 57 21 21 28 23 46 50
internal_value=-0.000323853 0.000405816 0.000283356 0.0804187 0.0227549 -0.0229481 -0.0737848 -0.00843771 0.0876326 -3.48959e-05 0.000410274 -0.0489605 -0.0561815 -0.0799136 -0.0180762 0.0624786 -0.0230276 -0.00115245
internal_weight=41512 40215 40195 159 133 1297 288 1009 92 40036 39675 361 264 220 917 44 889 72
internal_count=41512 40215 40195 159 133 1297 288 1009 92 40036 39675 361 264 220 917 44 889 72
is_linear=0
shrinkage=0.05


Tree=119
num_leaves=25
num_cat=0
split_feature=0 1 5 5 3 10 5 19 19 7 11 23 15 4 15 21 5 11 18 19 5 25 24 23
split_gain=263.17 558.955 378.137 285.176 270.666 551.389 359.16 338.406 322.131 316.737 214.891 182.521 195.842 179.339 168.431 147.187 287.03 104.223 74.3641 39.3231 36.6513 35.8397 25.3411 24.8402
threshold=-8.4999999999999982 -25.499999999999996 -6.4999999999999991 -2.4999999999999996 138.50000000000003 -26.499999999999996 105.50000000000001 0.3000000000000001 2.7000000000000015 49.500000000000007 7.5000000000000009 -0.63405362205439475 1.1000000000000003 -9.4999999999999982 4.3000000000000016 5.1000000000000023 -2.4999999999999996 -1.0000000180025095e-35 1.7000000000000004 2.7000000000000015 3.5000000000000004 -0.86092912513210462 0.7266007961912001 0.032701564615071184
decision_type=2 10 10 10 8 8 10 8 10 10 10 2 8 8 8 10 10 8 10 8 8 2 2 2
left_child=1 13 17 10 5 -5 9 -7 -8 -6 11 12 -2 -1 -13 19 -17 21 -19 -4 22 -3 -15 -22
right_child=3 2 15 4 6 7 8 -9 -10 -11 -12 14 -14 20 -16 16 -18 18 -20 -21 23 -23 -24 -25
leaf_value=0.2296072433004156 -0.0013194829385364587 -0.017282942102351716 0.042352329845019715 0.25174950767647136 -0.021703425046056511 -0.0019328405595758766 -0.023085561177510747 0.0096018061782839614 0.018889971312892904 -0.10130954862978273 -0.14591328317920368 -0.017864402228748844 0.14546779718088068 0.1621444637095556 -0.11988750125576811 0.22622140492162399 -0.0040969033182288207 0.011608134725528029 -0.033525387353349326 -0.027707388145583017 0.085476664730480739 0.02974192470658657 0.082550007188692695 0.016690945572086745
leaf_weight=28 1888 702 433 22 325 22370 1100 8884 782 203 30 3040 23 20 41 31 24 1328 98 21 35 43 20 21
leaf_count=28 1888 702 433 22 325 22370 1100 8884 782 203 30 3040 23 20 41 31 24 1328 98 21 35 43 20 21
internal_value=-0.00030766 0.0144839 0.00968195 -0.00137915 0.00027791 0.00152204 -0.0158679 0.0013459 -0.00564408 -0.0523096 -0.0124942 -0.0116924 0.000447188 0.118267 -0.0192221 0.04847 0.125719 0.000587928 0.00850639 0.0391117 0.0857925 -0.0145688 0.122347 0.059682
internal_weight=41512 2804 2680 38708 33686 31276 2410 31254 1882 528 5022 4992 1911 124 3081 509 55 2171 1426 454 96 745 40 56
internal_count=41512 2804 2680 38708 33686 31276 2410 31254 1882 528 5022 4992 1911 124 3081 509 55 2171 1426 454 96 745 40 56
is_linear=0
shrinkage=0.05


Tree=120
num_leaves=11
num_cat=0
split_feature=8 17 18 22 18 6 9 21 8 10
split_gain=373.646 365.998 803.618 525.182 501.519 441.643 290.771 490.31 439.359 131.986
threshold=-5.4999999999999991 20.700000000000006 38.20000000000001 -0.58216583101416164 38.70000000000001 72.500000000000014 19.500000000000004 2.5000000000000013 6.5000000000000009 13.500000000000002
decision_type=8 10 10 2 10 10 10 8 10 10
left_child=-1 2 6 5 9 -3 8 -8 -2 -5
right_child=1 3 -4 4 -6 -7 7 -9 -10 -11
leaf_value=0.21576159413903953 -0.0001376806666125707 -0.093734659180045143 0.25031618606299161 0.0074333736672997476 -0.38060472732917833 0.1847441132180393 0.090494895984752577 -0.07625743642356958 0.16776367830924499 -0.17421619400382043
leaf_weight=20 40984 35 32 20 22 24 53 262 39 20
leaf_count=20 40984 35 32 20 22 24 53 262 39 20
internal_value=-0.000301453 -0.000405602 -0.000151632 -0.0872381 -0.188854 0.0195448 -0.000345521 -0.0482007 2.19408e-05 -0.0833914
internal_weight=41511 41491 41370 121 62 59 41338 315 41023 40
internal_count=41511 41491 41370 121 62 59 41338 315 41023 40
is_linear=0
shrinkage=0.05


Tree=121
num_leaves=11
num_cat=0
split_feature=8 17 23 6 17 6 19 1 11 19
split_gain=337.215 330.313 464.345 565.652 339.718 1069.88 374.901 2311.97 254.319 200.913
threshold=-5.4999999999999991 20.700000000000006 0.81241147629689003 72.500000000000014 17.100000000000005 29.500000000000004 46.800000000000011 158.50000000000003 -10.499999999999998 34.70000000000001
decision_type=8 10 2 10 10 8 10 10 8 10
left_child=-1 4 3 9 6 -6 8 -8 -2 -3
right_child=1 2 -4 -5 5 -7 7 -9 -10 -11
leaf_value=0.20497352153062823 -0.043567454399787549 -0.033882475107215169 -0.28506035092084309 0.17550690794984503 -0.045762544359343182 0.37853493566314378 0.56350650601089003 -0.094895772449672233 -0.00014473892301845217 -0.20086629871399173
leaf_weight=20 340 43 23 24 39 24 20 40 40907 31
leaf_count=20 340 43 23 24 39 24 20 40 40907 31
internal_value=-0.00028638 -0.000385322 -0.0828762 -0.0354249 -0.000144051 0.115875 -0.000320998 0.124572 -0.000502673 -0.103835
internal_weight=41511 41491 121 98 41370 63 41307 60 41247 74
internal_count=41511 41491 121 98 41370 63 41307 60 41247 74
is_linear=0
shrinkage=0.05


Tree=122
num_leaves=12
num_cat=0
split_feature=8 9 8 11 17 17 17 18 18 18 20
split_gain=304.337 302.009 461.435 1224.07 342.446 338.8 258.2 870.254 622.194 257.747 254.224
threshold=-5.4999999999999991 19.500000000000004 6.5000000000000009 9.5000000000000018 9.7000000000000028 20.100000000000005 20.300000000000001 36.900000000000013 38.20000000000001 29.70000000000001 2.100000000000001
decision_type=8 10 10 10 10 10 10 10 10 8 10
left_child=-1 2 6 -4 9 -6 7 -2 -8 10 -3
right_child=1 4 3 -5 5 -7 8 -9 -10 -11 -12
leaf_value=0.19472482807934285 -0.00012365805524380306 0.048131391315931277 -0.11226633876562118 0.43429596168654305 -0.32240343361738183 -0.044627697053162947 -0.013791529500445763 0.30104832860330744 -0.3152959740805355 0.13298221972932958 -0.066671940060289508
leaf_weight=20 40981 62 20 21 21 23 77 24 22 23 217
leaf_count=20 40981 62 20 21 21 23 77 24 22 23 217
internal_value=-0.000272061 -0.000366056 2.51296e-05 0.16768 -0.0468843 -0.177202 -0.000142101 5.26162e-05 -0.0807925 -0.0278976 -0.0411601
internal_weight=41511 41491 41145 41 346 44 41104 41005 99 302 279
internal_count=41511 41491 41145 41 346 44 41104 41005 99 302 279
is_linear=0
shrinkage=0.05


Tree=123
num_leaves=13
num_cat=0
split_feature=10 21 19 11 0 25 1 3 18 1 0 18
split_gain=288.455 458.56 387.513 369.08 218.788 223.151 212.099 310.876 186.914 180.53 165.482 129.323
threshold=70.500000000000014 63.499999999999993 59.899999999999999 -32.499999999999993 -18.499999999999996 0.38167508216062851 201.50000000000003 82.500000000000014 13.200000000000005 -25.499999999999996 255.50000000000003 9.5000000000000036
decision_type=10 8 10 8 2 2 10 10 8 10 2 10
left_child=2 6 3 -1 9 -6 7 -2 -9 -5 11 -8
right_child=1 -3 -4 4 5 -7 10 8 -10 -11 -12 -13
leaf_value=0.20949163607188634 -0.1743474955484271 -0.25985141003131867 0.22007281895726921 0.14569982367684134 -0.0031824016721593942 0.004517942529463405 -0.077435308760032073 0.0069847957617262526 0.17416799848987943 0.028207250296101806 0.0088086131028831012 -0.25724252521991731
leaf_weight=21 20 25 20 40 26436 14607 20 82 21 179 20 20
leaf_count=21 20 25 20 40 26436 14607 20 82 21 179 20 20
internal_value=-0.000258458 -0.058992 3.73214e-05 -6.92772e-05 -0.000175932 -0.000441887 -0.0315522 0.00604334 0.0410707 0.0496671 -0.108623 -0.167339
internal_weight=41511 208 41303 41283 41262 41043 183 123 103 219 60 40
internal_count=41511 208 41303 41283 41262 41043 183 123 103 219 60 40
is_linear=0
shrinkage=0.05


Tree=124
num_leaves=9
num_cat=0
split_feature=8 17 18 23 6 11 19 19
split_gain=281.019 274.286 610.602 395.628 495.977 239.449 244.844 169.517
threshold=-5.4999999999999991 20.700000000000006 38.20000000000001 0.81241147629689003 72.500000000000014 57.500000000000007 46.800000000000011 34.70000000000001
decision_type=8 10 10 2 10 10 10 10
left_child=-1 2 5 4 7 6 -2 -3
right_child=1 3 -4 -5 -6 -7 -8 -9
leaf_value=0.18713225789368154 -0.00034398081410322084 -0.031509739810297657 0.21821038867346942 -0.26213088087413622 0.16580799072980881 -0.16519598696719517 0.10073348080118499 -0.18489272557499428
leaf_weight=20 41256 43 32 23 24 22 60 31
leaf_count=20 41256 43 32 23 24 22 60 31
internal_value=-0.000245535 -0.000335857 -0.000115998 -0.0755059 -0.0317061 -0.000285006 -0.000197194 -0.0957648
internal_weight=41511 41491 41370 121 98 41338 41316 74
internal_count=41511 41491 41370 121 98 41338 41316 74
is_linear=0
shrinkage=0.05


Tree=125
num_leaves=15
num_cat=0
split_feature=8 11 6 6 11 8 9 6 19 9 17 20 19 14
split_gain=330.37 396.937 344.577 514.248 292.023 581.581 721.132 478.68 388.165 613.585 424.41 250.434 273.84 156.539
threshold=21.500000000000004 18.500000000000004 58.500000000000007 28.500000000000004 2.5000000000000004 7.5000000000000009 6.5000000000000009 53.500000000000007 37.90000000000002 -15.499999999999998 12.600000000000003 5.5000000000000036 29.500000000000004 9.5000000000000018
decision_type=10 10 8 10 10 8 10 10 10 8 10 10 10 8
left_child=1 4 3 13 8 6 -6 -7 9 -1 -10 -4 -13 -3
right_child=-2 2 11 -5 5 7 -8 -9 10 -11 -12 12 -14 -15
leaf_value=0.26338878666812721 0.19378553496843035 -0.13726767965632936 0.10855553335156934 -0.31803280641635262 0.027031602407165685 0.37687407433986664 -0.030733033402143228 0.042411245778203016 -0.040747868776384553 -0.00074367592935424738 -0.25727851563798532 -0.20485097097275273 0.047573494591883259 0.053998060226440429
leaf_weight=22 22 23 29 30 2183 20 718 23 118 37978 28 22 21 20
leaf_count=22 22 23 29 30 2183 20 718 23 118 37978 28 22 21 20
internal_value=7.95338e-05 -2.38136e-05 -0.0826052 -0.159153 0.000267603 0.0154404 0.0127348 0.197975 -0.000903393 -0.000590757 -0.0822743 -0.00499399 -0.0815739 -0.0483069
internal_weight=41257 41235 145 73 41090 2944 2901 43 38146 38000 146 72 43 43
internal_count=41257 41235 145 73 41090 2944 2901 43 38146 38000 146 72 43 43
is_linear=0
shrinkage=0.05


Tree=126
num_leaves=8
num_cat=0
split_feature=18 9 8 18 10 19 0
split_gain=333.438 336.353 570.615 247.002 548.848 492.532 100.644
threshold=41.70000000000001 53.500000000000007 13.500000000000002 20.300000000000004 12.500000000000002 46.800000000000011 169.50000000000003
decision_type=10 10 10 10 10 10 2
left_child=1 2 3 5 -5 -1 -3
right_child=-2 6 -4 4 -6 -7 -8
leaf_value=0.00015613246657378993 0.1667078788081805 -0.20846786609162457 0.20485631076838162 0.02984074060516111 -0.099927817407234387 0.23159999218971833 -0.062100656889379026
leaf_weight=40792 30 23 34 145 186 23 24
leaf_count=40792 30 23 34 145 186 23 24
internal_value=7.55572e-05 -4.56976e-05 0.000106877 -6.23125e-05 -0.0430806 0.000286555 -0.133727
internal_weight=41257 41227 41180 41146 331 40815 47
internal_count=41257 41227 41180 41146 331 40815 47
is_linear=0
shrinkage=0.05


Tree=127
num_leaves=7
num_cat=0
split_feature=18 18 17 18 19 10
split_gain=300.928 310.163 346.907 343.25 578.961 511.591
threshold=41.70000000000001 39.500000000000007 32.400000000000013 20.300000000000004 46.800000000000011 10.500000000000002
decision_type=10 10 10 10 10 8
left_child=1 2 3 4 -1 -5
right_child=-2 -3 -4 5 -6 -7
leaf_value=0.00021231326100747732 0.15837248191237452 -0.16945417181209282 0.20825568832457067 0.038826089531718067 0.24090208843350414 -0.098995223879297767
leaf_weight=40852 30 27 20 101 25 202
leaf_count=40852 30 27 20 101 25 202
internal_value=7.17793e-05 -4.34127e-05 6.76089e-05 -3.35023e-05 0.000359517 -0.0530548
internal_weight=41257 41227 41200 41180 40877 303
internal_count=41257 41227 41200 41180 40877 303
is_linear=0
shrinkage=0.05


Tree=128
num_leaves=10
num_cat=0
split_feature=18 9 11 6 6 20 9 0 0
split_gain=271.588 296.889 251.469 522.038 896.673 455.563 345.719 212.033 93.3708
threshold=41.70000000000001 53.500000000000007 2.5000000000000004 176.50000000000003 127.50000000000001 0.90000000000000013 -17.499999999999996 -8.4999999999999982 169.50000000000003
decision_type=10 10 10 10 10 10 8 2 2
left_child=1 2 6 4 -4 -5 -1 -8 -3
right_child=-2 8 3 5 -6 -7 7 -9 -10
leaf_value=0.20682427048683169 0.15045385959247748 -0.19762497453585914 0.011673169370493177 -0.30887894584797326 0.14003697920369204 -0.045061083299418297 0.012535959396043237 -0.0021313797263523694 -0.056645834042380251
leaf_weight=20 30 23 2798 20 143 90 2648 35461 24
leaf_count=20 30 23 2798 20 143 90 2648 35461 24
internal_value=6.81904e-05 -4.1242e-05 0.000102103 0.0139147 0.0179146 -0.093028 -0.00100315 -0.00111222 -0.125636
internal_weight=41257 41227 41180 3051 2941 110 38129 38109 47
internal_count=41257 41227 41180 3051 2941 110 38129 38109 47
is_linear=0
shrinkage=0.05


Tree=129
num_leaves=15
num_cat=0
split_feature=8 9 8 22 0 5 5 21 9 8 22 6 20 21
split_gain=293.214 272.473 471.847 1758.39 1330.45 768.458 380.49 440.238 263.272 417.858 254.305 292.358 225.788 71.9573
threshold=21.500000000000004 19.500000000000004 4.5000000000000009 0.47114434510950082 94.500000000000014 155.50000000000003 104.50000000000001 17.500000000000007 10.500000000000002 1.5000000000000002 -0.79335334029123528 40.500000000000007 58.300000000000018 44.800000000000011
decision_type=10 10 10 2 2 8 8 8 10 10 2 10 10 10
left_child=1 2 8 5 -5 -4 10 -8 9 -1 -3 -12 -10 -9
right_child=-2 6 3 4 -6 -7 7 13 12 -11 11 -13 -14 -15
leaf_value=-0.00048450555155595031 0.18255330026149752 0.082105268009067714 0.038911341278012407 0.58089960655913908 0.052585505677217793 -0.30517614942044019 0.20949748058670334 0.019614550812790791 -0.057780620617629501 0.030997727077205162 -0.048640209981240336 -0.16752679396829592 0.086128678408761816 -0.10414730302341607
leaf_weight=39350 22 23 86 26 22 20 28 24 298 1083 140 82 30 23
leaf_count=39350 22 23 86 26 22 20 28 24 298 1083 140 82 30 23
internal_value=6.47808e-05 -3.25818e-05 0.000326863 0.0876826 0.338756 -0.0260108 -0.045991 0.0525505 -3.17754e-06 0.000358748 -0.0761568 -0.0925533 -0.0446182 -0.0409498
internal_weight=41257 41235 40915 154 48 106 320 75 40761 40433 245 222 328 47
internal_count=41257 41235 40915 154 48 106 320 75 40761 40433 245 222 328 47
is_linear=0
shrinkage=0.05


Tree=130
num_leaves=18
num_cat=0
split_feature=11 6 18 25 18 22 18 8 1 19 21 20 25 0 5 4 14
split_gain=244.346 557.194 300.194 272.136 1993.67 210.101 364.338 266.542 196.182 486.938 188 899.823 237.963 165.094 142.715 70.8292 42.9997
threshold=-4.4999999999999991 183.50000000000003 33.70000000000001 0.99962961997441069 1.1000000000000003 -0.5 40.70000000000001 5.5000000000000009 193.50000000000003 3.1000000000000014 5.3000000000000016 3.5000000000000013 0.76663042157996963 -17.499999999999996 79.500000000000014 26.500000000000004 67.500000000000014
decision_type=8 10 10 2 10 2 10 10 10 8 10 10 2 2 10 10 10
left_child=1 2 10 5 14 8 7 -7 13 -10 11 -1 -12 -2 15 -5 -16
right_child=3 -3 -4 4 -6 6 -8 -9 9 -11 12 -13 -14 -15 16 -17 -18
leaf_value=-0.024101248436223226 0.052922614094697763 0.21615714669848482 -0.21927347257733346 -0.055182996055199988 0.45828006124054943 0.0024220414896520314 0.21635788790881635 0.060081296127017514 -0.28142197506332939 -0.018720927503838969 -0.025968458672346706 0.19157700324775997 -0.10056045526760991 -0.0045745195548684073 -0.10176489060675656 0.042704076531597163 -0.023181675313686839
leaf_weight=463 126 24 20 21 27 25826 20 202 22 89 487 54 137 13647 27 154 49
leaf_count=463 126 24 20 21 27 25826 20 202 22 89 487 54 137 13647 27 154 49
internal_value=6.93396e-05 -0.0223079 -0.0272374 0.000728803 0.0500273 0.000385594 0.00303345 0.00286953 -0.00458208 -0.0707878 -0.0238713 -0.00157393 -0.0423452 -0.00404852 0.00611168 0.0309576 -0.0510994
internal_weight=41395 1185 1161 40210 278 39932 26048 26028 13884 111 1141 517 624 13773 251 175 76
internal_count=41395 1185 1161 40210 278 39932 26048 26028 13884 111 1141 517 624 13773 251 175 76
is_linear=0
shrinkage=0.05


Tree=131
num_leaves=21
num_cat=0
split_feature=11 10 10 23 9 19 23 7 18 9 6 18 8 11 22 10 18 21 19 21
split_gain=220.522 569.998 365.302 1003.91 2480.48 3724.18 1035.6 638.837 1633.82 414.093 557.74 462.254 365.766 892.313 362.708 233.231 227.943 167.716 755.226 156.665
threshold=-4.4999999999999991 -6.4999999999999991 17.500000000000004 0.68322629814330826 10.500000000000002 13.200000000000005 0.84874750804349197 -7.4999999999999991 22.300000000000008 8.5000000000000018 105.50000000000001 3.7000000000000006 2.5000000000000004 2.5000000000000004 0.065403129230143062 -16.499999999999996 36.100000000000009 5.3000000000000016 3.5000000000000013 29.199999999999999
decision_type=8 8 10 2 10 8 2 8 10 10 10 10 10 8 2 8 10 10 10 10
left_child=1 -1 9 7 5 -5 -6 8 -4 12 11 -11 15 -14 -9 -2 17 18 -3 -19
right_child=2 16 3 4 6 -7 -8 14 -10 10 -12 -13 13 -15 -16 -17 -18 19 -20 -21
leaf_value=0.23698255292006901 -0.027482340440752873 -0.018340364603525013 0.50702686470001934 0.14197444599087058 0.19834292328332442 0.89175094162875956 -0.043887603083093252 0.024572615754631807 -0.11088662299772967 -0.049287237409370015 0.13221566677093508 -0.21394555528174367 -0.2187165440483527 0.12468341083470647 -0.061026296867122354 0.00063607139360961863 -0.19319198846817018 -0.060270066290889039 0.21924412747224176 -0.0096018212966576932
leaf_weight=21 752 472 20 67 59 22 175 217 23 169 32 57 22 135 288 38172 20 382 36 254
leaf_count=21 752 472 20 67 59 22 175 217 23 169 32 57 22 135 288 38172 20 382 36 254
internal_value=6.58726e-05 -0.0211925 0.000692362 0.0327205 0.10264 0.327312 0.0171876 -0.00849119 0.176515 -1.67682e-05 -0.0631532 -0.0908161 0.000400038 0.0765637 -0.0242442 9.28321e-05 -0.0258503 -0.0229247 -0.00150367 -0.0400346
internal_weight=41395 1185 40210 871 323 89 234 548 43 39339 258 226 39081 157 505 38924 1164 1144 508 636
internal_count=41395 1185 40210 871 323 89 234 548 43 39339 258 226 39081 157 505 38924 1164 1144 508 636
is_linear=0
shrinkage=0.05


Tree=132
num_leaves=21
num_cat=0
split_feature=22 25 17 17 18 10 5 0 12 9 24 21 5 20 21 12 2 24 12 9
split_gain=200.358 274.998 2038.81 216.9 607.915 487.53 221.655 193.316 152.42 128.511 291.633 220.662 192.407 120.855 273.291 110.445 98.076 143.51 93.3874 65.3894
threshold=-0.79335334029123528 0.99962961997441069 1.1000000000000003 20.700000000000006 40.900000000000013 12.500000000000002 41.500000000000007 136.50000000000003 13.667954999106509 8.5000000000000018 -0.94417876540878154 34.300000000000018 51.500000000000007 24.899999999999991 29.199999999999999 21.047772255017623 -16.499999999999996 0.30081702196488991 3.5279570035833152 4.5000000000000009
decision_type=2 2 10 10 10 8 8 2 10 10 2 10 10 10 10 10 10 2 8 10
left_child=9 3 7 4 6 -5 -2 19 -7 13 -11 12 -12 16 -15 -16 17 -1 -18 -3
right_child=1 2 -4 5 -6 8 -8 -9 -10 10 11 -13 -14 14 15 -17 18 -19 -20 -21
leaf_value=-0.002230292253965593 0.0049780924807057668 0.036502846758397427 0.49249248082439112 0.065953619672606392 0.277272238470614 -0.29829118847846986 -0.0034779192745701794 -0.11396819282451581 -0.10308600265532733 0.096280670489953923 -0.1179851086764801 -0.24067655996398327 0.071178917326033125 0.16810288223127523 -0.013743551094034087 0.051391798833219128 -0.0022331070237428985 0.072267880628103437 -0.012894326839415016 -0.055539753338830038
leaf_weight=207 18975 157 24 30 20 20 13100 29 20 23 41 22 20 30 183 101 3784 94 4493 22
leaf_count=207 18975 157 24 30 20 20 13100 29 20 23 41 22 20 30 183 101 3784 94 4493 22
internal_value=6.2579e-05 0.00189582 0.0561371 0.00150459 0.00169634 -0.0864134 0.00152451 0.00578844 -0.200689 -0.00653794 -0.0612664 -0.104924 -0.0559641 -0.00588554 0.0245815 0.00942078 -0.00700079 0.0210349 -0.00802033 0.0251903
internal_weight=41395 32397 232 32165 32095 70 32075 208 40 8998 106 83 61 8892 314 284 8578 301 8277 179
internal_count=41395 32397 232 32165 32095 70 32075 208 40 8998 106 83 61 8892 314 284 8578 301 8277 179
is_linear=0
shrinkage=0.05


Tree=133
num_leaves=19
num_cat=0
split_feature=11 16 10 25 23 11 18 9 18 14 8 25 18 10 21 19 25 16
split_gain=198.967 557.49 331.091 1019.15 798.72 1854.38 881.962 370.105 462.035 422.069 325.031 1130.23 211.049 206.184 150.518 883.481 168.626 135.482
threshold=-4.4999999999999991 4.3000000000000016 17.500000000000004 0.98927755889796032 0.96592582628906831 -2.4999999999999996 18.5 8.5000000000000018 3.7000000000000006 65.500000000000014 2.5000000000000004 -0.18399835165767989 36.100000000000009 -16.499999999999996 5.3000000000000016 3.7000000000000011 0.91586428826728705 1.3000000000000003
decision_type=8 8 10 2 2 10 8 10 10 10 10 2 10 8 8 10 2 10
left_child=1 12 7 4 6 -6 -4 10 9 -9 13 -12 14 -2 15 -1 -16 -10
right_child=2 -3 3 -5 5 -7 -8 8 17 -11 11 -13 -14 -15 16 -17 -18 -19
leaf_value=-0.017577595527364331 -0.02584312035820558 0.22921593812378971 0.033222373043060166 0.35955439284443858 0.58663820803165434 0.0447805212244081 -0.098760841811156796 -0.057121740651676078 -0.24066841670445036 0.12906155958771706 -0.059444015538319954 0.20891346311946579 -0.18587027324872907 0.00059464722486242991 -0.027215989610536492 0.27282871098390649 -0.10227653013432728 -0.098324242647504445
leaf_weight=405 752 22 592 23 20 75 161 153 35 38 80 77 20 38172 625 28 85 32
leaf_count=405 752 22 592 23 20 75 161 153 35 38 80 77 20 38172 625 28 85 32
internal_value=5.945e-05 -0.0201332 0.000654534 0.031146 0.0222387 0.158856 0.00500285 -2.05749e-05 -0.0597095 -0.02008 0.000373472 0.0721708 -0.0248501 8.38775e-05 -0.0220326 0.00120157 -0.0362021 -0.172683
internal_weight=41395 1185 40210 871 848 95 753 39339 258 191 39081 157 1163 38924 1143 433 710 67
internal_count=41395 1185 40210 871 848 95 753 39339 258 191 39081 157 1163 38924 1143 433 710 67
is_linear=0
shrinkage=0.05


Tree=134
num_leaves=15
num_cat=0
split_feature=10 11 10 25 19 9 8 17 7 6 13 9 10 23
split_gain=190.804 266.189 297.89 919.784 768.459 352.491 524.667 355.262 157.347 240.831 230.737 186.657 161.572 113.841
threshold=-48.499999999999993 -4.4999999999999991 17.500000000000004 0.98927755889796032 63.20000000000001 6.5000000000000009 2.5000000000000004 2.5000000000000013 105.50000000000001 68.500000000000014 138.50000000000003 -8.4999999999999982 76.500000000000014 0.60876142900872032
decision_type=8 8 10 2 8 10 10 10 10 10 10 10 8 2
left_child=-1 8 5 4 -4 6 -3 -7 9 11 -10 -2 -11 -12
right_child=1 2 3 -5 -6 7 -8 -9 10 12 13 -13 -14 -15
leaf_value=0.14726641787724062 0.13310819979757071 0.00032364152514112498 0.013003656668002558 0.3415766854649005 0.3000215340405703 -0.019345786774909786 0.1185939497393655 -0.1175944767271479 0.18616671167314053 -0.062766152756197055 -0.059889015250585299 -0.021445863484598777 -0.20618070408024569 0.048456288173932723
leaf_weight=22 20 38633 824 23 24 477 94 114 20 183 44 841 22 54
leaf_count=22 20 38633 824 23 24 477 94 114 20 183 44 841 22 54
internal_value=5.64775e-05 -2.1801e-05 0.000666579 0.0295887 0.0211268 2.58753e-05 0.000610713 -0.0382973 -0.0233878 -0.0294521 0.0313971 -0.0178558 -0.078157 -0.000188542
internal_weight=41395 41373 40189 871 848 39318 38727 591 1184 1066 118 861 205 98
internal_count=41395 41373 40189 871 848 39318 38727 591 1184 1066 118 861 205 98
is_linear=0
shrinkage=0.05


Tree=135
num_leaves=10
num_cat=0
split_feature=8 9 18 4 18 11 10 4 16
split_gain=271.22 338.486 280.162 2097.03 275.626 247.524 300.983 192.325 146.076
threshold=21.500000000000004 42.500000000000007 36.900000000000013 67.500000000000014 0.50000000000000011 -2.4999999999999996 19.500000000000004 79.500000000000014 0.3000000000000001
decision_type=10 10 10 10 10 8 10 10 8
left_child=1 2 5 -4 -3 8 -7 -6 -1
right_child=-2 4 3 -5 7 6 -8 -9 -10
leaf_value=-0.009840951019901855 0.18378559228032829 0.039644566612939046 -0.14014475756400341 0.43938975036834127 -0.078233612707305347 0.0002542246579927788 0.038411699078145317 -0.26263237131329686 -0.04342585661831274
leaf_weight=2866 20 24 37 27 31 37612 524 26 365
leaf_count=2866 20 24 37 27 31 37612 524 26 365
internal_value=-0.000296478 -0.000385166 -0.000185533 0.104346 -0.102496 -0.000347257 0.00077852 -0.162345 -0.013635
internal_weight=41532 41512 41431 64 81 41367 38136 57 3231
internal_count=41532 41512 41431 64 81 41367 38136 57 3231
is_linear=0
shrinkage=0.05


Tree=136
num_leaves=12
num_cat=0
split_feature=0 9 25 19 23 25 19 17 5 5 0
split_gain=224.836 223.9 197.946 574.418 546.733 1185.62 577.752 438.688 403.639 115.514 71.054
threshold=-22.499999999999996 -11.499999999999998 0.53435276464917691 20.499999999999996 0.60876142900872032 0.5488226286565131 34.000000000000021 1.7000000000000004 41.500000000000007 219.50000000000003 187.50000000000003
decision_type=2 8 2 10 2 2 10 10 10 10 2
left_child=-1 9 3 8 6 -6 -4 -5 -3 10 -2
right_child=1 2 4 7 5 -7 -8 -9 -10 -11 -12
leaf_value=0.16732184767723085 -0.079534783455971134 -0.00035099121893870412 -0.00010466232027453963 0.12837750410939819 0.24179393354492884 0.017677275262818409 -0.1092197825889883 0.020723915552899999 -0.015177758671937703 -0.0016668350480857396 -0.19468577362242201
leaf_weight=20 37 22604 8851 137 60 3582 123 306 5760 31 21
leaf_count=20 37 22604 8851 137 60 3582 123 306 5760 31 21
internal_value=-0.000281654 -0.000362403 -0.000192193 -0.00247955 0.00503069 0.0213695 -0.00160022 0.0540163 -0.00336193 -0.0795827 -0.121227
internal_weight=41532 41512 41423 28807 12616 3642 8974 443 28364 89 58
internal_count=41532 41512 41423 28807 12616 3642 8974 443 28364 89 58
is_linear=0
shrinkage=0.05


Tree=137
num_leaves=15
num_cat=0
split_feature=11 18 24 10 18 10 25 9 16 25 9 10 14 23
split_gain=209.77 464.462 2550.08 278.774 236.746 235.758 1404.95 298.546 152.026 196.269 184.988 723.668 87.0679 83.4119
threshold=-3.4999999999999996 37.900000000000013 -0.79356426026969629 98.500000000000014 36.100000000000009 18.500000000000004 0.98662138620987927 8.5000000000000018 0.3000000000000001 0.87377473702374975 4.5000000000000009 20.500000000000004 83.500000000000014 0.91037613702198772
decision_type=8 10 2 10 10 10 2 10 10 2 10 8 8 2
left_child=4 3 -3 5 8 7 -7 -2 10 13 12 -12 -1 -10
right_child=1 2 -4 -5 -6 6 -8 -9 9 -11 11 -13 -14 -15
leaf_value=-0.023857975379374119 0.00025543826274308394 -0.14208481221488029 0.53527848732968175 -0.17373227415525394 -0.18789477150887252 0.015836874791885232 0.40537030845880512 -0.051652615637548506 -0.048548230718842698 -0.16497704747951392 0.31975336627801881 0.004795432592413708 0.0051287876149486962 0.033220165654232629
leaf_weight=989 38665 33 24 23 20 652 24 279 174 33 20 207 351 38
leaf_count=989 38665 33 24 23 20 652 24 279 174 33 20 207 351 38
internal_value=-0.000267571 0.000495769 0.143121 0.000290698 -0.0168094 0.000391721 0.0296665 -0.000116438 -0.014921 -0.051548 -0.00919439 0.032545 -0.0162652 -0.0338916
internal_weight=41532 39700 57 39643 1832 39620 676 38944 1812 245 1567 227 1340 212
internal_count=41532 39700 57 39643 1832 39620 676 38944 1812 245 1567 227 1340 212
is_linear=0
shrinkage=0.05


Tree=138
num_leaves=10
num_cat=0
split_feature=8 9 21 0 18 25 8 24 11
split_gain=220.378 317.095 250.303 297.334 249.245 2041.64 226.845 771.127 328.886
threshold=21.500000000000004 42.500000000000007 45.900000000000041 159.50000000000003 36.900000000000013 0.60503365783732044 9.5000000000000018 -0.38962684145003684 14.500000000000002
decision_type=10 10 8 2 10 2 10 2 10
left_child=1 4 3 -3 6 -6 8 -8 -1
right_child=-2 2 -4 -5 5 -7 7 -9 -10
leaf_value=-0.00023077823255338183 0.16567939087748529 -0.18592239155069643 -0.24310405200177973 0.04422340568982893 -0.12764902316415921 0.4511765849292278 -0.1181290935386311 0.27443238635515343 -0.10366219504216274
leaf_weight=41239 20 23 22 36 39 25 22 29 77
leaf_count=41239 20 23 22 36 39 25 22 29 77
internal_value=-0.000254193 -0.000334137 -0.0991662 -0.0454944 -0.000140915 0.0984547 -0.000293455 0.105092 -0.000423542
internal_weight=41532 41512 81 59 41431 64 41367 51 41316
internal_count=41532 41512 81 59 41431 64 41367 51 41316
is_linear=0
shrinkage=0.05


Tree=139
num_leaves=8
num_cat=0
split_feature=0 8 11 2 8 11 12
split_gain=203.551 199.085 288.959 323.961 236.477 198.627 116.103
threshold=-22.499999999999996 21.500000000000004 27.500000000000004 152.50000000000003 11.500000000000002 -3.4999999999999996 10.209835089117821
decision_type=2 10 10 10 10 8 10
left_child=-1 2 4 6 5 -2 -4
right_child=1 -3 3 -5 -6 -7 -8
leaf_value=0.15923156835138799 -0.016432568192942039 0.1573954185843468 -0.25184234291315083 0.060521778076887134 0.15352867916226387 0.00044771459048973484 -0.10547374345007397
leaf_weight=20 1823 20 20 25 25 39557 42
leaf_count=20 1823 20 20 25 25 39557 42
internal_value=-0.000241483 -0.000318315 -0.000394336 -0.0914218 -0.00020307 -0.000295948 -0.152689
internal_weight=41532 41512 41492 87 41405 41380 62
internal_count=41532 41512 41492 87 41405 41380 62
is_linear=0
shrinkage=0.05


Tree=140
num_leaves=16
num_cat=0
split_feature=11 10 11 19 8 7 6 19 25 4 7 25 8 1 7
split_gain=238.944 776.568 218.455 201.686 213.105 239.246 197.887 179.202 716.842 1213.12 347.68 228.138 587.472 319.117 124.733
threshold=-3.4999999999999996 -15.499999999999998 56.500000000000007 39.70000000000001 2.5000000000000004 25.500000000000004 35.500000000000007 11.200000000000005 0.1839915361961291 19.500000000000004 148.50000000000003 0.098816478347602058 4.5000000000000009 -10.499999999999998 185.50000000000003
decision_type=8 8 10 10 10 8 10 10 2 10 10 2 10 8 10
left_child=1 -1 7 4 14 -6 -5 11 9 -9 -10 12 -2 -13 -3
right_child=2 3 -4 6 5 -7 -8 8 10 -11 -12 13 -14 -15 -16
leaf_value=0.28397379359673885 -0.0033723369225922561 -0.024280202185710153 -0.14193914322941392 0.0077789766527712346 -0.040483866359751958 0.16100082058897791 -0.19042890656958611 -0.012853686021280109 -0.034115816094341687 0.10006652000669361 0.062805075198411942 0.16687874814495446 -0.15166371457501135 0.0036601534360850892 0.067349531624686751
leaf_weight=21 21066 1642 27 20 26 34 34 464 646 488 108 30 67 16879 38
leaf_count=21 21066 1642 27 20 26 34 34 464 646 488 108 30 67 16879 38
internal_value=-0.000574172 -0.0183157 0.000235402 -0.0218542 -0.0189008 0.0736908 -0.117019 0.000331978 0.0161855 0.0450298 -0.0202332 -0.000378977 -0.00384248 0.00394974 -0.0222076
internal_weight=41590 1815 39775 1794 1740 60 54 39748 1706 952 754 38042 21133 16909 1680
internal_count=41590 1815 39775 1794 1740 60 54 39748 1706 952 754 38042 21133 16909 1680
is_linear=0
shrinkage=0.05


Tree=141
num_leaves=11
num_cat=0
split_feature=18 21 19 6 19 9 19 16 12 19
split_gain=303.701 1001.19 307.488 1202.21 295.475 351.2 284.272 249.913 116.697 53.2674
threshold=39.500000000000007 54.100000000000016 48.100000000000001 33.500000000000007 41.600000000000023 -15.499999999999998 22.099999999999998 0.50000000000000011 29.472898999248521 45.500000000000021
decision_type=10 8 10 8 10 8 10 10 8 10
left_child=2 -2 4 -4 5 -1 -7 9 -9 -6
right_child=1 -3 3 -5 7 6 -8 8 -10 -11
leaf_value=0.18700047701597214 0.12721349992013228 -0.29999593622051179 -0.083478295103167052 0.37619349508685995 -0.11356876272530783 -0.00092723691276320032 0.036276184674621063 -0.075790023032961229 0.078976376851399743 -0.22158772706985475
leaf_weight=25 24 32 33 25 21 40835 520 29 21 25
leaf_count=25 24 32 33 25 21 40835 520 29 21 25
internal_value=-0.000545464 -0.116906 -0.000388575 0.114656 -0.000549454 -0.000346184 -0.000459439 -0.0881671 -0.0107881 -0.172275
internal_weight=41590 56 41534 58 41476 41380 41355 96 50 46
internal_count=41590 56 41534 58 41476 41380 41355 96 50 46
is_linear=0
shrinkage=0.05


Tree=142
num_leaves=10
num_cat=0
split_feature=18 21 19 14 19 9 17 19 19
split_gain=274.09 903.571 277.508 1168.42 266.666 316.958 262.765 256.555 99.7084
threshold=39.500000000000007 54.100000000000016 48.100000000000001 32.500000000000007 41.600000000000023 -15.499999999999998 0.70000000000000018 22.099999999999998 44.900000000000006
decision_type=10 8 10 8 10 8 10 10 10
left_child=2 -2 4 -4 5 -1 -6 -7 -8
right_child=1 -3 3 -5 6 7 8 -9 -10
leaf_value=0.17765044534206392 0.12085282399008673 -0.28499614065513018 -0.093363748327828955 0.35789197878195694 -0.21949028154978387 -0.00088087506168380361 -0.079216164325109945 0.034462376034532026 0.044285262777255134
leaf_weight=25 24 32 32 26 26 40835 44 520 26
leaf_count=25 24 32 32 26 26 40835 44 520 26
internal_value=-0.00051819 -0.111061 -0.000369146 0.108923 -0.000521981 -0.000328875 -0.0837588 -0.000436467 -0.0333442
internal_weight=41590 56 41534 58 41476 41380 96 41355 70
internal_count=41590 56 41534 58 41476 41380 96 41355 70
is_linear=0
shrinkage=0.05


Tree=143
num_leaves=14
num_cat=0
split_feature=9 11 16 8 1 5 11 19 9 25 23 8 11
split_gain=272.791 226.022 409.931 249.359 370.279 184.909 318.224 662.333 315.316 277.444 446.358 414.36 135.216
threshold=60.500000000000007 -1.4999999999999998 8.9000000000000021 2.5000000000000004 140.50000000000003 41.500000000000007 1.0000000180025095e-35 46.800000000000011 11.500000000000002 0.53435276464917691 0.097964660725097227 4.5000000000000009 -4.4999999999999991
decision_type=10 8 8 10 10 8 10 10 10 2 2 10 10
left_child=1 2 3 12 -5 6 8 -8 -3 11 -11 -7 -1
right_child=-2 5 -4 4 -6 9 7 -9 -10 10 -12 -13 -14
leaf_value=-0.026379863833041341 -0.14206133405951893 -0.00047850455171623469 0.21715639695525168 0.18421134359952882 -0.012100248549390458 -0.0084908715743410908 0.01114375740889658 0.28585567125542599 -0.18578306410623635 -0.0074354908267058708 0.017919529064773496 -0.11358727570954025 -0.0074162861805452743
leaf_weight=1141 34 12251 20 41 58 7344 8218 22 23 3838 3169 95 5336
leaf_count=1141 34 12251 20 41 58 7344 8218 22 23 3838 3169 95 5336
internal_value=-0.000492281 -0.000376453 -0.00886579 -0.00955321 0.0692005 0.00122525 0.00427674 0.0118772 -0.000825743 -0.003108 0.00403162 -0.00983301 -0.0107569
internal_weight=41590 41556 6596 6576 99 34960 20514 8240 12274 14446 7007 7439 6477
internal_count=41590 41556 6596 6576 99 34960 20514 8240 12274 14446 7007 7439 6477
is_linear=0
shrinkage=0.05


Tree=144
num_leaves=8
num_cat=0
split_feature=18 21 11 11 19 14 19
split_gain=257.746 829.539 268.51 254.445 323.659 1410.27 244.461
threshold=39.500000000000007 54.100000000000016 -57.499999999999993 57.500000000000007 48.100000000000001 32.500000000000007 41.600000000000023
decision_type=10 8 8 10 10 8 10
left_child=2 -2 -1 4 6 -6 -4
right_child=1 -3 3 -5 5 -7 -8
leaf_value=0.18283698722720146 0.11454616216942669 -0.27432137825526298 -0.00029851365929069493 -0.17040820866823198 -0.089856436150148516 0.43017692775888883 -0.081454649874039234
leaf_weight=20 24 32 41345 22 32 22 93
leaf_count=20 24 32 41345 22 32 22 93
internal_value=-0.000467667 -0.107664 -0.000323135 -0.000411375 -0.000321239 0.122009 -0.000480654
internal_weight=41590 56 41534 41514 41492 54 41438
internal_count=41590 56 41534 41514 41492 54 41438
is_linear=0
shrinkage=0.05


Tree=145
num_leaves=24
num_cat=0
split_feature=11 19 22 10 24 22 10 25 22 10 12 23 19 11 12 5 20 21 20 0 23 23 10
split_gain=294.016 354.315 459.2 310.97 571.339 258.916 261.408 258.505 234.575 326.719 2027.23 2384.91 534.124 290.9 290.132 217.643 119.566 282.902 178.397 139.745 119.104 85.4257 81.0877
threshold=11.500000000000002 2.3000000000000012 0.47114434510950082 61.500000000000007 -0.18399664778440297 0.81241147629689026 33.500000000000007 -0.15855351192338588 -0.81241147629689037 16.500000000000004 5.3695967968828766 0.77259657388510627 62.900000000000013 -12.499999999999998 31.92260735450747 35.500000000000007 25.499999999999996 29.199999999999999 22.300000000000004 62.500000000000007 0.93540483100319627 0.68322629814330826 7.5000000000000009
decision_type=10 8 2 10 2 2 10 2 2 10 8 2 8 8 10 10 10 10 10 2 2 2 10
left_child=8 5 7 4 -4 6 21 15 16 13 11 -11 -12 -10 -15 -3 18 -18 22 -19 -9 -2 -1
right_child=1 2 3 -5 -6 -7 -8 20 9 10 12 -13 -14 14 -16 -17 17 19 -20 -21 -22 -23 -24
leaf_value=-0.0061857187864700269 -0.089350783706480724 -0.072553321330443676 -0.0046786947087163015 -0.03775932499104076 0.36414799693794481 -0.2751924216747284 0.019343724101781846 -0.15842316780696836 0.1877132520079613 0.072884361993740585 0.0088471660020333562 0.76097940392792229 0.23812826396181036 0.0021400767694991921 -0.038079051665634245 0.15297301813960076 0.15753486798544014 -0.051655633773033817 -0.13162913141964838 0.028005563166298444 -0.02362749936140102 -0.22287217450141905 -0.027907598003991979
leaf_weight=7707 23 23 21 27 21 22 36 57 21 34 1102 20 26 30939 455 20 35 75 29 207 23 25 455
leaf_count=7707 23 23 21 27 21 22 36 57 21 34 1102 20 26 30939 455 20 35 75 29 207 23 25 455
internal_value=0.000364137 -0.0491215 -0.0086118 0.0946283 0.179735 -0.122497 -0.0825059 -0.066527 0.000722894 0.00265259 0.028459 0.327734 0.014132 0.00168161 0.00155717 0.0323427 -0.00667041 0.0234596 -0.00783647 0.00681907 -0.119669 -0.158893 -0.00739663
internal_weight=41403 298 192 69 42 106 84 123 41105 32597 1182 54 1128 31415 31394 43 8508 317 8191 282 80 48 8162
internal_count=41403 298 192 69 42 106 84 123 41105 32597 1182 54 1128 31415 31394 43 8508 317 8191 282 80 48 8162
is_linear=0
shrinkage=0.05


Tree=146
num_leaves=22
num_cat=0
split_feature=11 8 9 13 4 21 21 11 19 22 9 22 13 19 22 19 10 10 9 6 10
split_gain=265.826 362.165 954.991 1876.29 625.793 321.94 870.439 530.843 276.527 853.484 374.021 440.57 257.754 458.93 229.931 360.222 227.688 195.965 180.976 209.373 204.887
threshold=8.5000000000000018 2.5000000000000004 6.5000000000000009 150.50000000000003 38.500000000000007 36.100000000000001 42.300000000000004 6.5000000000000009 2.3000000000000012 0.47114434510950082 17.500000000000004 0.77259657388510639 214.50000000000003 36.70000000000001 -0.63405362205439475 1.7000000000000004 39.500000000000007 -48.499999999999993 10.500000000000002 12.500000000000002 16.500000000000004
decision_type=10 10 8 8 10 8 8 8 10 2 10 2 8 10 2 8 10 8 10 8 10
left_child=1 17 3 4 -3 7 -7 -4 14 12 -11 -12 13 -10 -2 16 -16 -1 20 -20 -19
right_child=8 2 5 -5 -6 6 -8 -9 9 10 11 -13 -14 -15 15 -17 -18 18 19 -21 -22
leaf_value=0.15293884970957328 0.062577200081685311 0.23161717076187155 0.026068526235169889 -0.1610625101172406 0.59269006910645183 0.29874318634921854 0.012891577697946164 -0.1304151065502461 -0.086824821971180868 0.28263399386405946 0.23938342594456943 -0.033638279222779809 -0.23994679931551219 0.15158499653140706 -0.1163553552792489 -0.30498674124944958 0.028250050101731275 -0.00016607651094629146 0.067229481110418293 -0.088297274334509998 0.024760119466795558
leaf_weight=21 23 28 183 23 21 33 138 77 127 25 22 45 20 24 103 20 37 39455 27 109 842
leaf_count=21 23 28 183 23 21 33 138 77 127 25 22 45 20 24 103 20 37 39455 27 109 842
internal_value=0.00034593 0.000764008 0.0429294 0.211491 0.386363 0.0147706 0.0680559 -0.0202747 -0.0380468 -0.00520565 0.117593 0.0560106 -0.0712728 -0.0489319 -0.0852449 -0.106494 -0.0781382 0.000239729 0.00016042 -0.0574206 0.000354753
internal_weight=41403 40957 503 72 49 431 171 260 446 263 92 67 171 151 183 160 140 40454 40433 136 40297
internal_count=41403 40957 503 72 49 431 171 260 446 263 92 67 171 151 183 160 140 40454 40433 136 40297
is_linear=0
shrinkage=0.05


Tree=147
num_leaves=23
num_cat=0
split_feature=11 19 22 8 4 17 13 10 7 25 22 10 12 14 22 12 11 7 1 20 21 18
split_gain=247.625 295.384 369.657 291.446 755.802 890.232 1148.46 987.762 290.963 249.356 233.776 209.951 197.879 190.699 183.281 286.204 530.141 264.66 115.77 110.256 242.667 108.356
threshold=11.500000000000002 2.3000000000000012 0.47114434510950082 4.5000000000000009 143.50000000000003 1.5000000000000002 133.50000000000003 57.500000000000007 37.500000000000007 -0.15855351192338588 0.81241147629689026 36.500000000000007 45.341519541316991 102.50000000000001 -0.81241147629689037 29.472898999248521 -34.499999999999993 149.50000000000003 105.50000000000001 25.199999999999985 29.600000000000001 14.000000000000004
decision_type=10 10 2 10 8 8 8 10 10 2 2 10 10 8 2 10 8 8 10 10 10 10
left_child=3 10 9 14 5 7 -7 -5 -4 -3 11 13 -6 -2 19 16 -16 -17 -11 21 -21 -1
right_child=1 2 8 4 12 6 -8 -9 -10 18 -12 -13 -14 -15 15 17 -18 -19 -20 20 -22 -23
leaf_value=-0.0067673681703764952 -0.19886697881125115 0.046744642823280114 -0.012973599229007961 0.40530847915243817 -0.21703139320015907 -0.15321090509268373 0.28277850805417354 0.0014256608352297918 0.19257060244227903 -0.043732599334584343 -0.25534332679076627 0.026844966208392926 -0.0019886336661875249 -0.0072361798584461212 0.24279876926346966 -0.03983306346972746 0.0026614168286939162 0.040496145207280954 -0.16463526831939818 0.14540787090857824 0.0069934015066678082 -0.075352033163452972
leaf_weight=8121 37 37 36 41 23 44 23 24 33 36 22 33 20 20 23 672 31636 121 44 36 263 58
leaf_count=8121 37 37 36 41 23 44 23 24 33 36 22 33 20 20 23 672 31636 121 44 36 263 58
internal_value=0.000328634 -0.0450855 -0.00645695 0.000657874 0.0650457 0.124352 -0.0035429 0.256183 0.0853301 -0.0605878 -0.109236 -0.0735213 -0.117012 -0.131628 0.000382578 0.00209273 0.00283587 -0.027576 -0.110229 -0.00616351 0.0236587 -0.00725372
internal_weight=41403 298 186 41105 175 132 67 65 69 117 112 90 43 57 40930 32452 31659 793 80 8478 299 8179
internal_count=41403 298 186 41105 175 132 67 65 69 117 112 90 43 57 40930 32452 31659 793 80 8478 299 8179
is_linear=0
shrinkage=0.05


Tree=148
num_leaves=17
num_cat=0
split_feature=9 17 19 1 12 18 8 22 6 25 12 4 10 9 18 18
split_gain=200.777 264.195 299.456 493.603 413.261 274.233 242.299 961.942 597.138 446.046 211.907 193.606 178.323 169.768 457.021 145.832
threshold=20.500000000000004 10.699999999999999 14.200000000000005 207.50000000000003 22.000283906236479 1.7000000000000004 4.5000000000000009 0.72947329433276253 9.5000000000000018 0.67123509350548771 16.967788137857681 100.50000000000001 -48.499999999999993 -1.4999999999999998 37.900000000000013 19.700000000000006
decision_type=10 10 8 10 10 8 10 2 8 2 10 10 8 8 10 10
left_child=6 2 5 4 -4 11 12 8 -8 -10 -7 -2 -1 15 -15 -14
right_child=1 -3 3 -5 -6 10 7 -9 9 -11 -12 -13 13 14 -16 -17
leaf_value=0.14603683150240354 -0.05177331384443476 -0.17335085661122296 -0.0005869604308496823 -0.14177117546399434 0.251590820401907 -0.25854035335091446 0.24582138791680339 0.28179047344938707 -0.12451872692286024 0.091539688987864395 -0.052507988254850119 0.097006188157118034 -0.004557528128146803 0.0021315776987128241 0.22040947104493777 -0.10981770162329529
leaf_weight=21 115 33 33 24 32 26 20 38 71 36 24 27 11443 29403 24 33
leaf_count=21 115 33 33 24 32 26 20 38 71 36 24 27 11443 29403 24 33
internal_value=0.000312202 -0.0395177 -0.0238006 0.0520116 0.123562 -0.0589427 0.00061658 0.0610852 -0.00495254 -0.0518262 -0.159645 -0.0234843 0.000372779 0.000297993 0.0023096 -0.00486021
internal_weight=41403 314 281 89 65 192 41089 165 127 107 50 142 40924 40903 29427 11476
internal_count=41403 314 281 89 65 192 41089 165 127 107 50 142 40924 40903 29427 11476
is_linear=0
shrinkage=0.05


Tree=149
num_leaves=15
num_cat=0
split_feature=9 19 24 4 16 22 25 9 9 23 25 0 1 22
split_gain=193.15 188.835 994.742 2201.66 396.919 692.628 419.223 276.951 381.251 335.707 365.093 271.505 149.183 68.4713
threshold=53.500000000000007 10.200000000000005 0.98370018436603734 39.500000000000007 1.0000000180025095e-35 0.93540483100319627 0.90515966073569354 16.500000000000004 15.500000000000002 0.55557023301960229 0.87377473702374975 215.50000000000003 145.50000000000003 0.68322629814330837
decision_type=10 10 2 10 10 2 2 10 10 2 2 2 10 2
left_child=1 7 4 -4 5 -3 -6 8 11 10 -9 -1 -11 -2
right_child=13 2 3 -5 6 -7 -8 9 -10 12 -12 -13 -14 -15
leaf_value=6.2105396884248071e-05 -0.047217094705950834 0.056611919639054348 0.64042541794478902 -0.046439693761723383 0.0021948659356420758 -0.083178885424436605 -0.094483367429395046 -0.053370737817523807 0.19913134834108254 -0.14571150568094146 0.17520335222780706 -0.063638542742895279 0.0054125557094812397 -0.16255442177538168
leaf_weight=38749 31 675 20 28 1269 102 123 58 24 89 25 168 20 22
leaf_count=38749 31 675 20 28 1269 102 123 58 24 89 25 168 20 22
internal_value=0.000296592 0.000418857 0.0146147 0.239754 0.00963238 0.038261 -0.00634782 -0.00038538 -9.00234e-05 -0.060289 0.0154769 -0.000212883 -0.117982 -0.095093
internal_weight=41403 41350 2217 48 2169 777 1392 39133 38941 192 83 38917 109 53
internal_count=41403 41350 2217 48 2169 777 1392 39133 38941 192 83 38917 109 53
is_linear=0
shrinkage=0.05


Tree=150
num_leaves=10
num_cat=0
split_feature=0 18 19 4 24 9 0 13 9
split_gain=205.16 198.121 193.4 344.897 444.67 306.747 265.68 250.335 231.928
threshold=-22.499999999999996 44.700000000000003 0.50000000000000011 2.5000000000000004 -0.48250327361223916 4.5000000000000009 16.500000000000004 24.500000000000004 6.5000000000000009
decision_type=2 10 10 10 2 10 2 10 8
left_child=-1 2 6 5 -5 -4 7 -2 -8
right_child=1 -3 3 4 -6 -7 8 -9 -10
leaf_value=0.15633462153020361 0.0017778302015432268 0.15734478011727335 -0.0095606585497026008 -0.00012397072155934523 0.023035858957621478 -0.09422855260942517 -0.0051613000247556782 0.038070544455961391 -0.038581965880776031
leaf_weight=21 13867 20 1375 4770 3665 116 16478 492 536
leaf_count=21 13867 20 1375 4770 3665 116 16478 492 536
internal_value=9.30003e-05 1.35919e-05 -6.25994e-05 0.00602042 0.00993895 -0.0161478 -0.00198719 0.00302137 -0.00621417
internal_weight=41340 41319 41299 9926 8435 1491 31373 14359 17014
internal_count=41340 41319 41299 9926 8435 1491 31373 14359 17014
is_linear=0
shrinkage=0.05


Tree=151
num_leaves=15
num_cat=0
split_feature=9 8 9 8 1 8 24 9 14 3 18 21 3 21
split_gain=199.464 697.731 1461.05 219.664 259.752 207.76 989.891 1134.34 496.539 207.196 196.63 152.239 224.847 209.008
threshold=19.500000000000004 6.5000000000000009 14.500000000000002 21.500000000000004 61.500000000000007 4.5000000000000009 -0.18399664778440297 12.500000000000002 61.500000000000007 -20.499999999999996 41.900000000000006 17.100000000000005 95.500000000000014 2.5000000000000013
decision_type=10 10 10 10 10 10 2 10 8 8 10 10 10 8
left_child=1 5 -3 4 -2 9 8 -8 -7 -1 -11 13 -13 -6
right_child=3 2 -4 -5 11 6 7 -9 -10 10 -12 12 -14 -15
leaf_value=0.14388382995128632 -0.18411279279971496 -0.037771548536317104 0.51773222431540489 0.11430656618692658 0.029302019384261725 0.033578984253108506 0.53233676657080653 0.022480019430319468 -0.25806348204612733 -0.00018020159978392574 0.15663417577743532 0.093177015162275542 -0.040606048835013439 -0.11017561969252265
leaf_weight=25 32 29 20 22 37 54 20 24 20 40794 20 46 99 98
leaf_count=25 32 29 20 22 37 54 20 24 20 40794 20 46 99 98
internal_value=8.83502e-05 0.000401799 0.188965 -0.0383945 -0.0491619 0.000176206 0.0664259 0.254233 -0.0452433 -1.5215e-05 -0.000103358 -0.0337389 0.00183547 -0.0719484
internal_weight=41340 41006 49 334 312 40957 118 44 74 40839 40814 280 145 135
internal_count=41340 41006 49 334 312 40957 118 44 74 40839 40814 280 145 135
is_linear=0
shrinkage=0.05


Tree=152
num_leaves=22
num_cat=0
split_feature=11 17 7 18 18 19 19 0 2 17 0 17 13 0 8 7 11 7 5 19 22
split_gain=188.597 330.005 1108.05 328.225 485.602 335.001 1037.85 271.208 431.605 594.979 376.416 267.404 216.896 172.866 258.432 985.857 168.678 148.965 237.643 231.238 76.5454
threshold=1.5000000000000002 17.100000000000005 30.500000000000004 19.600000000000001 17.500000000000004 36.800000000000011 33.000000000000007 139.50000000000003 82.500000000000014 15.500000000000002 43.500000000000007 9.7000000000000028 41.500000000000007 165.50000000000003 2.5000000000000004 37.500000000000007 -11.499999999999998 128.50000000000003 128.50000000000003 3.1000000000000014 0.84874750804349197
decision_type=10 10 10 8 10 10 10 2 10 10 2 8 8 2 10 10 8 8 8 8 2
left_child=1 13 12 4 5 6 -2 8 10 -10 -5 -9 -3 14 16 -16 -1 19 -19 -15 -7
right_child=3 2 -4 7 -6 20 -8 11 9 -11 -12 -13 -14 17 15 -17 -18 18 -20 -21 -22
leaf_value=-0.049882769353140545 0.0098056876483090978 0.1110366103798151 0.42177741050720219 -0.00035144260224423125 0.23560199507822596 -0.062181220912607388 0.32642910514886564 -0.010594273183529301 -0.096654497887939228 0.2531377267933661 -0.12302162008065927 -0.21754244382719734 -0.1001590183184993 -0.099264783524995445 0.0067101067441858748 0.39294283062219626 -0.00094478820230983317 0.10691724280516307 -0.013544393443201961 -0.021405451455935438 -0.19885865151882173
leaf_weight=177 5680 20 20 183 24 20 26 27 20 31 95 37 31 128 95 20 33812 45 454 374 21
leaf_count=177 5680 20 20 183 24 20 26 27 20 31 95 37 31 128 95 20 33812 45 454 374 21
internal_value=8.39327e-05 -0.00132978 0.106357 0.00815152 0.0111624 0.0102251 0.0112484 -0.0360618 -0.0177422 0.115964 -0.0422711 -0.130236 -0.0173372 -0.00154757 -0.000946461 0.073881 -0.00119964 -0.0220274 -0.00268112 -0.041258 -0.132187
internal_weight=41340 35176 71 6164 5771 5747 5706 393 329 51 278 64 51 35105 34104 115 33989 1001 499 502 41
internal_count=41340 35176 71 6164 5771 5747 5706 393 329 51 278 64 51 35105 34104 115 33989 1001 499 502 41
is_linear=0
shrinkage=0.05


Tree=153
num_leaves=14
num_cat=0
split_feature=9 8 9 7 6 8 13 8 11 21 5 3 18
split_gain=190.076 613.333 1311.45 255.889 294.676 252.717 246.01 181.322 805.34 1096.4 253.292 186.039 174.411
threshold=19.500000000000004 6.5000000000000009 14.500000000000002 155.50000000000003 112.50000000000001 20.500000000000004 71.500000000000014 4.5000000000000009 6.5000000000000009 23.100000000000001 48.500000000000007 -20.499999999999996 41.900000000000006
decision_type=10 10 10 10 10 10 8 10 8 10 10 8 10
left_child=1 7 -3 4 5 6 -2 11 9 -9 -10 -1 -13
right_child=3 2 -4 -5 -6 -7 -8 8 10 -11 -12 12 -14
leaf_value=0.13634985852241518 -0.17686430725359148 -0.037637831116544791 0.48865813344717024 0.13147377144722713 -0.1793329538581403 0.13175498206507077 -0.026498414255544413 0.49545868158340456 -0.15499636228470243 0.035968991489829245 0.050131315462015297 -0.00016051023080032516 0.14752854645252228
leaf_weight=25 31 29 20 21 38 22 222 20 34 37 27 40794 20
leaf_count=25 31 29 20 21 38 22 222 20 34 37 27 40794 20
internal_value=7.97361e-05 0.00038572 0.177177 -0.0374866 -0.0488226 -0.0307885 -0.0449227 0.000174211 0.0620652 0.197193 -0.0642021 -4.61659e-06 -8.81385e-05
internal_weight=41340 41006 49 334 313 275 253 40957 118 57 61 40839 40814
internal_count=41340 41006 49 334 313 275 253 40957 118 57 61 40839 40814
is_linear=0
shrinkage=0.05


Tree=154
num_leaves=28
num_cat=0
split_feature=0 1 4 9 19 11 22 9 11 9 24 0 7 6 13 1 9 7 6 4 24 1 6 6 24 7 7
split_gain=177.715 455.258 318.427 241.536 274.866 279.989 764.56 267.341 178.315 151.689 135.796 134.731 164.772 166.074 123.078 291.544 119.247 89.8943 86.1182 60.6397 45.0294 31.6388 29.7122 24.0225 18.7331 15.799 13.663
threshold=-8.4999999999999982 -25.499999999999996 -8.4999999999999982 19.500000000000004 0.3000000000000001 10.500000000000002 0.68322629814330837 -14.499999999999998 -1.4999999999999998 -3.4999999999999996 -0.17552986495351994 1.5000000000000002 155.50000000000003 112.50000000000001 -3.4999999999999996 -12.499999999999998 -3.4999999999999996 26.500000000000004 -14.499999999999998 -1.0000000180025095e-35 0.52707282776374187 -6.4999999999999991 -18.499999999999996 -18.499999999999996 0.77214943412548942 -15.499999999999998 -1.0000000180025095e-35
decision_type=2 10 10 8 8 10 2 10 10 10 2 2 10 10 10 10 10 10 10 8 2 8 10 10 2 10 8
left_child=1 10 16 4 8 7 -7 -6 17 -10 -1 19 13 -13 20 -16 22 -2 -18 21 -4 -5 -3 24 -12 -25 -21
right_child=3 2 14 11 5 6 -8 -9 9 -11 23 12 -14 -15 15 -17 18 -19 -20 26 -22 -23 -24 25 -26 -27 -28
leaf_value=0.21017149708544217 -0.018876523681658774 0.01571180786573349 0.0071462158975804137 0.10209668783470989 -0.11114778250303803 0.0085290572743435388 0.35831968287626903 0.0058789175025511691 -0.020048319153054227 -0.00031165963775719768 0.039533438890551525 -0.032795064877836413 0.084680843270487263 -0.11202271047073442 0.21241837409990177 0.044209346884766867 -0.019109170888328836 -0.0037895778554639173 0.0031766821722548112 0.018074658124687823 0.05297910846544035 0.016946444334462286 0.051889270691746717 0.076494970054111711 0.096488043564287099 0.13576234242190485 -0.011058595208783767
leaf_weight=24 2405 133 285 20 49 61 21 12069 1023 20129 42 623 27 74 28 322 798 1675 949 47 66 24 99 22 22 23 280
leaf_count=24 2405 133 285 20 49 61 21 12069 1023 20129 42 623 27 74 28 322 798 1675 949 47 66 24 99 22 22 23 280
internal_value=7.57493e-05 0.0122081 0.00772712 -0.000810078 -0.000132961 0.0060288 0.0981096 0.00540571 -0.00311225 -0.00126621 0.102501 -0.023957 -0.0365119 -0.0412066 0.0366853 0.0576661 -0.00253044 -0.0126827 -0.00700312 0.000543802 0.0157644 0.0556511 0.0311496 0.0787942 0.0591116 0.106787 -0.00687125
internal_weight=41340 2813 2680 38527 37432 12200 82 12118 25232 21152 133 1095 724 697 701 350 1979 4080 1747 371 351 44 232 109 64 45 327
internal_count=41340 2813 2680 38527 37432 12200 82 12118 25232 21152 133 1095 724 697 701 350 1979 4080 1747 371 351 44 232 109 64 45 327
is_linear=0
shrinkage=0.05


Tree=155
num_leaves=15
num_cat=0
split_feature=25 10 6 9 9 5 20 6 9 13 23 19 5 7
split_gain=209.242 1946.79 730.623 331.21 208.287 178.771 361.613 1720.22 307.248 394.577 260.561 204.661 118.593 89.4109
threshold=0.99962961997441069 18.500000000000004 93.500000000000014 5.5000000000000009 -14.499999999999998 70.500000000000014 41.800000000000018 77.500000000000014 4.5000000000000009 101.50000000000001 -0.83146961230254512 4.5000000000000027 80.500000000000014 74.500000000000014
decision_type=2 10 10 10 8 8 10 8 10 8 2 10 10 10
left_child=4 2 3 12 13 6 10 -8 11 -10 -6 -7 -2 -1
right_child=1 -3 -4 -5 5 8 7 -9 9 -11 -12 -13 -14 -15
leaf_value=-0.018866802826523782 0.024267672325416819 0.51814189251512299 0.29903485658345746 -0.18385716499044347 0.011327693521845691 -0.005923873372569461 0.015973469571483708 0.48632578700780871 -0.16196915845076243 -0.026922790928979579 -0.00081824758475233328 0.018717677430799214 -0.058000802608399564 -0.15446514823744376
leaf_weight=20 179 20 20 26 5373 9160 167 22 60 549 24780 928 58 31
leaf_count=20 179 20 20 26 5373 9160 167 22 60 549 24780 928 58 31
internal_value=-1.44513e-06 0.0413964 0.00770416 -0.0144503 -0.000306715 -0.000181222 0.0017782 0.0707235 -0.00573913 -0.0402279 0.00134605 -0.00365709 0.00413446 -0.101289
internal_weight=41393 303 283 263 41090 41039 30342 189 10697 609 30153 10088 237 51
internal_count=41393 303 283 263 41090 41039 30342 189 10697 609 30153 10088 237 51
is_linear=0
shrinkage=0.05


end of trees

feature_importances:
Column_8=337
Column_9=311
Column_11=228
Column_18=210
Column_19=201
Column_10=163
Column_0=113
Column_5=80
Column_4=73
Column_25=73
Column_7=72
Column_17=68
Column_6=67
Column_20=66
Column_21=65
Column_22=64
Column_12=62
Column_23=57
Column_1=45
Column_13=44
Column_24=40
Column_14=38
Column_3=37
Column_16=37
Column_2=32
Column_15=23

parameters:
[boosting: gbdt]
[objective: regression]
[metric: l1]
[tree_learner: serial]
[device_type: cpu]
[data_sample_strategy: bagging]
[data: ]
[valid: ]
[num_iterations: 156]
[learning_rate: 0.05]
[num_leaves: 31]
[num_threads: 1]
[seed: 42]
[deterministic: 1]
[force_col_wise: 1]
[force_row_wise: 0]
[histogram_pool_size: -1]
[max_depth: 5]
[min_data_in_leaf: 20]
[min_sum_hessian_in_leaf: 0.001]
[bagging_fraction: 0.8]
[pos_bagging_fraction: 1]
[neg_bagging_fraction: 1]
[bagging_freq: 5]
[bagging_seed: 42]
[bagging_by_query: 0]
[feature_fraction: 0.8]
[feature_fraction_bynode: 1]
[feature_fraction_seed: 42]
[extra_trees: 0]
[extra_seed: 12879]
[early_stopping_round: 0]
[early_stopping_min_delta: 0]
[first_metric_only: 0]
[max_delta_step: 0]
[lambda_l1: 0]
[lambda_l2: 0]
[linear_lambda: 0]
[min_gain_to_split: 0]
[drop_rate: 0.1]
[max_drop: 50]
[skip_drop: 0.5]
[xgboost_dart_mode: 0]
[uniform_drop: 0]
[drop_seed: 17869]
[top_rate: 0.2]
[other_rate: 0.1]
[min_data_per_group: 100]
[max_cat_threshold: 32]
[cat_l2: 10]
[cat_smooth: 10]
[max_cat_to_onehot: 4]
[top_k: 20]
[monotone_constraints: ]
[monotone_constraints_method: basic]
[monotone_penalty: 0]
[feature_contri: ]
[forcedsplits_filename: ]
[refit_decay_rate: 0.9]
[cegb_tradeoff: 1]
[cegb_penalty_split: 0]
[cegb_penalty_feature_lazy: ]
[cegb_penalty_feature_coupled: ]
[path_smooth: 0]
[interaction_constraints: ]
[verbosity: -1]
[saved_feature_importance_type: 0]
[use_quantized_grad: 0]
[num_grad_quant_bins: 4]
[quant_train_renew_leaf: 0]
[stochastic_rounding: 1]
[linear_tree: 0]
[max_bin: 255]
[max_bin_by_feature: ]
[min_data_in_bin: 3]
[bin_construct_sample_cnt: 200000]
[data_random_seed: 42]
[is_enable_sparse: 1]
[enable_bundle: 1]
[use_missing: 1]
[zero_as_missing: 0]
[feature_pre_filter: 1]
[pre_partition: 0]
[two_round: 0]
[header: 0]
[label_column: ]
[weight_column: ]
[group_column: ]
[ignore_column: ]
[categorical_feature: ]
[forcedbins_filename: ]
[precise_float_parser: 0]
[parser_config_file: ]
[objective_seed: 16083]
[num_class: 1]
[is_unbalance: 0]
[scale_pos_weight: 1]
[sigmoid: 1]
[boost_from_average: 1]
[reg_sqrt: 0]
[alpha: 0.9]
[fair_c: 1]
[poisson_max_delta_step: 0.7]
[tweedie_variance_power: 1.5]
[lambdarank_truncation_level: 30]
[lambdarank_norm: 1]
[label_gain: ]
[lambdarank_position_bias_regularization: 0]
[eval_at: ]
[multi_error_top_k: 1]
[auc_mu_weights: ]
[num_machines: 1]
[local_listen_port: 12400]
[time_out: 120]
[machine_list_filename: ]
[machines: ]
[gpu_platform_id: -1]
[gpu_device_id: -1]
[gpu_device_id_list: ]
[gpu_use_dp: 0]
[num_gpu: 1]

end of parameters

pandas_categorical:null
