tree
version=v4
num_class=1
num_tree_per_iteration=1
label_index=0
max_feature_idx=25
objective=regression
feature_names=Column_0 Column_1 Column_2 Column_3 Column_4 Column_5 Column_6 Column_7 Column_8 Column_9 Column_10 Column_11 Column_12 Column_13 Column_14 Column_15 Column_16 Column_17 Column_18 Column_19 Column_20 Column_21 Column_22 Column_23 Column_24 Column_25
feature_infos=[-28:312] [-28:312] [-28:312] [-28:312] [-28:312] [-28:312] [-28:312] [-28:312] [-112:41] [-110:113] [-121:163] [-115:223] [0.14139190265868379:95.182483277467981] [-13:312] [-28:289] [0:42.399999999999999] [0:42.799999999999997] [0:42.799999999999997] [0:48.200000000000003] [0:65] [0:87.400000000000006] [0:93] [-1:1] [-1:1] [-0.99999073973619002:0.99999073973619002] [-0.99996295911626565:1]
tree_sizes=2487 2580 2401 2474 2313 2324 2093 2492 2342 2485 2593 2735 2663 2596 2589 2790 2591 2688 2778 2716 2509 2627 2539 2589 2610 2532 2467 2039 2537 2128 2788 2804 2735 2706 2724 2342 2375 2365 2283 2460 2626 2369 2541 2379 2310 2725 2189 2552 2372 2723 2649 2849 2676 2566 2593 2819 2266 2825 2636 2643 2294 2700 2562 2482 2548 2035 2639 1984 2277 2425 2493 2487 2296 2042

Tree=0
num_leaves=28
num_cat=0
split_feature=18 3 18 8 3 16 19 8 0 19 3 0 13 20 21 19 21 14 13 20 20 3 14 7 24 20 20
split_gain=1.9228e+06 765268 867668 389954 264316 236569 216468 173178 111177 104510 98216 89111.9 79805.2 78435.8 74033.3 62547.6 59592 54911.4 41135.5 37460.9 33903.9 28004.8 22065.3 17836.2 15831 9213 8337.84
threshold=13.200000000000005 169.50000000000003 0.70000000000000018 1.0000000180025095e-35 71.500000000000014 2.7000000000000011 41.900000000000006 1.0000000180025095e-35 229.50000000000003 2.100000000000001 138.50000000000003 127.50000000000001 136.50000000000003 20.300000000000004 45.600000000000016 2.7000000000000015 31.29999999999999 -6.4999999999999991 234.50000000000003 8.9000000000000039 30.699999999999996 228.50000000000003 25.500000000000004 -5.4999999999999991 -0.15855791680139866 15.400000000000004 20.100000000000001
decision_type=10 10 10 10 10 8 8 10 2 10 10 2 8 10 8 10 10 8 10 10 8 10 10 10 2 8 10
left_child=1 2 4 14 9 8 16 12 17 -1 -6 -8 -4 -9 20 21 -7 -5 19 -17 24 26 -22 -20 -2 -23 -3
right_child=3 15 7 5 10 6 11 13 -10 -11 -12 -13 -14 -15 -16 18 -18 -19 23 -21 22 25 -24 -25 -26 -27 -28
leaf_value=-0.086521038728733499 1.2573608826936662 -1.531237313007517 0.50440830076200516 4.9222348616137737 -0.37808093660016973 2.1720034107900519 7.879585486303851 0.85009738581493666 -0.79715613103455285 0.43911183453541447 -1.0656360724381344 3.9626515238597628 -0.11039103599382635 1.7510577084944445 -1.2512770067928458 1.3201515698745485 4.2031790584868016 2.3718658407323763 -0.26371936231994614 -0.73388881050153254 1.3847349229568873 -3.5898484809086093 3.576969715268874 -1.530033615331885 0.10819507377740084 -2.3453657206436533 -2.0741666551407452
leaf_weight=26249 86 360 2906 24 4696 54 53 1107 26 981 584 20 645 309 35 25 109 175 31 198 24 20 22 270 46 58 88
leaf_count=26249 86 360 2906 24 4696 54 53 1107 26 981 584 20 645 309 35 25 109 175 31 198 24 20 22 270 46 58 88
internal_value=-0.0273089 -0.0736255 -0.0363257 2.62023 -0.130364 3.43772 4.54367 0.579171 2.27771 -0.0675844 -0.454129 6.80645 0.392737 1.04671 0.850903 -1.40494 3.53027 2.67945 -1.0183 -0.503615 1.26425 -1.79011 2.4332 -1.39962 0.856894 -2.66446 -1.63788
internal_weight=39201 38527 37477 674 32510 461 236 4967 225 27230 5280 73 3551 1416 213 1050 163 199 524 223 178 526 46 301 132 78 448
internal_count=39201 38527 37477 674 32510 461 236 4967 225 27230 5280 73 3551 1416 213 1050 163 199 524 223 178 526 46 301 132 78 448
is_linear=0
shrinkage=1


Tree=1
num_leaves=29
num_cat=0
split_feature=17 4 18 18 2 8 24 14 10 8 9 25 13 4 20 24 10 5 13 17 21 13 9 14 21 20 12 21
split_gain=1.74048e+06 714571 775422 399577 229675 202793 191606 181544 110490 95727.3 93857 85303.6 82521.2 79398.1 72713.4 63328.4 46616.9 40016.1 36965.3 36407 32325.9 27723.6 19721.6 14656.1 10929.5 10098.3 3435.85 2424.4
threshold=7.6000000000000014 170.50000000000003 1.1000000000000003 20.900000000000002 70.500000000000014 1.5000000000000002 -0.79356426026969629 19.500000000000004 94.500000000000014 1.0000000180025095e-35 -3.4999999999999996 -0.74979862697202038 156.50000000000003 27.500000000000004 2.9000000000000012 -0.80392051724781066 64.500000000000014 34.500000000000007 130.50000000000003 0.50000000000000011 17.899999999999995 187.50000000000003 6.5000000000000009 9.5000000000000018 40.800000000000018 18.700000000000006 15.001957204387674 15.800000000000002
decision_type=10 10 10 10 10 10 2 8 8 10 10 2 10 10 10 2 8 8 8 10 8 8 10 10 8 8 10 10
left_child=1 2 4 9 14 12 7 -5 -7 18 -6 -8 -4 27 -1 -15 -13 -9 23 21 -21 26 -22 -2 -20 -23 -3 -11
right_child=3 19 5 6 10 8 11 17 -10 13 -12 16 -14 15 -16 -17 -18 -19 24 20 22 25 -24 -25 -26 -27 -28 -29
leaf_value=-0.051605162312225242 0.80373158788681032 -0.70134706955689652 0.56831027180316673 1.4522705901414157 -0.76472957895441673 1.705932197953085 5.2228596311627022 7.9249861399332691 -0.95882524869271701 0.44415542582670853 -0.26836738158687717 2.8079016401603516 -0.26806835134055224 1.7272696224567683 0.22254735657520464 4.1087895003842636 0.21197310629345123 5.7585030576016045 0.40288595707179642 -2.7053787867228194 -0.80457023328780086 -1.3805619960676601 0.73224864213362995 1.7889461109512732 -0.9205655431804749 -1.7505589179121532 0.15853693854241147 1.1604651962007795
leaf_weight=24886 75 26 3392 20 1212 527 33 39 42 27 4446 98 323 46 2679 71 21 47 39 21 226 361 23 76 26 377 21 21
leaf_count=24886 75 26 3392 20 1212 527 33 39 42 27 4446 98 323 46 2679 71 21 47 39 21 226 361 23 76 26 377 21 21
internal_value=0.00390492 -0.0389822 -0.00288419 2.59203 -0.0845214 0.630224 4.11143 5.74311 1.50924 1.56314 -0.374693 2.97355 0.495591 2.46994 -0.0249607 3.17247 2.3498 6.74098 0.870452 -1.32233 -0.821497 -1.49459 -0.662615 1.2996 -0.126495 -1.56957 -0.317144 0.757541
internal_weight=39201 38562 37507 639 33223 4284 258 106 569 381 5658 152 3715 165 27565 117 119 86 216 1055 270 785 249 151 65 738 47 48
internal_count=39201 38562 37507 639 33223 4284 258 106 569 381 5658 152 3715 165 27565 117 119 86 216 1055 270 785 249 151 65 738 47 48
is_linear=0
shrinkage=0.05


Tree=2
num_leaves=27
num_cat=0
split_feature=17 4 19 19 2 24 9 14 19 10 1 9 24 9 17 0 5 0 19 6 17 3 0 5 4 23
split_gain=1.57078e+06 645080 718625 382277 218717 213230 183049 135956 127055 121667 110905 100142 73418.1 73329.4 66898.1 64198.5 41959.9 41133.7 36586.5 28763.4 25344.6 24205.4 17603.1 12073.1 6511.78 3455.59
threshold=7.6000000000000014 172.50000000000003 2.100000000000001 26.5 74.500000000000014 -0.79356426026969629 3.5000000000000004 18.500000000000004 38.100000000000016 94.500000000000014 132.50000000000003 -3.4999999999999996 0.69325554713765702 -3.4999999999999996 0.3000000000000001 17.500000000000004 168.50000000000003 146.50000000000003 2.7000000000000015 25.500000000000004 1.1000000000000003 243.50000000000003 255.50000000000003 232.50000000000003 200.50000000000003 -0.290129255202841
decision_type=10 10 10 8 10 2 10 8 8 10 10 8 2 10 10 2 8 2 10 8 10 10 2 10 10 2
left_child=1 2 4 12 14 7 11 -5 15 -8 -9 -4 16 -6 -1 -7 19 -10 21 -2 22 24 -20 -22 -3 -18
right_child=3 18 6 5 13 8 9 10 17 -11 -12 -13 -14 -15 -16 -17 25 -19 20 -21 23 -23 -24 -25 -26 -27
leaf_value=-0.052657911461000462 0.85877094696675038 -1.3290899633177071 -0.6084438406738143 1.9522164527326824 -0.76070347211486566 1.5835425170262656 1.1930123207497985 6.9238871438162661 1.9755262280368937 -1.5480895190011887 2.7809495782852176 0.44447457351712816 3.5465807369777131 -0.29653519946430501 0.36860134554311957 4.3101224224288748 -0.7847677005827427 -0.95439357086829846 -0.99609866468518082 1.8778454852582767 0.048962317662019479 -2.9641771184987036 -1.8982465663376979 -0.96392954501012962 -1.6857919090234483 0.10512369039158027
leaf_weight=26644 140 302 240 24 1115 30 1120 84 23 42 20 3823 35 3592 977 77 20 25 264 137 76 29 68 48 222 24
leaf_count=26644 140 302 240 24 1115 30 1120 84 23 42 20 3823 35 3592 977 77 20 25 264 137 76 29 68 48 222 24
internal_value=0.00370968 -0.0370331 -0.00351181 2.46243 -0.091445 3.83407 0.540546 5.34436 2.58686 1.09394 6.12717 0.382279 1.37205 -0.406488 -0.0377573 3.54566 1.13495 0.449526 -1.28463 1.36279 -0.953066 -1.55803 -1.18088 -0.343125 -1.48021 -0.299372
internal_weight=39201 38562 37553 639 32328 283 5225 128 155 1162 104 4063 356 4707 27621 107 321 48 1009 277 456 553 332 124 524 44
internal_count=39201 38562 37553 639 32328 283 5225 128 155 1162 104 4063 356 4707 27621 107 321 48 1009 277 456 553 332 124 524 44
is_linear=0
shrinkage=0.05


Tree=3
num_leaves=28
num_cat=0
split_feature=17 3 19 19 8 24 8 24 1 21 20 14 25 13 24 17 19 17 3 13 5 7 19 14 12 5 23
split_gain=1.41763e+06 570948 681064 345005 210742 192440 145355 124144 123476 115981 79981.1 71354.6 70631.4 68995.4 66259.8 64309.4 58568.4 57211 42063.2 38212.2 37868.8 28385.5 26900.4 23880 21401.6 14483 3118.67
threshold=7.6000000000000014 138.50000000000003 2.100000000000001 26.5 1.5000000000000002 -0.79356426026969629 -1.0000000180025095e-35 -0.80392051724781066 68.500000000000014 63.499999999999993 20.999999999999996 20.500000000000004 0.59818091440591625 150.50000000000003 0.69325554713765702 0.3000000000000001 13.1 0.70000000000000018 185.50000000000003 240.50000000000003 168.50000000000003 27.500000000000004 43.400000000000013 25.500000000000004 22.758808125108953 102.50000000000001 -0.290129255202841
decision_type=10 10 10 8 10 2 10 2 10 8 8 10 2 8 2 8 10 10 10 10 8 10 8 10 10 10 2
left_child=1 2 8 14 16 7 18 11 17 13 -6 -5 -10 -7 20 19 -4 -1 24 -8 23 -17 -9 -2 -3 -20 -22
right_child=3 6 4 5 10 9 15 22 12 -11 -12 -13 -14 -15 -16 21 -18 -19 25 -21 26 -23 -24 -25 -26 -27 -28
leaf_value=-0.041402882803174536 0.87365142315332056 -0.74433616115126078 0.36829240763691956 1.0592114324867727 1.0347486458844448 3.8883117468960315 -0.48891310446122865 5.4262926248403698 -0.51607212457960738 -0.99741776408405891 2.2499042300516692 4.6485674879286023 -0.13783329231551003 1.5515826469433367 3.3692516068049843 1.01469805210474 0.93394843814823469 0.46235994795311453 -2.1738514410306329 -1.7534307100593229 -0.74552932612597944 -0.046626418787572121 7.5249025602598456 1.80658487251997 -1.2939394725826536 -1.4137677037449341 0.0998675111681223
leaf_weight=26169 152 501 3612 20 415 83 329 26 2165 21 201 45 2871 51 35 84 524 576 73 73 20 252 37 125 274 443 24
leaf_count=26169 152 501 3612 20 415 83 329 26 2165 21 201 45 2871 51 35 84 524 576 73 73 20 252 37 125 274 443 24
internal_value=0.00352419 -0.0351814 0.0101592 2.33931 0.568458 3.64237 -0.851557 5.07715 -0.0733195 2.45751 1.43125 3.54415 -0.30044 2.99896 1.30345 -0.291827 0.439957 -0.0305535 -1.17153 -0.718539 1.07821 0.218705 6.65881 1.29465 -0.938648 -1.5213 -0.284404
internal_weight=39201 38562 36533 639 4752 283 2029 128 31781 155 616 65 5036 134 356 738 4136 26745 1291 402 321 336 63 277 775 516 44
internal_count=39201 38562 36533 639 4752 283 2029 128 31781 155 616 65 5036 134 356 738 4136 26745 1291 402 321 336 63 277 775 516 44
is_linear=0
shrinkage=0.05


Tree=4
num_leaves=26
num_cat=0
split_feature=18 4 18 15 4 10 11 13 20 7 14 23 12 0 18 24 10 4 21 21 4 6 13 21 10
split_gain=1.30355e+06 538058 585764 198553 175187 168129 108238 101997 138787 91814.2 87513 74918.7 72446.5 54436.7 53644.4 66716 33700.3 30142.4 20980.5 31705.5 18577 17370.1 15143.5 12466.7 9271.52
threshold=13.200000000000005 169.50000000000003 0.70000000000000018 1.1000000000000003 41.500000000000007 23.500000000000004 -22.499999999999996 151.50000000000003 14.899999999999999 -7.4999999999999991 32.500000000000007 -0.290129255202841 16.865220106333563 193.50000000000003 18.5 -0.79356426026969629 90.500000000000014 190.50000000000003 53.700000000000024 62.799999999999997 44.500000000000007 33.500000000000007 187.50000000000003 21.699999999999989 -46.499999999999993
decision_type=10 10 10 8 10 10 10 8 10 8 10 2 8 2 10 2 10 10 10 10 10 8 8 10 10
left_child=1 2 4 6 13 14 -2 8 -4 -8 -11 -7 -6 -1 23 -16 -9 18 22 -20 -13 -19 -3 -5 -23
right_child=3 17 7 5 12 11 9 16 -10 10 -12 20 -14 -15 15 -17 -18 21 19 -21 -22 24 -24 -25 -26
leaf_value=0.0037924447426075612 -2.1317906665802004 -0.34264152590185404 0.46464487534521509 0.48746368012820879 -0.19495681881375482 2.995512088139852 4.5095354515772597 0.034255661653162593 1.211777849245095 0.58276304232393528 2.1804521129681516 7.284413154036911 -0.57766279508039708 -2.2854349649869481 4.384296459145844 2.1615436361116522 -1.9085555822952935 -0.11891983162079539 1.5323698214862658 -0.85738411630902966 5.3015789383933658 -2.3996430397033692 -1.1333877308780411 1.8627123135990566 -1.3555721712476156
leaf_weight=21722 20 80 3433 26 9310 24 26 756 759 162 182 27 1426 26 56 85 23 28 23 35 21 22 249 45 635
leaf_count=21722 20 80 3433 26 9310 24 26 756 759 162 182 27 1426 26 56 85 23 28 23 35 21 22 249 45 635
internal_value=0.00334798 -0.0347878 -0.00317638 2.18326 -0.0805269 3.18892 1.45093 0.502286 0.59992 1.64459 1.42805 5.27645 -0.245789 0.00105565 2.47994 3.04434 -0.0231059 -1.13927 -0.786534 0.0902769 6.41692 -1.33856 -0.941109 1.3591 -1.39053
internal_weight=39201 38527 37455 674 32484 284 390 4971 4192 370 344 72 10736 21748 212 141 779 1072 387 58 48 685 329 71 657
internal_count=39201 38527 37455 674 32484 284 390 4971 4192 370 344 72 10736 21748 212 141 779 1072 387 58 48 685 329 71 657
is_linear=0
shrinkage=0.05


Tree=5
num_leaves=26
num_cat=0
split_feature=17 9 17 9 21 4 9 5 1 20 4 4 6 21 0 6 21 6 9 25 14 12 9 21 10
split_gain=1.14607e+06 488229 414567 262597 199539 138008 137257 131440 109418 100431 93631.2 87753.9 82995.3 75422.8 45432 37045.4 31536.2 49486.1 26805.8 25115.9 24637.5 18481 17672.5 10058.3 5774.18
threshold=7.6000000000000014 -4.4999999999999991 0.70000000000000018 1.5000000000000002 32.100000000000001 41.500000000000007 1.5000000000000002 5.5000000000000009 99.500000000000014 7.5000000000000027 172.50000000000003 12.500000000000002 61.500000000000007 75.900000000000034 170.50000000000003 177.50000000000003 59.400000000000048 68.500000000000014 -6.4999999999999991 0.53435276464917691 16.500000000000004 3.59154683009973 -16.499999999999996 21 -18.499999999999996
decision_type=10 8 10 10 10 10 10 8 10 10 10 10 10 10 2 8 8 10 10 2 10 8 10 10 8
left_child=1 8 5 16 12 9 14 -6 15 -3 -7 -8 21 -9 -4 20 17 23 22 -19 -1 -5 -10 -2 -20
right_child=3 2 6 4 7 10 11 13 18 -11 -12 -13 -14 -15 -16 -17 -18 19 24 -21 -22 -23 -24 -25 -26
leaf_value=0.75366634746268391 0.43681177575588226 -0.0058935203527472222 0.35843549902726796 1.7824995253397071 7.1818423197819641 -0.17376993857575473 0.3338334766411537 3.721107814185046 -2.5453199148178101 0.46730915025279673 -1.1233300231061036 1.3179523411824736 4.0827805335705092 0.49225209295749672 -0.82588793438460151 1.9040534564426967 -0.77122852084813298 1.3793335655331613 -1.2215800883263117 3.8851195430755618 -0.45605680808649024 0.52758731356373534 -1.334757509036794 1.2200052641332151 -0.84186453438082409
leaf_weight=50 125 21490 2250 46 26 10801 332 189 32 1183 266 713 26 20 84 21 27 20 127 20 266 81 521 61 473
leaf_count=50 125 21490 2250 46 26 10801 332 189 32 1183 266 713 26 20 84 21 27 20 127 20 266 81 521 61 473
internal_value=0.000216708 -0.0345962 0.00102692 2.09709 2.91429 -0.051853 0.529044 3.8292 -0.922043 0.0187966 -0.196593 1.00529 1.50903 3.41213 0.315812 -0.129503 0.843825 1.03677 -1.15369 2.63223 -0.264645 0.982122 -1.40481 0.693666 -0.922238
internal_weight=39250 38609 37119 641 388 33740 3379 235 1490 22673 11067 1045 153 209 2334 337 253 226 1153 40 316 127 553 186 600
internal_count=39250 38609 37119 641 388 33740 3379 235 1490 22673 11067 1045 153 209 2334 337 253 226 1153 40 316 127 553 186 600
is_linear=0
shrinkage=0.05


Tree=6
num_leaves=23
num_cat=0
split_feature=18 3 19 19 9 9 0 9 19 0 1 25 20 19 18 3 22 9 3 9 14 12
split_gain=1.04798e+06 443207 505646 227035 122998 117163 113849 112114 109995 107988 97572.3 79432.5 53952 50853.3 50259.2 43894.1 34520.3 26259.4 24575.3 21115 16119.9 11094.5
threshold=13.1 135.50000000000003 2.100000000000001 46.100000000000016 1.5000000000000002 4.5000000000000009 223.50000000000003 -4.4999999999999991 23.900000000000006 166.50000000000003 38.500000000000007 0.51972456038539816 19.600000000000001 7.5000000000000027 0.90000000000000013 175.50000000000003 -0.58216583101416164 -4.4999999999999991 235.50000000000003 -15.499999999999998 192.50000000000003 2.9012299875339731
decision_type=10 10 10 10 8 10 2 10 8 2 10 2 8 10 8 10 2 10 10 10 8 10
left_child=1 2 10 4 17 13 8 19 -6 -5 16 -12 -7 -4 18 -16 -1 -2 -9 -3 -21 -19
right_child=3 7 5 9 6 12 -8 14 -10 -11 11 -13 -14 -15 15 -17 -18 21 -20 20 -22 -23
leaf_value=-0.096257946049076656 -1.1458254885673522 -2.3278724441657199 0.2569464939122888 6.4875462883397148 1.2735058223097329 0.77908036796625257 -1.574613870829344 -0.6655804453076275 2.9377377836253702 2.2034716963768006 -0.3517791640110603 -0.074378139499034296 1.7106106262196434 0.63219202740946578 0.18451057289394418 -0.73471342123093764 0.041469358302365041 0.30014057585171294 -2.1546536314076392 -0.97933316206603538 -1.4726619698639427 1.1354335265153128
leaf_weight=6655 20 37 2615 38 163 471 20 622 254 24 4362 6319 232 1379 420 188 14381 70 29 635 224 92
leaf_count=6655 20 37 2615 38 163 471 20 622 254 24 4362 6319 232 1379 420 188 14381 70 29 635 224 92
internal_value=0.000205873 -0.0341247 0.0071081 1.94455 1.65562 0.491275 2.11047 -0.730855 2.28721 4.82919 -0.0645926 -0.187666 1.0865 0.386507 -0.426615 -0.0997232 -0.00210239 0.563479 -0.731914 -1.15835 -1.10798 0.774504
internal_weight=39250 38569 36414 681 619 4697 437 2155 417 62 31717 10681 703 3994 1259 608 21036 182 651 896 859 162
internal_count=39250 38569 36414 681 619 4697 437 2155 417 62 31717 10681 703 3994 1259 608 21036 182 651 896 859 162
is_linear=0
shrinkage=0.05


Tree=7
num_leaves=28
num_cat=0
split_feature=17 9 18 19 9 4 6 19 6 3 2 10 2 3 19 5 17 7 9 18 13 5 19 13 17 1 23
split_gain=946352 403559 428587 256981 122011 118600 116060 123637 92238.2 91530.6 89870.8 87175.2 73455 71333.7 55881.9 49911 33114.2 31802.8 25372.5 18007.1 17984.6 17618.3 17578.9 13000.7 8412.2 7752.97 6282.92
threshold=7.6000000000000014 -4.4999999999999991 1.1000000000000003 25.900000000000009 4.5000000000000009 41.500000000000007 -3.4999999999999996 46.699999999999996 65.500000000000014 96.500000000000014 115.50000000000001 92.500000000000014 138.50000000000003 178.50000000000003 17.900000000000009 38.500000000000007 31.600000000000005 34.500000000000007 -6.4999999999999991 2.100000000000001 160.50000000000003 50.500000000000007 20.899999999999999 -1.4999999999999998 15.500000000000002 77.500000000000014 -0.63405362205439475
decision_type=10 8 10 10 10 10 8 10 10 10 10 8 10 10 10 10 10 10 10 8 8 10 10 10 10 10 2
left_child=1 9 5 8 13 14 -5 16 22 20 25 -6 -7 -4 -3 -9 -8 -12 19 -11 21 -1 23 -2 -24 -10 -20
right_child=3 2 4 6 11 12 7 15 10 18 17 -13 -14 -15 -16 -17 -18 -19 26 -21 -22 -23 24 -25 -26 -27 -28
leaf_value=0.44574877191125672 -0.041714484093413842 0.0010823468492079113 0.3872636226610644 6.4101420593261729 1.1819762774028841 -0.16489867464112862 2.438752491194375 6.2881673812866214 4.7162580887476606 -1.1282017491322021 -0.52636362601071596 -1.0876769033405516 -0.71234703118922504 -0.85261135764420048 1.7269892859966198 3.0635541248321534 0.35881243239749566 2.065348038180121 -1.0049455321393908 -1.8440117225734465 1.4117754272052221 -0.4389987649870854 2.3979057602584364 0.75739507301633735 0.94771629437804228 3.4007451329912457 -0.68909630711147141
leaf_weight=89 69 22124 3485 25 707 9938 147 30 24 453 20 45 653 120 47 20 22 29 256 109 21 153 20 194 20 21 409
leaf_count=89 69 22124 3485 25 707 9938 147 30 24 453 20 45 653 120 47 20 22 29 256 109 21 153 20 194 20 21 409
internal_value=0.000195578 -0.0314389 0.000948324 1.90562 0.466838 -0.0610101 3.18262 2.81419 1.12076 -0.838273 2.48908 1.04616 -0.198652 0.345992 0.00474107 4.99832 2.16799 1.00751 -1.01971 -1.26703 0.00818294 -0.113616 0.696267 0.547743 1.67281 4.10235 -0.810686
internal_weight=39250 38609 37119 641 4357 32762 244 219 397 1490 94 752 10591 3605 22171 50 169 49 1227 562 263 242 303 263 40 45 665
internal_count=39250 38609 37119 641 4357 32762 244 219 397 1490 94 752 10591 3605 22171 50 169 49 1227 562 263 242 303 263 40 45 665
is_linear=0
shrinkage=0.05


Tree=8
num_leaves=26
num_cat=0
split_feature=18 3 19 8 19 8 8 5 0 21 0 18 13 11 18 21 20 3 10 10 21 20 13 3 0
split_gain=863662 370971 421491 190625 120784 116896 106600 95581.9 87537.9 71995.2 66305.6 76428.6 59318.4 50227.4 50059.8 82423.5 46599.3 44620.5 42051.3 30429.5 23040.9 27822.4 16470.6 14701.4 7329.8
threshold=13.1 116.50000000000001 2.100000000000001 1.0000000180025095e-35 45.70000000000001 1.5000000000000002 -1.0000000180025095e-35 -5.4999999999999991 179.50000000000003 58.500000000000064 22.500000000000004 0.70000000000000018 25.500000000000004 -7.4999999999999991 0.3000000000000001 4.900000000000003 18.100000000000001 187.50000000000003 -3.4999999999999996 -18.499999999999996 46.000000000000028 33.500000000000007 302.50000000000006 235.50000000000003 94.500000000000014
decision_type=10 10 10 10 10 10 10 8 2 10 2 10 10 8 10 8 8 10 8 8 8 8 8 10 2
left_child=1 2 10 13 7 12 17 -5 24 -9 18 -12 -4 -2 23 -16 -7 19 -1 -3 21 -15 -19 -8 -6
right_child=3 6 5 4 8 16 14 9 -10 -11 11 -13 -14 20 15 -17 -18 22 -20 -21 -22 -23 -24 -25 -26
leaf_value=0.15761307988382953 -1.8635191226005554 -1.1505593961112355 0.17900539088257028 4.399038839967627 6.4547922134399416 0.81855572622645245 -0.46759042228325542 1.9618929936323874 1.9067622122557268 -0.72027936710251705 -0.15200238738285998 0.44019459500905572 0.56631205645027005 0.6643364389519455 3.0759961024574611 0.023033655331421057 1.8027697369535975 -1.0259129302876611 -0.027819089153075478 -0.53775832335377094 -0.67973521215996402 2.3029522411525249 -1.6853936777985472 -1.8478931662440301 5.1011123657226562
leaf_weight=4051 20 245 1953 38 20 337 544 341 23 27 13936 567 2002 136 23 570 187 372 12465 1170 24 32 127 20 20
leaf_count=4051 20 245 1953 38 20 337 544 341 23 27 13936 567 2002 136 23 570 187 372 12465 1170 24 32 127 20 20
internal_value=0.000185799 -0.0309799 0.01463 1.76528 2.32771 0.468034 -0.558189 2.01163 4.36466 1.7651 -0.0508395 -0.12885 0.375058 0.521039 -0.1793 0.141445 1.16979 -0.787225 0.0176632 -0.643862 0.76943 0.976454 -1.19376 -0.516537 5.77795
internal_weight=39250 38569 35498 681 469 4479 3071 406 63 368 31019 14503 3955 212 1157 593 524 1914 16516 1415 192 168 499 564 40
internal_count=39250 38569 35498 681 469 4479 3071 406 63 368 31019 14503 3955 212 1157 593 524 1914 16516 1415 192 168 499 564 40
is_linear=0
shrinkage=0.05


Tree=9
num_leaves=28
num_cat=0
split_feature=17 9 18 18 8 19 1 6 3 3 4 13 14 11 6 3 5 8 1 3 5 6 17 3 5 19 20
split_gain=784695 334200 353101 214773 131284 117081 99852.3 87929.3 81607.9 76267.2 66667.9 57831.3 52110.1 48859.9 44539.7 29737.4 25533.8 23000 21650.9 19977.4 19351.6 16474.5 16118.5 15677.7 15674 11202.9 3101.85
threshold=7.6000000000000014 -4.4999999999999991 1.1000000000000003 20.900000000000002 1.5000000000000002 44.300000000000011 138.50000000000003 -1.4999999999999998 178.50000000000003 96.500000000000014 41.500000000000007 160.50000000000003 18.500000000000004 1.5000000000000002 65.500000000000014 68.500000000000014 133.50000000000003 -4.4999999999999991 243.50000000000003 55.500000000000007 42.500000000000007 159.50000000000003 10.500000000000002 279.50000000000006 50.500000000000007 16.900000000000009 17.300000000000008
decision_type=10 8 10 10 10 8 10 8 10 10 10 8 8 10 8 10 8 10 10 8 10 8 10 10 10 10 8
left_child=1 9 6 13 8 7 10 -5 -4 21 -3 -6 -9 16 25 -7 19 -11 -8 -2 -17 24 -16 -19 -1 -15 -18
right_child=3 2 4 5 11 15 18 12 -10 17 -12 -13 -14 14 22 20 26 23 -20 -21 -22 -23 -24 -25 -26 -27 -28
leaf_value=0.41525962418252294 0.61420389257544317 0.0057483398515616657 0.35955751035501976 5.4002699565887458 1.392564169927077 6.2955487205868685 -0.59554192917005078 0.28975451214191245 -0.8836331555497472 -2.3997618331358983 -0.15017076262846393 0.25059307018282262 2.3646977602993999 0.59448510537544885 2.0241794764995578 5.071786766052246 -0.0038041465915739539 -0.87252799657534552 -2.1239297350247699 1.7715929303939146 2.872266616225243 1.3891881740093233 3.9285586891174322 -2.2507910183497839 -0.41444025507294824 1.9145907659530641 -0.75576209512849646
leaf_weight=91 167 22135 3622 20 451 21 671 39 137 26 9932 147 135 45 20 20 32 1180 24 48 20 20 25 21 152 25 24
leaf_count=91 167 22135 3622 20 451 21 671 39 137 26 9932 147 135 45 20 20 32 1180 24 48 20 20 25 21 152 25 24
internal_value=0.000176509 -0.0286297 0.000843334 1.73524 0.423719 2.86128 -0.0553946 2.26052 0.314248 -0.762863 -0.0425439 1.11185 1.89962 0.991354 1.85491 4.77193 0.624902 -0.928479 -0.648321 0.872598 3.97203 0.00980027 3.08217 -0.896628 -0.10373 1.06595 -0.326072
internal_weight=39250 38609 37119 641 4357 255 32762 194 3759 1490 32067 598 174 386 115 61 271 1227 695 215 40 263 45 1201 243 70 56
internal_count=39250 38609 37119 641 4357 255 32762 194 3759 1490 32067 598 174 386 115 61 271 1227 695 215 40 263 45 1201 243 70 56
is_linear=0
shrinkage=0.05


Tree=10
num_leaves=29
num_cat=0
split_feature=17 3 19 19 8 5 19 8 4 6 24 19 19 25 19 21 11 17 18 10 13 3 5 11 10 10 2 21
split_gain=714540 322776 366017 209132 118847 100303 90912.6 70843.5 68365.1 63790 69757.2 55719 53049.8 44883.1 44571.5 42654.8 41882.4 38295.3 36459.2 31470.9 28385.8 27465 23493.2 19714.9 18365.6 17584.8 16804.8 6034.27
threshold=7.3000000000000016 131.50000000000003 2.100000000000001 28.199999999999999 1.5000000000000002 62.500000000000007 37.500000000000021 -1.0000000180025095e-35 75.500000000000014 25.500000000000004 0.69325554713765702 18.300000000000004 27.199999999999999 0.56312986467441573 37.90000000000002 59.400000000000048 1.5000000000000002 0.3000000000000001 29.70000000000001 61.500000000000007 216.50000000000003 217.50000000000003 -6.4999999999999991 -21.499999999999996 -15.499999999999998 16.500000000000004 179.50000000000003 23.899999999999991
decision_type=10 10 10 10 10 8 10 10 10 10 2 10 8 2 10 10 10 8 10 10 10 10 8 10 10 10 10 10
left_child=1 2 8 9 15 6 18 21 16 22 12 -6 -11 -10 25 -4 -1 20 -5 -8 -9 24 -2 -23 -3 -7 -19 -24
right_child=3 7 4 5 11 14 19 17 13 10 -12 -13 -14 -15 -16 -17 -18 26 -20 -21 -22 23 27 -25 -26 -27 -28 -29
leaf_value=-0.049393663885017397 1.9373280587403672 -0.93897561958815801 0.35062469074659997 3.2295695745363471 0.87610144383760769 1.5361899040896319 5.5740048532302566 -0.3439746265545191 -0.43375883829967021 0.96559867683950573 3.9334984506879538 2.2059537721361884 3.5740411216562444 -0.095225841860388474 0.051894169859588148 -0.7623010611669585 0.13311892068520795 0.34323042482273147 0.74238709509372713 3.2401491641998295 -1.2891425776963283 -2.6430172959963483 0.10401624068386438 -1.1357928119764655 -0.54818853420609037 3.309363785496465 -0.36385956857438118 0.72353948389108369
leaf_weight=24001 23 505 3976 41 486 29 52 402 1782 171 28 94 22 2173 32 88 3617 275 23 20 99 24 161 226 743 27 121 52
leaf_count=24001 23 505 3976 41 486 29 52 402 1782 171 28 94 22 2173 32 88 3617 275 23 20 99 24 161 226 743 27 121 52
internal_value=-0.00123124 -0.0295477 0.0076278 1.60428 0.422081 2.85581 3.7069 -0.591712 -0.0533332 0.990839 1.60129 1.09163 1.26293 -0.247758 1.54049 0.326526 -0.0254908 -0.240292 2.33574 4.92571 -0.530744 -0.802142 0.419192 -1.28049 -0.70632 2.39111 0.127175 0.255261
internal_weight=39293 38612 36217 681 4644 224 136 2395 31573 457 221 580 193 3955 88 4064 27618 897 64 72 501 1498 236 250 1248 56 396 213
internal_count=39293 38612 36217 681 4644 224 136 2395 31573 457 221 580 193 3955 88 4064 27618 897 64 72 501 1498 236 250 1248 56 396 213
is_linear=0
shrinkage=0.05


Tree=11
num_leaves=31
num_cat=0
split_feature=17 2 19 19 19 25 5 19 4 7 13 1 18 6 1 1 18 23 19 23 10 5 21 6 19 2 10 7 18 23
split_gain=644873 293605 329704 188742 103704 120017 90523.9 82048.6 81313.3 76707.1 64027.3 59341.8 68531.1 53872.6 53596.4 49944.4 57618.9 44458 40225.8 38206.4 37780.4 22298.1 28782.9 21925.9 20537.3 19997.1 16054.3 9909.52 5603.92 4358.92
threshold=7.3000000000000016 113.50000000000001 2.100000000000001 28.199999999999999 13.1 0.42887605137607676 62.500000000000007 37.500000000000021 187.50000000000003 34.500000000000007 25.500000000000004 229.50000000000003 2.100000000000001 76.500000000000014 137.50000000000003 22.500000000000004 0.70000000000000018 0.3826834323650895 37.90000000000002 -0.16280825711808986 -3.4999999999999996 107.50000000000001 23.499999999999989 33.500000000000007 8.7000000000000046 243.50000000000003 22.500000000000004 114.50000000000001 10.100000000000003 -0.47114434510950048
decision_type=10 10 10 10 10 2 8 10 10 10 10 10 10 10 10 10 10 2 10 2 8 8 10 8 10 10 10 8 10 2
left_child=1 2 15 9 10 -6 7 17 11 21 -4 12 -3 23 -15 20 -17 -5 26 -9 -1 22 -2 -11 25 -10 -8 -26 -13 -23
right_child=3 8 4 6 5 -7 18 19 24 13 -12 28 -14 14 -16 16 -18 -19 -20 -21 -22 29 -24 -25 27 -27 -28 -29 -30 -31
leaf_value=0.149123470552425 0.28610249756031342 -0.42616078528462309 0.09591413870169116 1.0193963813781739 1.5100596730047393 0.14316852564851826 1.5647854794155469 2.8222265195846559 -1.0073145788427211 2.2793370366096499 0.51195901721217973 -1.6630252111525765 0.28803417139337106 3.7034154800268322 0.65771242901682858 -0.13228110479665406 0.38163693347178457 3.6666902690098206 0.049299475364387037 5.3937335161062387 -0.026939104444166154 -1.0086239874362946 1.3909435672144737 0.40672911085550578 -0.78751575607061397 -1.9807685995101929 3.2856213942818027 -0.089736110775114661 -2.8324797320365906 -0.083303985915013729
leaf_weight=4021 161 2182 1750 35 420 260 33 20 437 22 1961 21 397 52 20 13709 568 29 32 52 12579 20 93 54 150 60 23 77 20 35
leaf_count=4021 161 2182 1750 35 420 260 33 20 437 22 1961 21 397 52 20 13709 568 29 32 52 12579 20 93 54 150 60 23 77 20 35
internal_value=-0.00116967 -0.0280703 0.0143852 1.52407 0.419779 0.987425 2.71302 3.52156 -0.475833 0.941297 0.315764 -0.346224 -0.316221 1.8773 2.85739 -0.0432656 -0.111835 2.21895 1.46346 4.67943 0.0157083 0.492984 0.690631 0.9488 -0.944861 -1.12483 2.27156 -0.550824 -2.23349 -0.419784
internal_weight=39293 38612 35268 681 4391 680 224 136 3344 457 3711 2620 2579 148 72 30877 14277 64 88 72 16600 309 254 76 724 497 56 227 41 55
internal_count=39293 38612 35268 681 4391 680 224 136 3344 457 3711 2620 2579 148 72 30877 14277 64 88 72 16600 309 254 76 724 497 56 227 41 55
is_linear=0
shrinkage=0.05


Tree=12
num_leaves=30
num_cat=0
split_feature=17 3 19 19 8 5 19 9 4 12 6 19 10 3 25 17 18 19 13 18 0 19 9 22 10 19 25 18 15
split_gain=581998 265266 299086 170340 103886 81697.8 74048.9 68898.5 58045.9 53283 76708.9 48996.5 45745.2 44830.2 40379 39972.3 37597 36303.7 35443.6 31073.6 26815.9 19804.4 17731.6 16056.5 14519.2 14322.1 8127.98 4489.11 3149.7
threshold=7.3000000000000016 131.50000000000003 2.100000000000001 28.199999999999999 1.5000000000000002 62.500000000000007 37.500000000000021 -4.4999999999999991 75.500000000000014 14.423004471571931 65.500000000000014 18.300000000000004 93.500000000000014 115.50000000000001 0.56312986467441573 0.3000000000000001 0.70000000000000018 37.90000000000002 16.500000000000004 29.70000000000001 101.50000000000001 21.099999999999998 -15.499999999999998 0.58216583101416164 16.500000000000004 4.3000000000000034 0.60503365783732044 1.7000000000000004 1.9000000000000001
decision_type=10 10 10 10 10 8 10 10 10 8 10 10 10 10 2 8 10 10 10 10 2 10 10 2 10 10 2 10 10
left_child=1 2 8 9 18 6 19 22 16 10 21 -6 15 -12 -10 -9 -1 24 -4 -5 -8 -2 27 -14 -7 -24 28 -3 -11
right_child=3 7 4 5 11 17 20 12 14 26 13 -13 23 -15 -16 -17 -18 -19 -20 -21 -22 -23 25 -25 -26 -27 -28 -29 -30
leaf_value=-0.033373034192528926 0.61394360811526838 -1.2667921209335329 0.07117839707321795 2.9331826710119482 0.80556040891741287 1.381141136535283 5.2845065640240181 -0.4814584958156406 -0.40364439384536199 -0.030877365618944171 3.5676654815673832 2.0526122875670167 -1.067804735207132 1.0937140077523266 -0.082546481460648316 0.06421038642842937 0.28819989775484139 0.046834492869675164 0.39092797452576622 0.63703296845373902 3.335741061549033 1.8001112086432323 -0.93120304440140034 -2.9227096366882326 2.9923614360668043 -0.44847270950223461 -0.92634185791015633 -2.2631779744074896 0.5521075356130799
leaf_weight=26677 217 20 1253 41 486 29 41 871 1782 65 47 94 28 30 2173 546 941 32 2811 23 31 42 686 20 27 198 20 26 36
leaf_count=26677 217 20 1253 41 486 29 41 871 1782 65 47 94 28 30 2173 546 941 32 2811 23 31 42 686 20 27 198 20 26 36
internal_value=-0.00111119 -0.0266668 0.00703451 1.44786 0.381682 2.57737 3.34548 -0.536295 -0.0480716 0.894232 1.21822 1.00767 -0.322624 2.60379 -0.227223 -0.271201 -0.0224164 1.39029 0.292344 2.108 4.44545 0.806295 -0.872883 -1.84068 2.15798 -0.82308 -0.00543797 -1.82997 0.176919
internal_weight=39293 38612 36217 681 4644 224 136 2395 31573 457 336 580 1465 77 3955 1417 27618 88 4064 64 72 259 930 48 56 884 121 46 101
internal_count=39293 38612 36217 681 4644 224 136 2395 31573 457 336 580 1465 77 3955 1417 27618 88 4064 64 72 259 930 48 56 884 121 46 101
is_linear=0
shrinkage=0.05


Tree=13
num_leaves=29
num_cat=0
split_feature=17 2 19 19 8 9 7 23 7 4 19 10 18 11 1 24 18 13 18 18 12 21 12 9 22 7 7 18
split_gain=525253 242948 270218 153732 101057 88382.3 72753.2 77774.3 64588 54810.9 51060 45928.5 56899.5 44606.2 43698.2 40555.3 50855.8 37363.3 31468.8 21024.4 17868 26295.4 17141.1 16811.9 16230.7 12907.3 10641.3 4051.43
threshold=7.3000000000000016 113.50000000000001 2.100000000000001 28.199999999999999 1.5000000000000002 -4.4999999999999991 53.500000000000007 -0.16280825711808986 34.500000000000007 14.500000000000002 37.100000000000016 93.500000000000014 2.5000000000000013 1.5000000000000002 22.500000000000004 0.69325554713765702 19.300000000000001 16.500000000000004 0.70000000000000018 30.700000000000006 8.5673702552300828 20.099999999999991 18.285337392921363 -15.499999999999998 0.63405362205439497 45.500000000000007 27.500000000000004 1.7000000000000004
decision_type=10 10 10 10 10 10 8 2 10 10 10 10 10 10 10 2 10 10 10 10 8 10 8 8 2 10 10 10
left_child=1 2 13 8 17 23 7 22 20 -6 -9 12 -7 14 -1 16 -10 -4 -15 -8 21 -2 -5 27 -13 -25 -22 -3
right_child=3 5 4 6 9 11 19 10 15 -11 -12 24 -14 18 -16 -17 -18 -19 -20 -21 26 -23 -24 25 -26 -27 -28 -29
leaf_value=-0.0022895027922338884 0.20433323631161138 -1.2034525267221035 0.067870112679922545 0.45727382889460949 0.08922958965492199 -0.33482154751975957 2.1556290168762207 2.6398281653722129 0.84827533428743485 1.3155314061557875 4.9203003989325635 -0.99337725725613157 0.33245234611496982 0.086111701248907171 -0.13023352169808319 3.421870851516724 3.6102253818511962 0.39990284884672911 0.78100866366616073 0.29816829199687794 0.2106258176882333 1.4305345596354684 2.2213372600078585 -1.0265773853164482 -2.6998963393948294 -0.64467829341715277 -0.9523610838378469 -2.1500191138340878
leaf_weight=14213 95 20 1252 21 118 1809 25 45 100 400 54 38 388 3913 12581 28 20 2621 170 39 109 81 40 319 22 722 24 26
leaf_count=14213 95 20 1252 21 118 1809 25 45 100 400 54 38 388 3913 12581 28 20 2621 170 39 109 81 40 319 22 722 24 26
internal_value=-0.00105563 -0.0253334 0.0132862 1.37547 0.380292 -0.432641 2.4485 3.0184 0.849521 1.03618 3.88372 -0.254252 -0.216978 -0.0389054 -0.062365 1.70841 1.3086 0.292569 0.115044 1.02374 0.438144 0.768665 1.61404 -0.803041 -1.6191 -0.761706 0.00076352 -1.73847
internal_weight=39293 38612 35268 681 4391 3344 224 160 457 518 99 2257 2197 30877 26794 148 120 3873 4083 64 309 176 61 1087 60 1041 133 46
internal_count=39293 38612 35268 681 4391 3344 224 160 457 518 99 2257 2197 30877 26794 148 120 3873 4083 64 309 176 61 1087 60 1041 133 46
is_linear=0
shrinkage=0.05


Tree=14
num_leaves=29
num_cat=0
split_feature=17 3 19 19 8 7 23 7 9 0 25 19 19 6 0 21 17 10 0 25 7 6 12 21 0 8 19 25
split_gain=474041 219360 240581 138743 82743.8 65659.8 70191.3 58290.7 51505.6 49640.4 54203.7 46081.6 44789.6 41028.5 41713.2 38530.5 36395.3 34909.8 29857 24707.8 23638.2 19349.3 16125.9 23731.6 15518.7 15408.2 13969.9 10434.1
threshold=7.3000000000000016 134.50000000000003 2.100000000000001 28.199999999999999 1.5000000000000002 53.500000000000007 -0.16280825711808986 34.500000000000007 -4.4999999999999991 22.500000000000004 0.53435276464917691 37.100000000000016 18.300000000000004 76.500000000000014 144.50000000000003 59.400000000000048 0.3000000000000001 -3.4999999999999996 240.50000000000003 0.70252747416915695 27.500000000000004 33.500000000000007 8.5673702552300828 20.099999999999991 90.500000000000014 -4.4999999999999991 4.1000000000000023 0.60503365783732044
decision_type=10 10 10 10 10 8 2 10 10 2 2 10 10 10 2 10 8 8 2 2 10 8 8 10 2 10 10 2
left_child=1 2 9 7 15 6 24 22 25 17 -11 -8 -6 21 -15 -4 18 -1 -10 -7 -18 -9 23 -2 -5 -3 -27 -24
right_child=3 8 4 5 12 19 11 13 16 10 -12 -13 -14 14 -16 -17 20 -19 -20 -21 -22 -23 27 -25 -26 26 -28 -29
leaf_value=0.14374298497274038 0.19411657643945596 -2.1005790623751555 0.28343777973211692 0.39148398362100129 0.70106090985261327 0.020367875650073544 2.5078367357783851 2.0626150792972608 -0.43235234825457503 -0.20324066908826599 -0.013852628424606659 4.6742853871098271 1.876826719463486 3.224664912774013 0.53773510232567789 -0.77424802322956654 0.64190470636901209 -0.025233693204256665 -1.6280057081154415 1.9861672639846804 -0.16162016889920422 0.3034702753855123 0.19249175851748856 1.3590078357285189 2.0903353214263918 -0.87250014842181867 -0.40706030762916923 -1.0220288662683397
leaf_weight=4044 95 22 4000 20 491 33 45 22 772 7616 7497 54 97 52 20 88 118 12518 56 31 408 54 112 81 41 673 212 21
leaf_count=4044 95 22 4000 20 491 33 45 22 772 7616 7497 54 97 52 20 88 118 12518 56 31 408 54 112 81 41 673 212 21
internal_value=-0.00100285 -0.0240667 0.00565535 1.3067 0.340438 2.32608 2.86748 0.807045 -0.501921 -0.0437668 -0.109292 3.68954 0.895022 1.62299 2.4783 0.26067 -0.306603 0.0160259 -0.513218 0.972552 0.0186383 0.812696 0.416237 0.730231 1.53333 -0.793497 -0.761005 0.000725344
internal_weight=39293 38612 36351 681 4676 224 160 457 2261 31675 15113 99 588 148 72 4088 1354 16562 828 64 526 76 309 176 61 907 885 133
internal_count=39293 38612 36351 681 4676 224 160 457 2261 31675 15113 99 588 148 72 4088 1354 16562 828 64 526 76 309 176 61 907 885 133
is_linear=0
shrinkage=0.05


Tree=15
num_leaves=31
num_cat=0
split_feature=17 21 1 19 8 7 8 19 7 13 24 8 17 19 3 25 0 18 21 20 5 3 22 20 7 5 10 3 20 10
split_gain=431794 221137 216230 140968 117312 72791.7 69029.2 70310.4 68004.5 89987.9 66975.5 63356.1 53833.7 55529.2 41053 48108.7 36605.3 46979.1 34943.4 31354.7 29446.9 28023.9 23453.6 22078.7 17191.8 11600.7 10525.8 9179.46 6056.16 3346.05
threshold=2.9000000000000012 24.299999999999994 116.50000000000001 0.90000000000000013 1.0000000180025095e-35 33.500000000000007 1.5000000000000002 18.900000000000002 73.500000000000014 83.500000000000014 0.47494667389482614 -1.0000000180025095e-35 9.9000000000000039 37.100000000000016 38.500000000000007 0.51972456038539816 223.50000000000003 2.5000000000000013 58.500000000000064 30.400000000000009 157.50000000000003 217.50000000000003 -0.63405362205439475 7.5000000000000027 43.500000000000007 108.50000000000001 90.500000000000014 41.500000000000007 11.5 5.5000000000000009
decision_type=10 10 10 10 10 10 10 10 10 10 2 10 10 8 10 2 2 10 10 10 8 8 2 8 8 10 10 10 10 10
left_child=2 5 3 14 10 23 19 -8 9 -7 18 21 20 -14 22 -16 17 -13 -3 -5 -6 24 -1 29 -4 -23 -18 -25 -10 -2
right_child=1 4 11 6 12 8 7 -9 28 -11 -12 16 13 -15 15 -17 26 -19 -20 -21 -22 25 -24 27 -26 -27 -28 -29 -30 -31
leaf_value=-0.090613405611733144 -0.18284690204745857 0.62450721896987749 -0.95248554905009419 0.21051509267903309 1.630602426352227 1.0083259726411913 0.60891239799616148 2.5824866934149875 -0.31069254646562555 3.726900885920776 2.5555079149572477 -0.22797790515389724 1.8715982175882786 3.6023569896414473 -0.27094789192799068 -0.038908824279875839 -0.84987205613348926 0.67339232117803993 -0.79752829328312413 -0.42810199090942219 0.052327165927957088 -1.8114879681139577 0.028370978768260252 0.19986734529663075 -0.48502239240016271 -0.95710295465996575 -2.156963014602661 0.83139999080449345 0.67135742232203488 -0.63776435038695745
leaf_weight=5835 256 189 232 4392 226 153 392 51 73 38 38 906 124 74 3769 5484 67 172 56 201 34 49 14271 570 1292 210 20 64 20 48
leaf_count=5835 256 189 232 4392 226 153 392 51 73 38 38 906 124 74 3769 5484 67 172 56 201 34 49 14271 570 1292 210 20 64 20 48
internal_value=-0.00157467 0.721234 -0.0395704 -0.00434631 1.40274 0.307983 0.240058 0.836118 1.00931 1.54919 0.602401 -0.450538 1.89727 2.51845 -0.0462695 -0.133425 -0.163781 -0.08416 0.299471 0.182568 1.42421 -0.637902 -0.0061597 0.0956423 -0.556185 -1.11874 -1.15035 0.263618 -0.099499 -0.254676
internal_weight=39306 1963 37343 34395 741 1222 5036 443 284 191 283 2948 458 198 29359 9253 1165 1078 245 4593 260 1783 20106 938 1524 259 87 634 93 304
internal_count=39306 1963 37343 34395 741 1222 5036 443 284 191 283 2948 458 198 29359 9253 1165 1078 245 4593 260 1783 20106 938 1524 259 87 634 93 304
is_linear=0
shrinkage=0.05


Tree=16
num_leaves=29
num_cat=0
split_feature=17 21 2 18 8 6 7 7 6 24 9 8 13 6 6 4 13 18 21 20 6 11 8 4 4 20 20 21
split_gain=389694 199576 197640 122938 105874 67037.6 65694.5 61374.1 117065 60445.4 58700.6 54118.9 52784 68005.5 50947 39074.3 35342.9 39574.9 31536.4 20377.4 15959.4 13531.3 10846 6486.67 6335.93 5465.68 4552.54 3604.84
threshold=2.9000000000000012 24.299999999999994 116.50000000000001 0.70000000000000018 1.0000000180025095e-35 -4.4999999999999991 33.500000000000007 73.500000000000014 77.500000000000014 0.47494667389482614 -6.4999999999999991 2.5000000000000004 12.500000000000002 16.500000000000004 25.500000000000004 41.500000000000007 240.50000000000003 1.9000000000000006 58.500000000000064 11.5 89.500000000000014 -18.499999999999996 -4.4999999999999991 279.50000000000006 34.500000000000007 11.5 7.5000000000000027 6.7000000000000046
decision_type=10 10 10 10 10 8 10 10 10 2 10 10 10 8 8 10 10 10 10 8 10 10 10 8 10 10 10 10
left_child=2 6 3 11 9 -6 19 8 -8 18 22 15 27 -14 -7 -1 17 -12 -3 26 -13 -18 -4 -24 -21 -9 -2 -5
right_child=1 4 10 12 5 14 7 25 -10 -11 16 20 13 -15 -16 -17 21 -19 -20 24 -22 -23 23 -25 -26 -27 -28 -29
leaf_value=-0.0033955878423515707 -0.24194217383689984 0.59328185934474864 -1.9469190498193105 -0.13207351077805191 4.0095239579677582 0.76848590863822419 0.81453214582030808 -0.29515791608862679 3.8032383782523023 2.4277325583915963 -0.34905783517128014 0.55329172737021681 0.79877139987710388 0.22714212569020306 1.9810128520844412 -0.12583282233773058 -2.0676185639008233 0.26898162156095107 -0.7576518736380552 0.27138071605320074 1.9303357113962587 -0.7889446188089918 -0.79797184603524185 -1.3877313134188836 0.82311834917693849 0.63778956547379506 0.05706984438512424 0.095975867198345818
leaf_weight=21576 304 189 24 550 32 121 149 73 42 38 1896 247 761 1645 305 9336 23 300 56 354 23 206 451 52 61 20 219 253
leaf_count=21576 304 189 24 550 32 121 149 73 42 38 1896 247 761 1645 305 9336 23 300 56 354 23 206 451 52 61 20 219 253
internal_value=-0.00149593 0.685172 -0.0375919 -0.0038912 1.3326 1.8024 0.292584 0.95884 1.47173 0.572281 -0.430207 -0.0342177 0.290793 0.407944 1.63661 -0.0403739 -0.326267 -0.264626 0.284497 0.0908602 0.670595 -0.91737 -0.908488 -0.858941 0.35248 -0.094524 -0.116734 -0.0602223
internal_weight=39306 1963 37343 34391 741 458 1222 284 191 283 2952 31182 3209 2406 426 30912 2425 2196 245 938 270 229 527 503 415 93 523 803
internal_count=39306 1963 37343 34391 741 458 1222 284 191 283 2952 31182 3209 2406 426 30912 2425 2196 245 938 270 229 527 503 415 93 523 803
is_linear=0
shrinkage=0.05


Tree=17
num_leaves=30
num_cat=0
split_feature=17 21 2 19 8 19 25 7 7 5 24 9 17 19 1 20 23 2 18 2 5 20 18 22 8 19 14 20 20
split_gain=351699 180118 178370 118780 95551.4 59762.7 122408 59289.3 55390.1 65637.5 54551.9 52977.3 47137.1 48824.3 34912.1 35950.2 33020.2 31707 46669.6 28560.3 26998.7 18390.6 18093.9 15505.5 9788.5 12757.2 9005.05 4932.78 4194.63
threshold=2.9000000000000012 24.299999999999994 116.50000000000001 0.90000000000000013 1.0000000180025095e-35 13.5 0.42887605137607676 33.500000000000007 73.500000000000014 66.500000000000014 0.47494667389482614 -6.4999999999999991 9.9000000000000039 40.70000000000001 13.500000000000002 45.400000000000034 0.68322629814330826 185.50000000000003 2.100000000000001 169.50000000000003 157.50000000000003 11.5 12.900000000000004 -0.68322629814330782 -4.4999999999999991 4.5000000000000027 -12.499999999999998 11.5 6.5000000000000044
decision_type=10 10 10 10 10 10 2 10 10 10 2 10 10 8 10 10 2 10 10 10 8 8 10 2 10 10 10 10 8
left_child=2 7 3 14 10 16 -7 21 9 -9 19 24 20 -14 23 -16 -5 18 -13 -3 -6 28 -19 -1 -4 -26 -23 -10 -2
right_child=1 4 11 5 12 6 -8 8 27 -11 -12 17 13 -15 15 -17 -18 22 -20 -21 -22 26 -24 -25 25 -27 -28 -29 -30
leaf_value=-0.072607224240957266 -0.2646612748623981 0.55731618394246274 -1.8495730962604284 0.084003397489638032 1.4672526068392053 1.5316232981261599 -0.20880723035548418 0.94381947087414275 -0.28040001996575969 3.2891360605085218 2.3063459429301711 -0.3188982264919426 1.7820124606434391 3.4986832489401607 -0.089544626244792216 2.0315214741230014 0.37873379865403145 -0.63634600156015653 0.41223963984553835 -0.74501322251227176 -0.043990449782680068 -0.0042913197196627921 -2.1785248785931617 0.057881288725497339 -0.9546260735570149 -0.35862650048528982 0.49480775831571072 0.60590007061138751 0.019502430896738764
leaf_weight=3074 240 191 24 3298 226 239 175 154 73 37 38 1768 139 59 17474 20 1335 388 249 54 34 133 20 8776 386 117 282 20 283
leaf_count=3074 240 191 24 3298 226 239 175 154 73 37 38 1768 139 59 17474 20 1335 388 249 54 34 133 20 8776 386 117 282 20 283
internal_value=-0.00142114 0.650914 -0.0357123 -0.00369664 1.26597 0.220362 0.795934 0.277955 0.910898 1.39815 0.543667 -0.408696 1.71228 2.29355 -0.0422335 -0.0871197 0.16893 -0.309953 -0.228639 0.270272 1.26963 0.0863172 -0.711943 0.0240314 -0.863064 -0.815994 0.334856 -0.0897978 -0.110898
internal_weight=39306 1963 37343 34391 741 5047 414 1222 284 191 283 2952 458 198 29344 17494 4633 2425 2017 245 260 938 408 11850 527 503 415 93 523
internal_count=39306 1963 37343 34391 741 5047 414 1222 284 191 283 2952 458 198 29344 17494 4633 2425 2017 245 260 938 408 11850 527 503 415 93 523
is_linear=0
shrinkage=0.05


Tree=18
num_leaves=31
num_cat=0
split_feature=17 21 3 19 13 14 19 14 9 19 6 5 4 12 25 13 1 19 21 19 1 25 21 11 21 21 19 12 18 6
split_gain=317408 162556 161872 101570 89551.7 101398 61024.9 56912.1 52099 53509.4 51532.4 135526 41359.8 39528.5 36026.7 35173.6 34281.6 39981.4 51981 30991.3 29290.3 26852.9 16358.2 16196.3 15102.8 15733.7 14215.4 13647.9 3519.13 3355.56
threshold=2.9000000000000012 24.299999999999994 136.50000000000003 0.90000000000000013 151.50000000000003 25.500000000000004 39.70000000000001 -9.4999999999999982 3.5000000000000004 18.100000000000005 75.500000000000014 83.500000000000014 75.500000000000014 32.092387620976247 0.99962961997441069 142.50000000000003 219.50000000000003 2.100000000000001 7.0000000000000044 10.500000000000002 243.50000000000003 0.56312986467441573 51.70000000000001 -27.499999999999996 9.2000000000000046 9.6000000000000032 17.700000000000006 32.092387620976247 6.3000000000000034 -6.4999999999999991
decision_type=10 10 10 10 10 8 8 10 10 10 10 10 10 10 2 10 10 10 10 10 10 2 10 8 10 10 10 10 8 8
left_child=2 10 3 12 5 7 -7 -3 15 -10 24 19 14 22 -1 -5 17 27 -19 -12 -15 -14 -6 -18 29 -26 -25 -4 -13 -2
right_child=1 4 16 8 13 6 -8 -9 9 -11 11 28 21 20 -16 -17 23 18 -20 -21 -22 -23 -24 26 25 -27 -28 -29 -30 -31
leaf_value=-0.028096086144611201 -0.39246621199192538 3.2194643178582192 -0.50895929932525275 0.15058665675983643 0.19558104841873564 1.7668609914606188 3.5309370350837712 0.41538574088560909 0.40737178696279025 1.6698967343315165 4.8171728724525096 -0.30021272422029427 -0.35500116352776345 1.7631592608334725 0.70645234811042135 -0.54971471357951196 -2.1751837904636679 1.0667082055701929 -0.25668676661627293 2.1870189984639485 0.010830782172156543 -0.082486744890943542 -1.0594951784357112 -1.118568917286807 1.5035965949296952 0.26920789287169783 -0.31328933878801762 -1.0207298938744989 0.48022319853305817 0.0011135530190229
leaf_weight=26109 62 20 877 4356 58 268 60 190 783 94 21 52 1617 57 168 187 26 85 584 24 41 2050 47 174 27 588 80 153 20 428
leaf_count=26109 62 20 877 4356 58 268 60 190 783 94 21 52 1617 57 168 187 26 85 584 24 41 2050 47 174 27 588 80 153 20 428
internal_value=-0.00135008 0.618368 -0.0339267 -0.00930071 1.20267 1.54031 2.08956 0.682441 0.189871 0.542694 0.264057 1.2619 -0.0453517 0.30784 -0.0233998 0.121761 -0.473983 -0.389502 -0.0885424 3.41442 1.03004 -0.202655 -0.366215 -0.986603 0.158403 0.323401 -0.864938 -0.58498 -0.083425 -0.0486863
internal_weight=39306 1963 37343 35364 741 538 328 210 5420 877 1222 117 29944 203 26277 4543 1979 1699 669 45 98 3667 105 280 1105 615 254 1030 72 490
internal_count=39306 1963 37343 35364 741 538 328 210 5420 877 1222 117 29944 203 26277 4543 1979 1699 669 45 98 3667 105 280 1105 615 254 1030 72 490
is_linear=0
shrinkage=0.05


Tree=19
num_leaves=30
num_cat=0
split_feature=18 0 9 21 0 19 19 23 24 4 9 25 23 6 0 25 24 6 14 10 10 23 24 20 0 20 20 19 8
split_gain=287054 143607 142403 107617 99366.5 74755.1 68062.3 51093.3 57439.4 39684.4 33280.6 32763.1 70761 31457 31422.3 35379.8 28378.8 87697.3 27838.6 25252 23507.6 22420.1 19237.6 14047 13084.6 12685.2 11346.3 8125.62 3602.27
threshold=4.5000000000000027 116.50000000000001 1.5000000000000002 24.800000000000008 229.50000000000003 0.70000000000000018 45.70000000000001 0.63405362205439486 0.96900085243778589 187.50000000000003 -5.4999999999999991 0.70252747416915695 0.22695468355932433 74.500000000000014 17.500000000000004 0.51972456038539816 0.69325554713765702 25.500000000000004 66.500000000000014 -10.499999999999998 -3.4999999999999996 0.44228869021900113 -0.47494667389482603 14.899999999999999 240.50000000000003 14.200000000000005 18.700000000000006 2.100000000000001 -2.4999999999999996
decision_type=10 2 10 10 2 10 8 2 2 8 8 2 2 10 2 2 2 10 10 8 8 2 2 10 2 8 10 8 10
left_child=1 5 10 13 6 14 -5 19 -9 11 28 22 -13 23 20 -16 25 -18 -15 -7 -1 -6 -3 -4 27 -12 -26 -11 -2
right_child=2 9 3 4 21 7 -8 8 -10 24 16 12 -14 18 15 -17 17 -19 -20 -21 -22 -23 -24 -25 26 -27 -28 -29 -30
leaf_value=0.13043363220030829 -1.4876304721832276 -0.31161748532630656 0.025110597535967828 1.4001424291631581 0.35220609505971279 -0.62503880094736819 3.1710142753163324 0.31471327372323549 1.4018289965346344 -0.82027005312577739 0.011834662622763892 -0.4193977556832425 0.46745165135672828 2.8435236806454869 -0.15832498614280788 -0.0060331187053811455 0.19769809909842231 3.4104099818638396 0.59121600205407432 0.090007474561586157 -0.021771770260034923 -1.5714067829506737 -0.75456888761915519 0.60306120247531669 -2.0174516562492619 0.3425005065024222 -0.8845766644779739 -0.45141424196418267 -0.66188364710126613
leaf_weight=3380 25 787 268 491 33 128 61 1406 133 265 676 539 386 23 8291 7062 88 28 34 3490 10169 28 356 173 31 508 77 342 28
leaf_count=3380 25 787 268 491 33 128 61 1406 133 265 676 539 386 23 8291 7062 88 28 34 3490 10169 28 356 173 31 508 77 342 28
internal_value=-0.00128258 -0.0362265 0.521202 0.940672 1.38422 -0.00800841 1.59584 0.167355 0.408662 -0.381566 0.17676 -0.270546 -0.0493179 0.394702 -0.0392987 -0.0882745 0.22683 0.97318 1.50004 0.0647101 0.0161981 -0.530764 -0.44958 0.251835 -0.702669 0.153708 -1.20975 -0.612447 -1.05139
internal_weight=39306 36842 2464 1111 613 34059 552 5157 1539 2783 1353 2068 925 498 28902 15353 1300 116 57 3618 13549 61 1143 441 715 1184 108 607 53
internal_count=39306 36842 2464 1111 613 34059 552 5157 1539 2783 1353 2068 925 498 28902 15353 1300 116 57 3618 13549 61 1143 441 715 1184 108 607 53
is_linear=0
shrinkage=0.05


Tree=20
num_leaves=28
num_cat=0
split_feature=8 9 15 18 21 19 23 2 13 19 25 23 19 2 3 20 4 14 23 3 5 19 11 19 19 7 4
split_gain=282409 130128 121259 109793 55211.8 56485.1 50221.9 49268.8 41615.1 59247.2 49518.1 39851.7 37646.2 28328.3 23141.1 19807.7 19803.7 16795.6 13511.5 11884.3 11230.4 10037.4 8213.61 5414.33 4805.67 3722.63 1270.52
threshold=1.5000000000000002 -5.4999999999999991 0.70000000000000018 0.70000000000000018 58.500000000000064 13.1 -0.22695468355932455 40.500000000000007 216.50000000000003 19.900000000000006 -0.76107606668641947 0.96592582628906831 35.100000000000016 141.50000000000003 20.500000000000004 3.5000000000000013 39.500000000000007 21.500000000000004 -0.47114434510950048 82.500000000000014 103.50000000000001 4.5000000000000027 3.5000000000000004 40.200000000000017 30.700000000000006 5.5000000000000009 71.500000000000014
decision_type=10 8 10 10 10 8 2 10 10 10 2 2 10 10 8 10 10 10 2 10 10 10 10 10 10 10 10
left_child=1 19 8 7 5 -5 14 15 9 11 -11 -2 17 -9 -4 -3 -14 -8 -10 26 23 -22 -20 -21 -6 -16 -1
right_child=2 3 6 4 24 -7 12 13 18 10 -12 -13 16 -15 25 -17 -18 -19 22 20 21 -23 -24 -25 -26 -27 -28
leaf_value=0.32103984313351769 0.30879376113728041 -0.019315355295804235 -0.4634112249921869 0.16330179932026001 -0.45586576668415657 0.63070981560803963 0.8198872383487853 -0.11769341567225303 0.29396950420923534 2.8044237219769026 0.85847072203734287 1.2057298133662646 4.1148013945548767 -0.4765644635688322 0.79956389720793131 0.16026970340249999 2.2017013644178709 2.2205629747741078 -1.5908283175844136 -0.89762911445328175 -0.66505785353398061 -0.19596175576078481 -0.35996432667193207 -1.7004758536815645 -1.036237546602885 1.5486435890197754 -0.1472713932953775
leaf_weight=28 1207 19321 27 3972 172 772 38 9970 26 46 113 138 31 582 27 1668 24 49 33 168 534 145 23 24 45 43 30
leaf_count=28 1207 19321 27 3972 172 772 38 9970 26 46 113 138 31 582 27 1668 24 49 33 168 534 145 23 24 45 43 30
internal_value=-0.000221811 -0.0298341 0.60713 -0.0149615 0.203689 0.239364 1.65703 -0.0493525 0.448917 0.50872 1.42145 0.400821 2.25608 -0.137487 0.78008 -0.0050437 3.27999 1.60877 -0.647967 -0.614206 -0.660354 -0.564883 -1.08529 -0.997985 -0.576219 1.25971 0.0788099
internal_weight=39256 37431 1825 36502 4961 4744 239 31541 1586 1504 159 1345 142 10552 97 20989 55 87 82 929 871 679 56 192 217 70 58
internal_count=39256 37431 1825 36502 4961 4744 239 31541 1586 1504 159 1345 142 10552 97 20989 55 87 82 929 871 679 56 192 217 70 58
is_linear=0
shrinkage=0.05


Tree=21
num_leaves=29
num_cat=0
split_feature=8 16 3 18 10 4 23 18 20 17 1 4 25 3 4 19 14 25 7 10 20 18 19 19 5 20 4 17
split_gain=254874 122246 119354 120266 67494.8 46506.4 46308.5 43753.6 50229.1 41924.3 34441 33427 30387.7 30327.8 29630.1 38958.6 27631.7 39411.6 22019.1 21164.2 15864.5 15123.8 10226.2 14929 8681.76 8200.77 6576.27 1830.61
threshold=1.5000000000000002 1.1000000000000003 127.50000000000001 0.70000000000000018 92.500000000000014 8.5000000000000018 0.13052619222005149 1.3000000000000003 4.7000000000000037 8.7000000000000028 38.500000000000007 22.500000000000004 0.57727023316007786 185.50000000000003 79.500000000000014 35.100000000000016 122.50000000000001 0.86527520261780289 106.50000000000001 -3.4999999999999996 33.900000000000013 4.900000000000003 45.500000000000021 2.7000000000000015 41.500000000000007 5.3000000000000034 99.500000000000014 5.5000000000000027
decision_type=10 8 10 10 10 10 2 10 8 10 10 8 2 10 10 10 8 2 10 10 10 8 10 10 8 8 10 8
left_child=2 4 3 10 7 25 11 20 -9 -7 19 27 -12 16 15 -8 21 -18 -16 -1 -2 -4 23 -15 -13 -5 -6 -3
right_child=1 6 13 5 26 9 14 8 -10 -11 12 24 -14 22 18 -17 17 -19 -20 -21 -22 -23 -24 -25 -26 -27 -28 -29
leaf_value=0.076545539760064812 0.29143644004492414 -0.62508700087666513 -0.68639344561879889 -0.1757585530049435 -1.9815466774834527 0.2975567658921876 1.7103375605948561 2.1479288666043432 0.63439044680261103 1.0960568862228557 -0.20886064650809125 1.7535337198864331 -0.035613596655959139 -0.84451294236104291 -0.036398542385834919 3.5252715965112054 -0.17964585330222452 1.4179752185940744 2.1703210794925689 -0.035379636672670745 -0.84039179114624862 0.043783936316476146 -1.5776293055764561 -0.36059068874642253 0.91668178500004227 0.086908298779641457 -0.80179917131151479 -0.0032850484957854297
leaf_weight=5943 953 20 428 505 27 2974 77 64 382 174 4694 55 5493 340 26 48 1105 40 20 14599 32 85 29 300 71 722 21 29
leaf_count=5943 953 20 428 505 27 2974 77 64 382 174 4694 55 5493 340 26 48 1105 40 20 14599 32 85 29 300 71 722 21 29
internal_value=-0.000210721 0.576774 -0.0283424 -0.00535486 0.378845 0.239917 1.42283 0.440706 0.85158 0.341692 -0.0402751 0.851039 -0.115443 -0.375121 2.00801 2.40727 -0.260461 -0.123834 0.923045 -0.0029986 0.254666 -0.565409 -0.659287 -0.617674 1.28197 -0.0211983 -1.46541 -0.257082
internal_weight=39256 1825 37431 35104 1479 4375 346 1431 446 3148 30729 175 10187 2327 171 125 1658 1145 46 20542 985 513 669 640 126 1227 48 49
internal_count=39256 1825 37431 35104 1479 4375 346 1431 446 3148 30729 175 10187 2327 171 125 1658 1145 46 20542 985 513 669 640 126 1227 48 49
is_linear=0
shrinkage=0.05


Tree=22
num_leaves=28
num_cat=0
split_feature=8 16 9 18 10 1 19 1 19 25 23 23 4 4 19 25 23 24 10 3 22 7 24 19 7 12 4
split_gain=230024 110327 109451 89822.8 60914.1 48167.3 43453.7 42183.8 42148.7 57901.6 41793.4 37532.1 30167.9 26741.1 35160.2 24911.5 24530 21335 13460.4 10091.3 9429.08 9970.08 9295.84 8457.42 7592.96 1286.63 1108.78
threshold=1.5000000000000002 1.1000000000000003 -5.4999999999999991 0.70000000000000018 92.500000000000014 172.50000000000003 10.600000000000003 70.500000000000014 19.699999999999999 -0.90146829171281539 0.13052619222005149 0.96592582628906831 22.500000000000004 79.500000000000014 35.100000000000016 0.99962961997441069 -0.41248606129204524 -0.67125374152323936 44.500000000000007 82.500000000000014 -0.32143946530316159 114.50000000000001 0.14153898451656993 37.300000000000018 49.500000000000007 4.7096894114428283 71.500000000000014
decision_type=10 8 8 10 10 10 8 10 10 2 2 2 8 10 10 2 2 2 10 10 2 10 2 10 10 8 10
left_child=2 4 19 7 8 6 -5 15 11 -10 12 -2 25 14 -12 -4 -9 -15 -7 26 24 -22 -6 -14 -21 -3 -1
right_child=1 10 3 5 22 18 -8 16 9 -11 13 -13 23 17 -16 -17 -18 -19 -20 20 21 -23 -24 -25 -26 -27 -28
leaf_value=0.30202700751168388 0.23785955510053958 0.0068076980113983155 -0.022080819522323141 0.13479353411510783 -2.032193237543106 -0.41508389272028579 0.49328104382656601 -0.30650347845176035 3.420449211120606 0.76952958807635774 1.6248206634800155 1.1307700895853625 0.92302704198083974 -0.067529115310082072 3.3490079601605736 0.70298595227078076 -0.084705812104951192 2.1046406555175783 -1.7755276155471802 -0.69551851362795447 -0.87500797219034299 -0.44338330750783483 -0.63570645722475927 1.7870018234086591 -0.16801705682850154 -0.50572284914281529 -0.13546181255951525
leaf_weight=28 1158 25 26259 3640 26 200 1101 2104 25 117 77 131 83 26 48 119 3059 20 20 111 375 208 22 43 177 24 30
leaf_count=28 1158 25 26259 3640 26 200 1101 2104 25 117 77 131 83 26 48 119 3059 20 20 111 375 208 22 43 177 24 30
internal_value=-0.000200185 0.547935 -0.0269253 -0.0132853 0.359903 0.184484 0.218045 -0.0443918 0.418671 1.23624 1.35169 0.328605 0.808487 1.90761 2.28691 -0.0188098 -0.175092 0.876893 -0.538761 -0.562864 -0.605388 -0.721015 -1.39214 1.21788 -0.371325 -0.244228 0.0757397
internal_weight=39256 1825 37431 36502 1479 4961 4741 31541 1431 142 346 1289 175 171 125 26378 5163 46 220 929 871 583 48 126 288 49 58
internal_count=39256 1825 37431 36502 1479 4961 4741 31541 1431 142 346 1289 175 171 125 26378 5163 46 220 929 871 583 48 126 288 49 58
is_linear=0
shrinkage=0.05


Tree=23
num_leaves=29
num_cat=0
split_feature=8 0 16 18 10 13 21 20 18 21 23 7 4 4 19 0 24 10 19 25 20 1 19 24 19 1 16 7
split_gain=207597 102430 99570 96663.3 54974.9 46516 41159 55185.7 38144.2 52735.2 37718.6 37170.5 27259.7 24133.9 31838.8 22508.3 19254.9 17560.6 18785.2 22860.2 14404 9977.99 9034.61 8389.49 6047.41 3270.75 1637.65 1315.44
threshold=1.5000000000000002 169.50000000000003 1.1000000000000003 0.70000000000000018 92.500000000000014 108.50000000000001 58.500000000000064 14.899999999999999 1.3000000000000003 4.7000000000000028 0.13052619222005149 60.500000000000007 13.500000000000002 79.500000000000014 35.100000000000016 -2.4999999999999996 -0.67125374152323936 80.500000000000014 2.7000000000000015 0.87377473702374975 33.900000000000013 243.50000000000003 37.100000000000016 0.14153898451656993 17.500000000000007 243.50000000000003 2.7000000000000011 151.50000000000003
decision_type=10 2 8 10 10 10 10 10 10 8 2 10 8 10 8 2 2 8 10 2 10 8 8 2 10 8 10 8
left_child=1 3 4 5 8 15 7 -5 20 -10 12 -7 26 14 -12 -1 -15 18 21 -20 -2 -3 -14 -6 -8 27 -4 -19
right_child=2 17 10 6 23 11 24 -9 9 -11 13 -13 22 16 -16 -17 -18 25 19 -21 -22 -23 -24 -25 -26 -27 -28 -29
leaf_value=0.081037280923748317 0.25906879236444769 -0.66846206523292695 -0.058443116755224768 0.13713489714160743 -1.9305835599509571 -0.5066948230499807 -0.31501362016706758 0.56524574900199576 2.2944654212862838 0.58600791662601359 1.4766408635696895 -0.11821925587158458 0.78398816994873877 -0.064152662570659935 3.0875721119068289 -0.043266345607500409 1.999408648610115 -1.3680295662446458 -0.34813235649985974 1.182722937143766 -0.81940327184274797 -1.7620410225608134 1.6245134287263054 -0.60392112332311543 -0.9197029432780307 -1.8654710588001071 -0.69829726576805118 -0.80775200963020333
leaf_weight=4278 953 402 20 3685 26 874 99 946 51 395 71 2084 83 26 54 24488 20 22 393 26 32 22 52 22 71 21 20 20
leaf_count=4278 953 402 20 3685 26 874 99 946 51 395 71 2084 83 26 54 24488 20 22 393 26 32 22 52 22 71 21 20 20
internal_value=-0.000190176 -0.025579 0.520538 -0.0125522 0.341907 -0.0441952 0.196538 0.224587 0.397738 0.78137 1.28411 -0.233002 0.768062 1.81223 2.17256 -0.0247803 0.833048 -0.550749 -0.490572 -0.253139 0.224032 -0.725204 1.10775 -1.32253 -0.56756 -1.35598 -0.37837 -1.10123
internal_weight=39256 37431 1825 36525 1479 31724 4801 4631 1431 446 346 2958 175 171 125 28766 46 906 843 419 985 424 135 48 170 63 40 42
internal_count=39256 37431 1825 36525 1479 31724 4801 4631 1431 446 346 2958 175 171 125 28766 46 906 843 419 985 424 135 48 170 63 40 42
is_linear=0
shrinkage=0.05


Tree=24
num_leaves=29
num_cat=0
split_feature=8 0 16 18 10 0 24 19 5 23 23 0 19 0 18 25 4 0 19 10 14 5 4 5 22 24 10 17
split_gain=187356 92861.8 89861.9 86948.6 49614.9 41776.2 54859.4 37864.8 53314.5 34041 32924.6 27267.7 32277.9 26098 28321.2 36155.8 24745.9 23050 21082.3 17104.2 16364.5 12529.2 11207.2 7982.71 7925.59 7571.52 6531.12 1524.12
threshold=1.5000000000000002 125.50000000000001 1.1000000000000003 0.70000000000000018 92.500000000000014 8.5000000000000018 0.45972848220565493 19.699999999999999 52.500000000000007 0.13052619222005149 0.96592582628906831 13.500000000000002 16.500000000000007 185.50000000000003 2.5000000000000013 0.86527520261780289 22.500000000000004 141.50000000000003 32.70000000000001 -2.4999999999999996 113.50000000000001 83.500000000000014 172.50000000000003 41.500000000000007 0.81241147629689026 0.14153898451656993 -7.4999999999999991 5.5000000000000027
decision_type=10 2 8 10 10 2 2 10 10 2 2 2 10 2 10 2 8 2 8 8 8 10 8 8 2 2 8 8
left_child=1 3 4 11 7 26 -7 10 -9 16 -2 19 -13 14 20 -16 27 18 -11 -1 -3 24 -23 -18 -15 -6 -5 -4
right_child=2 13 9 5 25 6 -8 8 -10 17 -12 12 -14 21 15 -17 23 -19 -20 -21 -22 22 -24 -25 -26 -27 -28 -29
leaf_value=0.11235942888233828 0.20749113092034902 -0.58119643525268039 -0.55956029960885645 0.72691729252155013 -1.8340544111453572 0.20188497415528428 0.74472268194964175 2.3186932177379211 0.3477093865584937 1.4192558719148469 1.0438004999101618 -0.073733681713089486 1.7610971125463646 -0.72808028569687977 0.032019172238009007 1.8302622365765275 1.552614446336573 0.1265397569537163 2.612450284591088 -0.015578468143667821 -0.21053933002774938 0.42005957186222082 -0.5751406988281581 0.75016086017581785 -1.6969913617158547 -0.57372507662935701 -0.074811124462398335 0.0078052959565458636
leaf_weight=3831 1158 411 20 26 26 2663 564 58 84 86 131 18649 24 46 221 32 55 20 65 8213 1081 30 496 71 39 22 1105 29
leaf_count=3831 1158 411 20 26 26 2663 564 58 84 86 131 18649 24 46 221 32 55 20 65 8213 1081 30 496 71 39 22 1105 29
internal_value=-0.000180667 -0.0243001 0.494511 -0.00388919 0.324812 0.205112 0.29676 0.377851 1.15276 1.2199 0.292485 -0.0335414 -0.0713754 -0.328167 -0.229696 0.259465 0.729659 1.72161 1.93288 0.0251165 -0.312644 -0.609398 -0.51838 1.10044 -1.17264 -1.2564 -0.0563806 -0.223772
internal_weight=39256 37431 1825 35075 1479 4358 3227 1431 142 346 1289 30717 18673 2356 1745 253 175 171 151 12044 1492 611 526 126 85 48 1131 49
internal_count=39256 37431 1825 35075 1479 4358 3227 1431 142 346 1289 30717 18673 2356 1745 253 175 171 151 12044 1492 611 526 126 85 48 1131 49
is_linear=0
shrinkage=0.05


Tree=25
num_leaves=28
num_cat=0
split_feature=17 9 18 12 24 21 21 0 12 11 14 24 23 24 13 22 20 9 21 23 13 16 12 7 23 18 10
split_gain=177999 88142.2 95004.4 49574.2 45643.4 40776.7 41942.5 40301.8 39263.6 34937 25824.1 25272.8 24791.9 22940.4 17964.1 16669.4 20274 16627.3 11253.4 10402.3 10019.3 8856.05 8343.26 6836.32 5547.7 4806.49 2799.25
threshold=9.7000000000000028 -3.4999999999999996 1.1000000000000003 1.6884663096886354 0.45972848220565493 33.499999999999993 75.300000000000082 62.500000000000007 19.032937356625684 1.5000000000000002 25.500000000000004 -0.80392051724781066 -0.19509032201612839 -0.86529924138975423 113.50000000000001 -0.77259657388510594 45.400000000000034 1.5000000000000002 0.3000000000000001 0.72947329433276265 302.50000000000006 0.3000000000000001 5.8884889710990089 45.500000000000007 0.58216583101416119 18.100000000000005 30.500000000000004
decision_type=10 8 10 10 2 10 10 2 10 10 10 2 2 2 10 2 10 10 8 2 10 10 10 10 2 10 8
left_child=1 7 8 25 -5 10 11 18 9 -3 19 13 -13 -7 -10 16 -9 23 22 26 -17 -20 -1 -12 -19 -4 -2
right_child=5 2 3 4 -6 6 -8 15 14 -11 17 12 -14 -15 -16 20 -18 24 21 -21 -22 -23 -24 -25 -26 -27 -28
leaf_value=0.17665071144007921 -0.024137447213197685 -0.035621481813741064 -0.17633901013325215 0.21218566188280943 0.65355217763365259 1.5267397554024407 -0.72066648140549661 -0.22572961061908114 0.064065850160049301 0.11755083602081165 1.1183017742633818 0.82976875651267279 2.4390014043308441 -0.43632454150779687 -0.54609836597945172 -0.45000836492763341 1.0769747428421397 1.2450150222690017 -0.17525772098959305 0.91125502372825784 -1.0985983379425541 0.91008479762822392 0.87410762049257762 -0.12192856049537659 2.2786718177795411 0.55825992139947156 -0.62417396306991579
leaf_weight=183 77 26812 699 2932 732 46 20 448 158 4323 20 31 105 22 510 1503 32 27 312 28 62 20 56 25 25 23 26
leaf_count=183 77 26812 699 2932 732 46 20 448 158 4323 20 31 105 22 510 1503 32 27 312 28 62 20 56 25 25 23 26
internal_value=-0.00117606 -0.0126667 0.00759371 0.225743 0.300363 0.985318 1.46444 -0.292944 -0.0224915 -0.014354 0.514597 1.67867 2.07219 0.891631 -0.401778 -0.396645 -0.138883 1.13299 0.078456 0.0567026 -0.475703 -0.109876 0.340072 0.429285 1.74197 -0.152938 -0.175603
internal_weight=39257 38805 36189 4386 3664 452 224 2616 31803 31135 228 204 136 68 668 2045 480 97 571 131 1565 332 239 45 52 722 103
internal_count=39257 38805 36189 4386 3664 452 224 2616 31803 31135 228 204 136 68 668 2045 480 97 571 131 1565 332 239 45 52 722 103
is_linear=0
shrinkage=0.05


Tree=26
num_leaves=27
num_cat=0
split_feature=18 4 8 21 1 19 25 24 13 6 10 1 24 7 25 10 10 6 19 7 2 20 9 20 10 13
split_gain=155253 78360.6 73674.6 70189.8 48630 47182.5 43904.1 63376.4 62778.9 40521.1 31806.2 29877.9 27394.2 94064.3 21948.3 20801.6 16959.6 16400.4 14212.5 21750 14929.6 11772.3 10380.5 7361.85 6458.81 6355.93
threshold=5.5000000000000027 157.50000000000003 1.0000000180025095e-35 24.800000000000008 240.50000000000003 0.3000000000000001 0.67123509350548771 0.45972848220565493 117.50000000000001 -4.4999999999999991 36.500000000000007 26.500000000000004 0.69325554713765702 37.500000000000007 0.51972456038539816 -2.4999999999999996 43.500000000000007 61.500000000000007 3.1000000000000014 127.50000000000001 255.50000000000003 30.100000000000001 -5.4999999999999991 20.300000000000004 49.500000000000007 216.50000000000003
decision_type=10 10 10 10 10 10 2 2 10 8 10 10 2 10 2 10 10 10 10 8 10 8 8 10 10 10
left_child=1 5 10 16 9 11 8 -8 -7 -5 12 15 22 -14 -13 -1 17 -4 20 25 23 -21 -2 -3 -6 -20
right_child=2 18 3 4 24 6 7 -9 -10 -11 -12 14 13 -15 -16 -17 -18 -19 19 21 -22 -23 -24 -25 -26 -27
leaf_value=0.078472597635914756 -0.69809465988686215 -0.43898191396496061 0.21855793231744305 2.7456818228676205 0.079025488555431372 0.094471092492619577 0.181625237812367 0.96428020066131526 -0.38590142588559445 1.1231310666147174 -1.4577663636021319 -0.17139409026196462 0.15600810104147778 3.868601803346114 -0.03670540176399497 -0.0389126596755964 -1.0270984578132631 1.4596776946351446 -0.20982250690895277 0.5125559661383472 -1.869166746593657 -0.45902190506458285 0.14521156089285123 -0.84132884951136644 -1.1264757430553436 -0.67655797509524307
leaf_weight=5927 38 587 324 42 25 4605 1877 300 798 459 30 5694 76 22 6452 10390 25 29 137 121 21 42 919 141 20 156
leaf_count=5927 38 587 324 42 25 4605 1877 300 798 459 30 5694 76 22 6452 10390 25 29 137 121 21 42 919 141 20 156
internal_value=-0.00111725 -0.0242097 0.42703 0.755138 1.11773 -0.0109495 0.0999056 0.289478 0.0235221 1.25915 0.147608 -0.0404714 0.193258 0.989448 -0.099847 0.00372645 0.231391 0.32052 -0.420839 -0.200764 -0.554823 0.262211 0.111726 -0.516909 -0.456753 -0.458323
internal_weight=39257 37248 2009 924 546 36043 7580 2177 5403 501 1085 28463 1055 98 12146 16317 378 353 1205 456 749 163 957 728 45 293
internal_count=39257 37248 2009 924 546 36043 7580 2177 5403 501 1085 28463 1055 98 12146 16317 378 353 1205 456 749 163 957 728 45 293
is_linear=0
shrinkage=0.05


Tree=27
num_leaves=22
num_cat=0
split_feature=17 8 0 19 19 20 13 19 14 14 12 13 5 20 5 23 8 4 1 16 2
split_gain=148151 77950.3 81941.7 55772.3 39916.2 37002 31680.4 45235.9 31184.1 36338.9 24791 23613.9 23029.5 20561.2 16801.8 15629.4 15088.4 12216.7 12186.1 9831.98 9402.5
threshold=9.7000000000000028 1.0000000180025095e-35 113.50000000000001 1.1000000000000003 40.70000000000001 8.100000000000005 234.50000000000003 17.900000000000009 -11.499999999999998 21.500000000000004 16.865220106333563 173.50000000000003 90.500000000000014 40.800000000000018 168.50000000000003 0.55557023301960229 7.5000000000000009 50.500000000000007 213.50000000000003 2.9000000000000008 103.50000000000001
decision_type=10 10 2 10 10 10 8 10 8 10 10 10 10 10 10 2 10 10 8 10 10
left_child=1 2 5 16 8 10 7 -5 -2 15 -1 -7 18 -11 -14 -10 20 -6 -4 -8 -3
right_child=4 3 12 6 17 11 19 -9 9 13 -12 -13 14 -15 -16 -17 -18 -19 -20 -21 -22
leaf_value=-0.028315660804998734 2.368420348123268 0.047678722752597616 -0.59307941335096281 0.32803263198008287 2.8528201929728194 0.16977469537895873 -0.3786164720660995 1.0686716556867475 -0.33190696789946372 1.2962976971899263 -0.43233606730575691 1.8963226354122165 -0.14232614674416416 0.13969977571070194 -0.41159600835392923 0.72478071788571918 1.0901298917391722 1.3211658850960111 -1.4973823753270237 0.74359189163554795 -0.3507376467276897
leaf_weight=27521 27 3855 243 1733 30 2020 173 234 103 166 385 20 1355 50 1012 53 34 23 44 22 154
leaf_count=27521 27 3855 243 1733 30 2020 173 234 103 166 385 20 1355 50 1012 53 34 23 44 22 154
internal_value=-0.00106139 -0.0115445 -0.0424615 0.150888 0.89893 -0.0188624 0.355878 0.416141 0.727681 0.608595 -0.0338897 0.186702 -0.308738 1.02857 -0.257451 0.0270959 0.0412694 2.18814 -0.731718 -0.252008 0.0323741
internal_weight=39257 38805 32600 6205 452 29946 2162 1967 399 372 27906 2040 2654 216 2367 156 4043 53 287 195 4009
internal_count=39257 38805 32600 6205 452 29946 2162 1967 399 372 27906 2040 2654 216 2367 156 4043 53 287 195 4009
is_linear=0
shrinkage=0.05


Tree=28
num_leaves=28
num_cat=0
split_feature=17 8 0 18 21 24 3 9 22 21 18 12 12 0 7 25 24 7 6 8 13 11 13 25 10 10 12
split_gain=133706 70350.2 73952.4 50056.7 36967.8 52625.3 37401.8 32865.6 28918.9 27012.9 25608.3 27697.1 23994.1 23738.9 23424.9 19614.5 16682.3 16047.9 15888.7 15114.6 12961.3 8248.8 3297.62 2526.06 2203.93 1742.54 3735.81
threshold=9.7000000000000028 1.0000000180025095e-35 113.50000000000001 1.1000000000000003 2.5000000000000013 0.96900085243778589 22.500000000000004 1.5000000000000002 -0.77259657388510594 29.600000000000001 0.70000000000000018 6.7448593599997668 12.61926031558459 17.500000000000004 34.500000000000007 0.70252747416915695 -0.80392051724781066 116.50000000000001 38.500000000000007 12.500000000000002 138.50000000000003 1.0000000180025095e-35 39.500000000000007 0.2843486543654084 -1.4999999999999998 -1.0000000180025095e-35 8.7394370035614468
decision_type=10 10 2 10 8 2 10 10 2 10 10 10 10 2 10 2 2 10 8 10 10 8 8 2 10 10 10
left_child=1 2 10 19 5 -5 -6 21 15 14 13 -12 16 -1 23 -4 -11 -10 -14 20 -3 22 -2 -9 -24 26 -23
right_child=7 3 8 4 6 -7 -8 9 17 12 11 -13 18 -15 -16 -17 -18 -19 -20 -21 -22 25 24 -25 -26 -27 -28
leaf_value=0.018243218642179565 0.46373175836127739 0.077847493465188378 -0.22727119351754288 0.27935509723611179 -0.0088570912112481883 3.3077994456658 0.5360100947849159 0.18547719398549958 -0.52769646464091047 0.90200478349413205 0.044490148988465206 0.42047804276132111 1.2499635495502375 -0.076338872193313867 1.6109891347812884 0.36937977074794159 2.3032265959476885 -0.24986073863812439 -0.38433718435466291 1.403211830343519 -0.30153950325346979 0.069327798097029977 0.11575421580561884 -0.47753392279148105 -0.47190608580907184 1.0510238446972586 1.0036946804821492
leaf_weight=12067 23 4493 327 32 480 26 916 51 972 28 2537 607 58 14735 33 238 88 1117 20 21 237 23 27 20 39 22 20
leaf_count=12067 23 4493 327 32 480 26 916 51 972 28 2537 607 58 14735 33 238 88 1117 20 21 237 23 27 20 39 22 20
internal_value=-0.00100832 -0.0109672 -0.0403384 0.143344 0.400052 1.63693 0.348663 0.853983 -0.293301 1.16048 -0.0179193 0.117081 1.50903 -0.0337554 0.510301 0.0240614 1.965 -0.379136 0.830912 0.0647803 0.058838 0.260895 -0.0518331 -0.0012865 -0.2315 0.689092 0.503917
internal_weight=39257 38805 32600 6205 1454 58 1396 452 2654 298 29946 3144 194 26802 104 565 116 2089 78 4751 4730 154 89 71 66 65 43
internal_count=39257 38805 32600 6205 1454 58 1396 452 2654 298 29946 3144 194 26802 104 565 116 2089 78 4751 4730 154 89 71 66 65 43
is_linear=0
shrinkage=0.05


Tree=29
num_leaves=23
num_cat=0
split_feature=17 9 19 13 11 19 21 3 1 8 19 1 23 5 22 20 17 5 21 23 16 9
split_gain=120670 64175.2 69682.5 62045.2 36444.2 34408.6 36590.5 30713.9 29108 28179.2 27968.1 27449.8 24530.3 19476.2 12617.5 17510.1 11214.1 10228.7 9104.62 8082.82 7657.67 4806.89
threshold=9.7000000000000028 -3.4999999999999996 7.3000000000000016 185.50000000000003 1.0000000180025095e-35 40.70000000000001 58.500000000000064 17.500000000000004 63.500000000000007 3.5000000000000004 34.000000000000007 142.50000000000003 1.0000000180025095e-35 25.500000000000004 -0.77259657388510594 45.400000000000034 5.700000000000002 34.500000000000007 0.3000000000000001 0.32143946530316164 0.3000000000000001 -4.4999999999999991
decision_type=10 8 10 8 10 10 8 8 10 10 8 10 2 10 2 10 10 10 8 2 10 10
left_child=1 8 4 7 11 6 10 -4 18 -6 13 -3 -12 -2 15 -10 -5 -7 21 -16 -20 -1
right_child=5 2 3 16 9 17 -8 -9 14 -11 12 -13 -14 -15 19 -17 -18 -19 20 -21 -22 -23
leaf_value=0.74929134578754508 0.05580817981928337 -0.041546900849872066 0.0825924670923045 -0.38287684130560423 0.050150123541360406 2.5934121285715412 -1.1996803181171418 0.52797856496221784 -0.19415746570365239 0.62151474483988511 0.46393459002176923 -0.49491951843850029 2.2657841544525299 0.88586601775096752 -0.49356200827142083 1.0164974184706808 0.28951770842075347 1.1837115645408631 -0.16333857588708023 -0.25820290215678565 0.8458060520887376 0.18928465727030447
leaf_weight=48 119 22035 547 358 11291 31 25 1324 448 220 30 339 51 174 986 32 75 22 313 579 20 190
leaf_count=48 119 22035 547 358 11291 31 25 1324 448 220 30 339 51 174 986 32 75 22 313 579 20 190
internal_value=-0.000957905 -0.0104189 0.00686894 0.272945 -0.0112228 0.811284 0.652288 0.397767 -0.249574 0.0610701 0.776083 -0.0484162 1.59843 0.548744 -0.337705 -0.113447 -0.266411 2.00825 0.0660617 -0.406487 -0.102729 0.302227
internal_weight=39257 38805 36189 2304 33885 452 399 1871 2616 11511 374 22374 81 293 2045 480 433 53 571 1565 333 238
internal_count=39257 38805 36189 2304 33885 452 399 1871 2616 11511 374 22374 81 293 2045 480 433 53 571 1565 333 238
is_linear=0
shrinkage=0.05


Tree=30
num_leaves=31
num_cat=0
split_feature=19 13 25 14 19 2 19 19 11 16 19 19 7 25 24 2 25 19 25 21 13 14 0 21 7 13 25 7 11 7
split_gain=107813 79223.6 68203.3 65274.9 62792.1 54226.5 53881.5 37846.3 34547 26735.4 35689.4 27544.7 22072.2 21889.3 63791.7 20593.1 31773.4 71099.6 20472.4 18594.7 16460.5 15744.7 15382.9 13857.9 10627.7 10589.8 6678.97 6002.86 4474.92 1809.83
threshold=10.500000000000002 155.50000000000003 -0.92260537345622995 25.500000000000004 16.100000000000009 143.50000000000003 22.700000000000006 23.100000000000005 1.5000000000000002 1.1000000000000003 35.500000000000014 40.200000000000017 10.500000000000002 0.75546532993267157 0.3975391329312199 217.50000000000003 0.84750952922804634 4.3000000000000034 0.99962961997441069 10.699999999999999 108.50000000000001 66.500000000000014 13.500000000000002 51.900000000000027 106.50000000000001 99.500000000000014 0.87377473702374975 -19.499999999999996 10.500000000000002 34.500000000000007
decision_type=10 8 2 10 10 10 10 10 10 10 8 10 8 2 2 10 2 10 2 10 10 10 2 10 8 10 2 10 8 10
left_child=5 2 4 7 27 8 -5 -4 18 11 28 19 -12 25 -15 16 24 -18 20 -3 -1 -20 -6 -13 -7 -10 29 -2 -11 -17
right_child=1 9 3 6 22 15 -8 -9 13 10 12 23 -14 14 -16 26 17 -19 21 -21 -22 -23 -24 -25 -26 -27 -28 -29 -30 -31
leaf_value=-0.022307402734534864 1.186233727199336 1.1873612306736134 0.28435932405148917 0.5270633694963629 1.3875735941387359 -0.6069623625429259 1.640978141148121 -0.72887398248857205 0.081172028600235147 -0.14801786512816473 2.4494847156383375 -1.9506711006164552 0.65567048287930652 0.15475494837244042 1.2358845642473124 -1.1252857049306235 0.0012818091736453308 3.1701397967338565 0.22402866786586589 -0.16290799323469402 -0.15730558768347444 1.2670059303442638 2.9669256037679212 -0.60408140527350573 -0.25912094573214139 -0.201865683145668 -1.6517426781032396 0.31755826003470666 0.65706145077943801 -0.64720107169277907
leaf_weight=28010 30 27 543 357 21 315 156 111 3494 126 27 29 47 1000 158 24 154 20 147 458 2456 48 58 56 725 365 23 59 20 113
leaf_count=28010 30 27 543 357 21 315 156 111 3494 126 27 29 47 1000 158 24 154 20 147 458 2456 48 58 56 725 365 23 59 20 113
internal_value=-0.00202566 0.344326 0.579176 0.443579 1.52109 -0.0218896 0.865798 0.112389 -0.0100192 -0.0525412 0.415653 -0.233248 1.31017 0.111612 0.302267 -0.330121 -0.259848 0.365518 -0.0299215 -0.0877384 -0.0331902 0.480762 2.5471 -1.06351 -0.364477 0.0544012 -0.863317 0.61037 -0.037733 -0.730953
internal_weight=39177 2125 1335 1167 168 37052 513 654 35678 790 220 570 74 5017 1158 1374 1214 174 30661 485 30466 195 79 85 1040 3859 160 89 146 137
internal_count=39177 2125 1335 1167 168 37052 513 654 35678 790 220 570 74 5017 1158 1374 1214 174 30661 485 30466 195 79 85 1040 3859 160 89 146 137
is_linear=0
shrinkage=0.05


Tree=31
num_leaves=31
num_cat=0
split_feature=19 12 3 25 19 1 25 20 20 11 7 20 24 12 17 20 14 3 25 19 20 18 25 25 24 13 19 6 6 17
split_gain=97301.6 74032.3 49538 46532.1 63078.6 44013 47357 52983.6 45093.9 32199.7 22960.9 21307.7 27899.9 21741.8 21067.5 28765.3 20846.2 17669.2 24068.1 44139.5 17242 15695.3 13722.3 13483.3 12247 11708.9 9867.08 5692.17 4174.75 441.476
threshold=10.500000000000002 16.865220106333563 143.50000000000003 0.51972456038539816 35.500000000000014 15.500000000000002 -0.76107606668641947 20.100000000000001 35.500000000000007 2.5000000000000004 -5.4999999999999991 8.100000000000005 -0.38168568572378597 19.032937356625684 0.50000000000000011 4.7000000000000037 80.500000000000014 235.50000000000003 0.84750952922804634 3.3000000000000012 57.600000000000037 33.500000000000007 -0.92260537345622995 0.75546532993267157 0.19244979981841032 137.50000000000003 0.3000000000000001 134.50000000000003 4.5000000000000009 1.0000000180025095e-35
decision_type=10 8 10 2 10 8 2 8 10 10 8 10 2 10 10 8 10 10 2 10 10 10 2 2 2 8 8 8 10 8
left_child=2 5 9 4 25 22 7 -7 -8 11 -6 13 -13 -1 23 -16 20 18 26 -20 -5 -18 24 -11 -2 -3 -4 -19 -24 -29
right_child=1 3 17 16 10 6 8 -9 -10 14 -12 12 -14 -15 15 -17 21 27 19 -21 -22 -23 28 -25 -26 -27 -28 29 -30 -31
leaf_value=-0.027365416588472326 1.3465135927585994 0.44205725284086334 -0.60472031841924656 -1.0081385717860289 2.5785627343824933 0.20513848844342508 0.77533809877213367 2.1420079343427312 -0.15893666080993379 0.033985689961734941 0.91761290390550365 0.29618277172401725 -0.066332327953645603 -0.37002944333902366 1.1796858410796394 0.1872646834459156 -0.22463319083775277 -1.6372759083042976 -0.28951761340163279 1.3125315444286054 0.24197808571837168 1.2791754740476611 -0.25495131243508135 0.32562033591357981 -0.16749388094652784 -0.16248014326657981 -0.26402282602365962 -0.61490115945537882 0.19369402526815735 -0.85099842765114531
leaf_weight=30691 34 108 289 168 28 52 622 110 163 1513 81 1162 977 470 115 200 131 23 127 65 33 20 168 537 22 310 803 36 75 44
leaf_count=30691 34 108 289 168 28 52 622 110 163 1513 81 1162 977 470 115 200 131 23 127 65 33 20 168 537 22 310 803 36 75 44
internal_value=-0.00192438 0.32711 -0.0207951 -0.0242613 0.273055 0.574987 0.741966 1.5203 0.581342 -0.00939388 1.34428 -0.0220549 0.130602 -0.0325338 0.168877 0.549577 -0.46939 -0.313963 -0.263418 0.252843 -0.802896 -0.0254532 0.0461265 0.11038 0.751725 -0.00628388 -0.354189 -0.944056 -0.116481 -0.744755
internal_weight=39177 2125 37052 879 527 1246 947 162 785 35665 109 33300 2139 31161 2365 315 352 1387 1284 192 201 151 299 2050 56 418 1092 103 243 80
internal_count=39177 2125 37052 879 527 1246 947 162 785 35665 109 33300 2139 31161 2365 315 352 1387 1284 192 201 151 299 2050 56 418 1092 103 243 80
is_linear=0
shrinkage=0.05


Tree=32
num_leaves=30
num_cat=0
split_feature=18 13 25 23 24 8 21 0 8 6 8 22 25 24 12 18 5 24 21 6 24 0 2 4 16 23 5 9 24
split_gain=88463.1 48659.5 57571.3 72902.6 50129.2 45883.1 48683.1 43049 37182.8 27901.1 20487.1 16602.8 19460.2 15113.6 54911.6 12595.5 10971.3 16782.7 9984.38 9209.7 8050.43 8927.27 8121.32 8025.11 15943.2 7661.25 7030.75 2929.24 2671.48
threshold=5.5000000000000027 108.50000000000001 0.60503365783732044 -0.47114434510950048 0.45972848220565493 1.0000000180025095e-35 24.800000000000008 240.50000000000003 2.5000000000000004 -5.4999999999999991 -1.4999999999999998 -0.63405362205439475 0.99962961997441069 0.47494667389482614 2.2522914443497668 0.70000000000000018 10.500000000000002 -0.38962684145003684 15.399999999999997 93.500000000000014 -0.47494667389482603 196.50000000000003 104.50000000000001 22.500000000000004 0.3000000000000001 0.47114434510950071 127.50000000000001 11.500000000000002 -0.98046008095854942
decision_type=10 10 2 2 2 10 10 2 10 8 8 2 2 2 8 10 8 2 8 8 2 2 10 10 10 2 8 8 2
left_child=1 8 20 19 -5 10 23 9 11 -8 26 15 -13 18 -15 -1 27 -18 -12 -4 21 -3 -22 28 -25 -9 -2 -10 -7
right_child=5 2 3 4 -6 6 7 25 16 -11 13 12 -14 14 -16 -17 17 -19 -20 -21 22 -23 -24 24 -26 -27 -28 -29 -30
leaf_value=-0.078284230873067545 -1.4462904343238243 -0.2565042113756984 -0.69302147079002241 -0.067419185592844419 0.50729839368504959 0.46174614971876143 2.3071283664458835 0.010736230688710366 0.32448676518031533 0.91375222356597841 -0.13447365992107971 0.015329957029479724 0.57215493162475006 2.9880540734245664 0.21828272024666015 0.12650178338297038 0.26127572999144277 1.0286943963159705 0.20453316370485966 -0.28620528604736134 -0.31672324871366719 -0.70257669584672966 -0.66211517340196635 -0.26827325792807455 0.80255526149331935 -1.2261536503121968 -0.29432324251091041 -0.28842833123423833 -0.084079681985801277
leaf_weight=8458 26 1391 174 796 725 25 39 31 35 456 354 22734 158 21 121 824 141 144 562 694 322 122 361 53 101 21 27 44 217
leaf_count=8458 26 1391 174 796 725 25 39 31 35 456 354 22734 158 21 121 824 141 144 562 694 322 122 361 53 101 21 27 44 217
internal_value=-0.00182816 -0.0195013 -0.171997 -0.00212915 0.206526 0.317588 0.574094 0.879767 0.00198719 1.02353 0.0998695 -0.00369798 0.0191731 0.147926 0.627897 -0.0601046 0.5045 0.649024 0.0735196 -0.367756 -0.356794 -0.292473 -0.49928 0.151864 0.434023 -0.488777 -0.859439 -0.0168837 -0.0276927
internal_weight=39177 37123 4585 2389 1521 2054 943 547 32538 495 1111 32174 22892 1058 142 9282 364 285 916 868 2196 1513 683 396 154 52 53 79 242
internal_count=39177 37123 4585 2389 1521 2054 943 547 32538 495 1111 32174 22892 1058 142 9282 364 285 916 868 2196 1513 683 396 154 52 53 79 242
is_linear=0
shrinkage=0.05


Tree=33
num_leaves=30
num_cat=0
split_feature=19 12 21 21 4 25 19 11 21 13 25 24 7 25 24 18 0 3 19 25 22 19 13 15 7 21 21 7 20
split_gain=81426 65262.8 56370.8 60112 43436.7 39920.8 53482.5 31547.8 24619.1 23618.1 20582.6 65348.4 20474.8 19467.5 18198.8 17850 15705.2 15534.6 17198.5 22991 14332.3 12017.6 9575.05 8384.98 6045.33 5406.6 3453.43 815.56 546.257
threshold=10.500000000000002 16.865220106333563 58.500000000000064 22.299999999999994 141.50000000000003 0.51972456038539816 35.500000000000014 1.5000000000000002 23.100000000000001 25.500000000000004 0.75546532993267157 0.45972848220565493 16.500000000000004 0.99962961997441069 0.47494667389482614 0.3000000000000001 142.50000000000003 224.50000000000003 2.100000000000001 0.85651926849515192 -0.3520614488341256 47.899999999999999 137.50000000000003 1.5000000000000002 17.500000000000004 7.3000000000000016 61.100000000000016 34.500000000000007 46.000000000000028
decision_type=10 8 10 8 10 2 10 10 8 10 2 2 8 2 2 10 2 8 10 2 2 10 8 10 8 8 10 10 10
left_child=4 2 3 9 7 6 22 13 -5 -2 23 -12 -8 16 21 -15 -1 18 24 -20 -16 -7 -3 -9 -6 -19 -4 -27 -28
right_child=1 5 26 8 17 14 12 10 -10 -11 11 -13 -14 15 20 -17 -18 25 19 -21 -22 -23 -24 -25 -26 27 28 -29 -30
leaf_value=-0.027558290262027892 -0.045023813253286686 0.39296228671791378 -1.1976776398145235 2.3622501955429711 -0.78120498957263462 -0.88805806732335901 1.7324610878044451 0.044392032979198442 0.89321200439970705 0.61230799672250846 0.16625324892671328 1.4037827038339206 0.29441717270957796 0.27241740788781094 1.0890194810926914 1.621948447720758 -0.5546243427386901 -1.4924595936484959 -0.15438008475836379 0.76707974573553994 -0.24165710526150327 0.40424102067947393 -0.15372124453105274 0.67768909327053239 -0.31080872933243814 -0.9401997392624617 -0.64740084371259143 -0.58791150042544238 -0.33977702811912258
leaf_weight=30242 309 108 26 30 74 179 71 3779 578 245 1030 119 38 158 24 29 142 23 318 86 129 20 310 53 887 20 31 92 27
leaf_count=30242 309 108 26 30 74 179 71 3779 578 245 1030 119 38 158 24 29 142 23 318 86 129 20 310 53 887 20 31 92 27
internal_value=-0.00173675 0.29926 0.531994 0.622416 -0.0189995 -0.0306438 0.244742 -0.00787944 0.965697 0.245673 0.108807 0.294422 1.23112 -0.0268914 -0.44294 0.481703 -0.0300215 -0.282559 -0.231956 0.0417723 -0.0329235 -0.758179 -0.0124729 0.0531511 -0.347031 -0.794211 -0.718846 -0.65082 -0.504197
internal_weight=39177 2125 1246 1162 37052 879 527 35552 608 554 4981 1149 109 30571 352 187 30384 1500 1365 404 153 199 418 3832 961 135 84 112 58
internal_count=39177 2125 1246 1162 37052 879 527 35552 608 554 4981 1149 109 30571 352 187 30384 1500 1365 404 153 199 418 3832 961 135 84 112 58
is_linear=0
shrinkage=0.05


Tree=34
num_leaves=30
num_cat=0
split_feature=19 12 21 21 4 25 19 11 18 25 24 5 3 0 19 4 25 12 18 19 24 3 14 25 21 12 20 20 17
split_gain=73486.9 58899.6 50874.6 54251.1 40574 36028.5 48268 29665.3 23673.5 51051.3 23197.6 22065 16222.2 15071.3 21391.4 14793.9 11950.4 11293 11072.4 10202.1 8668.58 7708.03 5610.21 3240.54 3116.72 2933.07 1652.05 492.997 341.642
threshold=10.500000000000002 16.865220106333563 58.500000000000064 22.299999999999994 187.50000000000003 0.51972456038539816 35.500000000000014 1.0000000180025095e-35 0.70000000000000018 0.098816478347602058 -0.34964421742355262 176.50000000000003 18.500000000000004 68.500000000000014 4.1000000000000023 151.50000000000003 0.99962961997441069 18.285337392921363 21.500000000000004 47.899999999999999 -0.9322805799304521 240.50000000000003 140.50000000000003 0.85651926849515192 61.100000000000016 23.986659726793871 36.800000000000011 46.000000000000028 1.0000000180025095e-35
decision_type=10 8 10 8 10 2 10 10 10 2 2 10 10 2 10 10 2 10 10 10 2 8 8 2 10 10 10 10 8
left_child=4 2 3 12 7 6 20 13 17 -10 -5 19 -2 16 -15 -8 -1 -9 -13 -7 -3 23 -23 26 -4 -25 -6 -26 -24
right_child=1 5 24 10 21 11 15 8 9 -11 -12 18 -14 14 -16 -17 -18 -19 -20 -21 -22 22 28 25 27 -27 -28 -29 -30
leaf_value=-0.027273940837456202 -0.050184181952058815 0.44906333181552771 -1.1377937591992893 0.690618634573125 -0.48335264994480714 -0.79614142683390443 1.5120478053151825 0.035164265247395354 -0.054308076953555696 0.51271417381211726 1.3379928730130897 -0.091118098811436732 0.49153990819793325 -0.16001656785321475 0.22612502098121415 0.17882453650901362 0.62256469170392403 -0.23768491688211624 1.156225592439825 0.38402898669242863 -0.12433383095277739 -1.6393589067459109 -0.55307588299115495 -0.26537755304488581 -0.6150308024498724 0.42230271905660627 -0.075405019852850183 -0.32278817516786085 -0.79169774691263839
leaf_weight=19880 264 82 26 395 307 217 81 10118 786 802 213 93 290 4105 393 28 71 394 22 20 336 20 30 69 31 20 27 27 30
leaf_count=19880 264 82 26 395 307 217 81 10118 786 802 213 93 290 4105 393 28 71 394 22 20 336 20 30 69 31 20 27 27 30
internal_value=-0.00164992 0.284297 0.505394 0.591295 -0.0180495 -0.0291117 0.232505 -0.0119114 0.0521202 0.23206 0.917413 -0.420793 0.23339 -0.0436012 -0.126279 1.16957 -0.0249613 0.0249376 0.147504 -0.696549 -0.0118492 -0.464057 -0.91413 -0.378937 -0.682903 -0.110843 -0.450375 -0.478987 -0.672387
internal_weight=39177 2125 1246 1162 37052 879 527 36549 12100 1588 608 352 554 24449 4498 109 19951 10512 115 237 418 503 80 423 84 89 334 58 60
internal_count=39177 2125 1246 1162 37052 879 527 36549 12100 1588 608 352 554 24449 4498 109 19951 10512 115 237 418 503 80 423 84 89 334 58 60
is_linear=0
shrinkage=0.05


Tree=35
num_leaves=26
num_cat=0
split_feature=15 19 1 19 24 14 21 24 13 23 7 0 7 22 4 19 21 19 14 6 15 3 19 5 18
split_gain=88164 47560 41466.6 45857.7 38170.6 71844.5 32943.4 132056 34376 28353.3 39237.6 25033.6 23692 19628.8 17054.3 15875.7 49993.8 15260.7 12922.3 26140.3 10486.8 9730.86 8493.75 5227.8 1566
threshold=0.90000000000000013 31.700000000000006 169.50000000000003 2.100000000000001 0.69325554713765702 10.500000000000002 2.5000000000000013 0.99166813670569376 26.500000000000004 0.22695468355932433 57.500000000000007 68.500000000000014 60.500000000000007 -0.3520614488341256 91.500000000000014 3.3000000000000012 13.500000000000004 1.0000000180025095e-35 68.500000000000014 70.500000000000014 1.9000000000000001 275.50000000000006 46.100000000000016 21.500000000000004 10.699999999999999
decision_type=10 8 10 10 2 10 8 2 10 2 8 2 10 2 8 10 10 10 10 10 10 8 10 8 8
left_child=2 4 3 11 18 -6 7 -5 -8 22 13 17 -13 -11 -4 21 -17 -1 19 -2 -7 -16 23 -3 -20
right_child=1 9 14 6 5 20 8 -9 -10 10 -12 12 -14 -15 15 16 -18 -19 24 -21 -22 -23 -24 -25 -26
leaf_value=-0.021701201779391402 0.20925588670555828 -0.41686995870300703 -1.4907115602493288 -0.068012008603130072 -0.2554625595743592 2.0129582871090284 -0.047640681083592318 3.7065257638692857 0.22840002936660553 3.7576939083281022 0.20131089701675453 -0.28957312258743667 -0.058170140458701218 1.8927618572878284 -0.43240561740047589 2.3630387485027313 -0.18497811340444256 0.076056261966966771 -0.52209352086628635 2.0037783588681903 3.5948943948745731 -1.5307330778666906 1.2864569774380437 0.58101366464580806 -0.013275823295116423
leaf_weight=21745 603 21 30 84 37 22 1853 32 2882 21 26 1503 4189 43 508 20 514 4890 62 21 20 21 27 35 20
leaf_count=21745 603 21 30 84 37 22 1853 32 2882 21 26 1503 4189 43 508 20 514 4890 62 21 20 21 27 35 20
internal_value=0.000352934 0.474119 -0.0115064 -0.00258255 0.308734 1.35102 0.140768 0.97324 0.120374 1.22457 1.83927 -0.0240938 -0.119273 2.50469 -0.315047 -0.281868 -0.0895468 -0.00375361 0.192104 0.269648 2.76626 -0.476007 0.558019 0.206807 -0.397992
internal_weight=39229 958 38271 37178 785 79 4851 116 4735 173 90 32327 5692 64 1093 1063 534 26635 706 624 42 529 83 56 82
internal_count=39229 958 38271 37178 785 79 4851 116 4735 173 90 32327 5692 64 1093 1063 534 26635 706 624 42 529 83 56 82
is_linear=0
shrinkage=0.05


Tree=36
num_leaves=26
num_cat=0
split_feature=15 8 0 18 24 14 18 21 24 10 7 22 7 14 6 8 0 10 23 24 8 13 7 10 12
split_gain=79568 42893.2 40378.2 38020.8 29905.5 60034.8 29582.5 34643.1 59719.7 24486.4 23773.5 25759 17474.7 15443.9 77816.9 14460.1 12797.4 12275.6 12138.2 11235.4 9816.53 9685.42 8986.21 7789.22 1248.71
threshold=0.90000000000000013 1.0000000180025095e-35 68.500000000000014 20.5 0.69325554713765702 10.500000000000002 1.1000000000000003 4.900000000000003 0.45972848220565493 61.500000000000007 60.500000000000007 -0.79335334029123528 30.500000000000004 68.500000000000014 80.500000000000014 -1.0000000180025095e-35 -4.4999999999999991 12.500000000000002 0.25881904510252057 -0.79356426026969629 13.500000000000002 136.50000000000003 81.500000000000014 -2.4999999999999996 7.9633163391321684
decision_type=10 10 2 10 2 10 10 8 2 8 10 2 10 10 10 10 2 8 2 2 10 10 8 8 10
left_child=1 2 16 4 13 -6 20 8 -8 -9 15 -12 17 14 -2 -4 23 -5 -19 -14 21 -3 -18 -1 -15
right_child=3 6 10 12 5 -7 7 9 -10 -11 11 -13 19 24 -16 -17 22 18 -20 -21 -22 -23 -24 -25 -26
leaf_value=0.17015276634363366 0.19103837851254402 0.063465960909421235 -0.396419794783196 0.077282728197482928 -0.23949831165373325 2.612972202667823 0.16388969457962299 0.28845356169960695 1.9284657502174376 -0.48298525433791312 0.14186401429036632 -0.14225834970655057 2.6974126378695171 -0.14494748786091805 3.3598538738489157 -0.10367357346676925 -0.0065364505984259642 0.54327809434188035 1.8155663498350092 1.2105831891298295 1.1302372709626245 -0.26261477188139304 -0.10330610795291587 0.014555571869028828 -0.57601659250046522
leaf_weight=1525 619 4452 1212 39 35 39 110 1053 85 114 1000 3944 24 24 20 647 19429 38 37 27 21 240 2737 1702 56
leaf_count=1525 619 4452 1212 39 35 39 110 1053 85 114 1000 3944 24 24 20 647 19429 38 37 27 21 240 2737 1702 56
internal_value=0.000335288 -0.0109311 -0.0339244 0.450413 0.306731 1.26383 0.110928 0.316174 0.933064 0.213094 -0.142105 -0.0847902 1.14096 0.208226 0.290219 -0.294533 -0.00494187 0.796794 1.17094 1.91027 0.0516142 0.0467866 -0.0184853 0.0880869 -0.446696
internal_weight=39229 38271 32196 958 793 74 6075 1362 195 1167 6803 4944 165 719 639 1859 25393 114 75 51 4713 4692 22166 3227 80
internal_count=39229 38271 32196 958 793 74 6075 1362 195 1167 6803 4944 165 719 639 1859 25393 114 75 51 4713 4692 22166 3227 80
is_linear=0
shrinkage=0.05


Tree=37
num_leaves=26
num_cat=0
split_feature=15 8 0 18 17 24 14 9 5 10 7 0 10 25 10 25 14 14 25 22 10 24 18 23 12
split_gain=71810.1 38711.1 37165.7 34313.8 27356.4 26989.7 54181.4 23078.1 23537.4 17045.1 15771 15288.2 21504.5 18877.4 14780.2 14913.6 13938.1 38865.7 13570.8 11558.1 10356.1 10139.9 6044.03 2025.96 1126.96
threshold=0.90000000000000013 1.0000000180025095e-35 117.50000000000001 20.5 0.70000000000000018 0.69325554713765702 10.500000000000002 32.500000000000007 12.500000000000002 68.500000000000014 30.500000000000004 22.500000000000004 -2.4999999999999996 0.51972456038539816 98.500000000000014 0.78298010367706283 68.500000000000014 63.500000000000007 0.56312986467441573 -0.32143946530316159 12.500000000000002 -0.79356426026969629 18.300000000000004 0.60876142900872032 7.9633163391321684
decision_type=10 10 2 10 10 2 10 10 10 10 10 2 10 2 10 2 10 10 2 2 10 2 10 2 10
left_child=1 2 11 5 14 16 -7 8 -6 19 18 12 -1 -13 15 -3 17 -2 20 -4 -5 -12 -9 -11 -18
right_child=3 4 9 10 7 6 -8 22 -10 23 21 13 -14 -15 -16 -17 24 -19 -20 -21 -22 -23 -24 -25 -26
leaf_value=0.092017670865570778 0.20561524999233172 0.019202349948706739 -0.061053191612926175 0.31741552030933756 0.012129423525651724 -0.22752339548298292 2.4823235909144086 -0.22194107600620816 0.55954332048218092 -1.4565863545124349 2.5625420153141025 -0.11086419683549925 -0.029479013241116153 0.0034770277769582609 -1.297801992893219 0.22779433376675184 -0.13770011862119039 2.4450751817226415 -0.11632172064855695 -0.28579668896125515 1.5023607808130759 1.1500540303963203 -1.4364497862756254 -0.79629131896155225 -0.54721575799797273
leaf_weight=5988 619 3980 924 28 279 35 39 21 663 26 24 7211 9296 7228 20 1092 24 20 32 1502 54 27 20 21 56
leaf_count=5988 619 3980 924 28 279 35 39 21 663 26 24 7211 9296 7228 20 1092 24 20 32 1502 54 27 20 21 56
internal_value=0.000318523 -0.0103845 -0.0322282 0.427893 0.105381 0.291394 1.20064 0.346868 0.397411 -0.218469 1.08391 -0.0167327 0.0181212 -0.0536263 0.0587629 0.0641121 0.197814 0.275708 0.756955 -0.200198 1.09775 1.81475 -0.814384 -1.16156 -0.424361
internal_weight=39229 38271 32196 958 6075 793 74 983 942 2473 165 29723 15284 14439 5092 5072 719 639 114 2426 82 51 41 47 80
internal_count=39229 38271 32196 958 6075 793 74 983 942 2473 165 29723 15284 14439 5092 5072 719 639 114 2426 82 51 41 47 80
is_linear=0
shrinkage=0.05


Tree=38
num_leaves=25
num_cat=0
split_feature=15 1 18 21 13 21 3 25 7 20 5 14 4 7 7 13 14 14 7 25 12 20 0 0
split_gain=64808.6 33443.5 32823.6 32247.1 28209.3 33864.9 22053.5 23129.7 21603.4 20759.9 19195.4 26034.5 14042.3 9434.4 19633.4 35690.1 9084.9 33874.9 9583.02 6620.57 5455.5 4769.03 4786.74 4385.09
threshold=0.90000000000000013 169.50000000000003 0.70000000000000018 20.899999999999995 16.500000000000004 57.300000000000033 41.500000000000007 0.57727023316007786 150.50000000000003 5.900000000000003 99.500000000000014 21.500000000000004 89.500000000000014 33.500000000000007 80.500000000000014 83.500000000000014 66.500000000000014 65.500000000000014 105.50000000000001 0.44436171794418389 25.127977163895835 10.9 36.500000000000007 12.500000000000002
decision_type=10 10 10 10 10 10 10 2 10 10 8 8 8 10 10 8 8 10 10 2 8 10 2 2
left_child=1 2 6 13 19 -6 9 -8 10 -1 11 -5 -3 21 15 -15 17 -14 -18 -4 -12 23 -23 -2
right_child=3 12 4 8 5 -7 7 -9 -10 -11 20 -13 16 14 -16 -17 18 -19 -20 -21 -22 22 -24 -25
leaf_value=-0.0019011343356016488 0.056371070082214751 -1.3680184697282725 -0.1072524640329342 0.30161291630308429 0.23472816742985697 -0.48149822750824622 -0.1583408554399201 -0.011333130177153844 2.0748273218316693 0.22026004236778213 -0.45942811762031754 1.2331588990249953 -0.18917267760921885 0.37372510994589608 -0.50111679499213757 2.6305366716601633 -0.5022303439102892 2.0246896946430204 -0.17448545296707851 0.39654115166353143 0.3287329270432775 0.13942452999545593 0.98214785575866692 -0.36589096233780899
leaf_weight=20638 165 29 1188 133 3205 174 4896 5900 28 1108 38 172 127 86 37 22 383 20 534 69 52 107 20 98
leaf_count=20638 165 29 1188 133 3205 174 4896 5900 28 1108 38 172 127 86 37 22 383 20 534 69 52 107 20 98
internal_value=0.000302597 -0.00986529 -0.00185113 0.406498 0.12262 0.197846 -0.0195836 -0.0780013 0.73274 0.0094184 0.637604 0.826944 -0.282464 0.148554 0.492902 0.833446 -0.252876 0.112033 -0.311373 -0.0795979 -0.00404618 0.0205264 0.272137 -0.100974
internal_weight=39229 38271 37178 958 4636 3379 32542 10796 423 21746 395 305 1093 535 145 108 1064 147 917 1257 90 390 127 263
internal_count=39229 38271 37178 958 4636 3379 32542 10796 423 21746 395 305 1093 535 145 108 1064 147 917 1257 90 390 127 263
is_linear=0
shrinkage=0.05


Tree=39
num_leaves=27
num_cat=0
split_feature=15 19 8 0 19 24 7 9 23 7 22 23 7 22 8 20 25 10 20 5 6 8 20 12 5 25
split_gain=58489.8 33939.8 33818 31894.3 28372.4 27604.9 51722.7 24183.2 23848 21241.7 22454.7 21026.8 30699.2 15047.2 12399.9 12362.6 20202.3 16498.4 10187.7 10529.6 10263.3 8954.74 8406.47 7861.22 3608.43 2853.23
threshold=0.90000000000000013 31.700000000000006 1.0000000180025095e-35 68.500000000000014 1.1000000000000003 0.69325554713765702 38.500000000000007 59.000000000000007 0.72947329433276265 60.500000000000007 -0.79335334029123528 0.22695468355932433 57.500000000000007 -0.3520614488341256 -1.0000000180025095e-35 7.5000000000000027 0.91925191855388755 4.5000000000000009 10.9 104.50000000000001 83.500000000000014 7.5000000000000009 47.000000000000021 17.556904528076917 30.500000000000004 -0.021515300460958446
decision_type=10 8 10 2 10 2 10 10 2 10 2 2 8 2 10 10 2 10 10 8 10 10 10 10 8 2
left_child=2 5 3 15 21 18 25 8 -6 14 -11 22 13 -13 -5 17 -17 -1 20 -20 -2 23 24 -4 -3 -7
right_child=1 11 4 9 7 6 -8 -9 -10 10 -12 12 -14 -15 -16 16 -18 -19 19 -21 -22 -23 -24 -25 -26 -27
leaf_value=-0.0011724713726520694 -0.17692986048824058 -0.37133904822446684 0.02561836598745397 -0.36436791008633407 0.15138554591692183 -0.36861488948697629 2.6046861500862768 -1.2969598712921142 0.51763327486910349 0.13986052631072235 -0.12541350755137237 3.2351328077770418 0.10065754170601185 1.6022904883983526 -0.093276936096647389 0.087606872225145668 0.87914979451719466 -0.15744358514524651 0.43318200146603908 -0.22692540711849124 0.73347300308091301 0.84118537270661564 1.0210730499691434 -0.41698210768907978 0.51475719615817073 0.42785523018630389
leaf_weight=21917 268 27 3862 1212 1401 23 34 25 651 1000 3944 21 26 43 647 1561 85 1830 329 74 35 33 36 103 20 22
leaf_count=21917 268 27 3862 1212 1401 23 34 25 651 1000 3944 21 26 43 647 1561 85 1830 329 74 35 33 36 103 20 22
internal_value=0.000287468 0.386173 -0.00937202 -0.0297885 0.0988304 0.246462 1.13284 0.248746 0.267578 -0.125935 -0.0717578 1.02012 1.54948 2.13807 -0.270018 -0.00403012 0.128482 -0.0132151 0.147279 0.311971 -0.0717678 0.0209475 0.446116 0.0141208 0.00572318 0.0207705
internal_weight=39229 958 38271 32196 6075 785 79 2077 2052 6803 4944 173 90 64 1859 25393 1646 23747 706 403 303 3998 83 3965 47 45
internal_count=39229 958 38271 32196 6075 785 79 2077 2052 6803 4944 173 90 64 1859 25393 1646 23747 706 403 303 3998 83 3965 47 45
is_linear=0
shrinkage=0.05


Tree=40
num_leaves=29
num_cat=0
split_feature=19 12 13 13 10 4 21 8 12 24 14 10 10 11 24 19 13 17 24 2 0 19 23 2 5 21 12 0
split_gain=56153.3 43980 45964.4 46878.2 65575.9 31440.5 29644.7 26742.4 21660.2 21490.1 40326.3 30202.8 22748 19601.6 18198.7 22652.8 17401 16407.8 12979.6 12960.8 11657.9 10471.5 12821.1 7453.3 4749.39 3891.03 3134.38 1649.37
threshold=7.5000000000000027 12.61926031558459 25.500000000000004 27.500000000000004 1.0000000180025095e-35 141.50000000000003 56.100000000000023 4.5000000000000009 8.7394370035614468 -0.14153898451656974 62.500000000000007 75.500000000000014 15.500000000000002 1.0000000180025095e-35 0.017213356155834254 2.3000000000000012 254.50000000000003 0.70000000000000018 -0.34964421742355262 251.50000000000003 141.50000000000003 1.5000000000000002 0.84874750804349197 67.500000000000014 105.50000000000001 31.799999999999979 40.294655507963078 183.50000000000003
decision_type=10 8 10 10 10 10 10 10 8 2 10 10 10 10 2 8 10 10 2 8 2 10 2 10 8 10 10 2
left_child=5 2 8 4 -4 7 -5 13 18 10 12 -12 -3 20 23 -16 24 -15 -2 21 -1 26 -23 -9 -11 -21 -7 -18
right_child=1 9 3 6 -6 19 -8 14 -10 16 11 -13 -14 17 15 -17 27 -19 -20 25 -22 22 -24 -25 -26 -27 -28 -29
leaf_value=-0.031560022121666469 -0.14881574768515529 0.024592547268877107 3.9824147423108425 0.5928424795130719 0.60829184417509374 -0.28178028404422689 -0.53138024777854009 0.47263870899166377 1.5831503961397255 -0.5255761422471229 -0.20143035764073974 -2.2148780617117882 0.66258406581298912 0.030162829483444994 0.47734525764392599 2.0688775622182423 1.0149701881408693 0.27582166642207173 0.29943240258135329 -1.5132523495218029 -0.51191249547547324 -0.14494422326179965 0.54335227035973455 -0.5402475191280246 -0.16942852301290259 -0.62825644590236529 -0.59234523202189138 0.38052120889936175
leaf_weight=23258 421 248 24 847 36 835 63 42 23 249 271 20 320 10661 59 36 20 726 262 23 127 366 83 32 150 27 90 21
leaf_count=23258 421 248 24 847 36 835 63 42 23 249 271 20 320 10661 59 36 20 726 262 23 127 366 83 32 150 27 90 21
internal_value=0.00277741 0.211629 0.380877 0.604265 1.95794 -0.0143087 0.515012 -0.00492309 0.0739551 -0.00673728 0.138813 -0.339812 0.384024 -0.00797261 0.62252 1.08045 -0.290892 0.0458253 0.023133 -0.244604 -0.0341687 -0.215829 -0.017709 0.0346339 -0.391686 -1.03535 -0.311997 0.690009
internal_weight=39340 2975 1676 970 60 36365 910 34941 706 1299 859 291 568 34772 169 95 440 11387 683 1424 23385 1374 449 74 399 50 925 41
internal_count=39340 2975 1676 970 60 36365 910 34941 706 1299 859 291 568 34772 169 95 440 11387 683 1424 23385 1374 449 74 399 50 925 41
is_linear=0
shrinkage=0.05


Tree=41
num_leaves=26
num_cat=0
split_feature=8 19 5 25 7 0 16 14 24 12 23 14 12 8 25 9 22 9 5 21 22 19 9 6 0
split_gain=51867 30026.5 35971.4 37173.7 30798.9 30006.5 29424.9 27106.3 58993.5 20299.2 16146.5 19687.3 16864.3 16345 15467.9 13743.2 12943.8 9938.02 8980.79 8928.71 8346.66 6423.46 13071 7561.6 5292.2
threshold=1.5000000000000002 18.900000000000002 52.500000000000007 0.76663042157996963 30.500000000000004 180.50000000000003 0.50000000000000011 20.500000000000004 0.29259762607704992 19.032937356625684 0.96592582628906831 65.500000000000014 14.423004471571931 4.5000000000000009 0.70252747416915695 43.500000000000007 -0.9103761370219875 -16.499999999999996 17.500000000000004 5.3000000000000016 -0.55557023301960229 4.3000000000000034 -9.4999999999999982 104.50000000000001 240.50000000000003
decision_type=10 10 10 2 10 2 10 10 2 10 2 10 10 10 2 10 2 10 10 10 2 10 10 8 2
left_child=5 10 3 4 -3 6 9 20 -9 14 12 18 13 -2 -1 24 -11 -7 -12 -14 -8 23 -23 -19 -4
right_child=1 2 15 -5 -6 17 7 8 -10 16 11 -13 19 -15 -16 -17 -18 21 -20 -21 -22 22 -24 -25 -26
leaf_value=-0.026747667462457481 0.12303438488692542 1.0564426084196097 0.4140200815390091 -0.51836366985113391 2.7631146728992464 -1.1231613748951963 -0.14402392178773879 0.18713929451934522 1.2387672977437667 0.20038876817990212 -0.52038855361938485 1.622384489652438 0.26194578957828613 0.72615279477322481 0.053513892744348604 -1.137759266793728 -0.27796720347414317 -1.1748056042578914 0.56530386727303272 -0.40591905999226852 0.12073498869567621 1.0321356017304504 -0.21241608907632969 -0.35918106811443384 -0.39122129195928573
leaf_weight=25532 918 152 111 31 32 38 435 662 167 163 25 39 66 128 7848 20 1068 31 80 207 943 23 255 341 25
leaf_count=25532 918 152 111 31 32 38 435 662 167 163 25 39 66 128 7848 20 1068 31 80 207 943 23 255 341 25
internal_value=0.00263854 0.262265 0.664017 1.08339 1.35326 -0.0100569 -0.00394337 0.173069 0.398987 -0.0152307 0.160385 0.663108 0.105501 0.196839 -0.0078773 0.0860289 -0.214627 -0.337219 0.306806 -0.244457 0.0371572 -0.291272 -0.10945 -0.42715 0.265998
internal_weight=39340 1834 371 215 184 37506 36818 2207 829 34611 1463 144 1319 1046 33380 156 1231 688 105 273 1378 650 278 372 136
internal_count=39340 1834 371 215 184 37506 36818 2207 829 34611 1463 144 1319 1046 33380 156 1231 688 105 273 1378 650 278 372 136
is_linear=0
shrinkage=0.05


Tree=42
num_leaves=28
num_cat=0
split_feature=8 9 20 2 21 12 25 17 14 12 25 10 21 7 23 14 10 8 22 0 5 12 3 20 14 20 10
split_gain=46809.9 27617.9 26186.6 32634.7 24894.9 21844.5 25102.5 21765 25322.6 36399.8 24919.3 21696.5 18514.2 15918.3 14708.9 15142.3 11930.2 10835.3 8234.12 6557.32 5559.04 5311.57 4483.95 3718.45 2889.69 2650.27 315.189
threshold=1.5000000000000002 -5.4999999999999991 7.5000000000000027 109.50000000000001 58.500000000000064 19.032937356625684 0.44436171794418389 2.9000000000000012 21.500000000000004 14.027387304355752 0.56312986467441573 101.50000000000001 32.899999999999991 34.500000000000007 0.97335555334614954 65.500000000000014 78.500000000000014 9.5000000000000018 -0.63405362205439475 79.500000000000014 117.50000000000001 6.2333493319331295 273.50000000000006 4.7000000000000037 16.500000000000004 40.300000000000026 -14.499999999999998
decision_type=10 8 10 8 10 10 2 10 8 8 2 10 10 8 2 10 10 10 2 2 10 10 10 10 10 10 10
left_child=1 19 5 4 -4 6 -3 11 10 18 12 14 -9 -11 17 -16 -5 -2 -10 24 25 -12 -22 -7 -1 -21 -26
right_child=7 2 3 16 -6 23 -8 8 9 13 21 -13 -14 -15 15 -17 -18 -19 -20 20 22 -23 -24 -25 26 -27 -28
leaf_value=0.68485336204369862 0.095106779747960737 -0.043532886821911254 0.22957873674456786 -0.09452424198080496 -0.60170102580250195 -0.28470325634088811 0.05031468050403759 -0.018986026303771931 1.9687198372902692 0.63640512726306919 -0.45529601350426674 -1.3084039525985718 1.2703160973482355 -0.52064714794739697 0.35374702538706759 1.6503159439656885 -1.1999538407325745 0.75332463537201733 1.1273160076330579 -0.47510560882763697 -0.21822051942959184 -1.5485033297538759 -0.90142764210700987 -0.72110876109864985 0.094136085112889623 -1.014404059602664 -0.17462172895669936
leaf_weight=21 1187 21333 2854 1030 93 508 10699 79 54 125 25 25 43 39 76 32 25 66 63 184 610 20 25 54 24 26 20
leaf_count=21 1187 21333 2854 1030 93 508 10699 79 54 125 25 25 43 39 76 32 25 66 63 184 610 20 25 54 24 26 20
internal_value=0.00250662 -0.00955405 -0.00278825 0.117916 0.203346 -0.0176087 -0.0121869 0.249152 0.552117 0.841912 0.0644984 0.151224 0.43544 0.361252 0.178035 0.737916 -0.120719 0.129777 1.51566 -0.281643 -0.318869 -0.941166 -0.245118 -0.326635 0.202288 -0.541876 -0.0280266
internal_weight=39340 37506 36596 4002 2947 32594 32032 1834 448 281 167 1386 122 164 1361 108 1055 1253 117 910 845 45 635 562 65 210 44
internal_count=39340 37506 36596 4002 2947 32594 32032 1834 448 281 167 1386 122 164 1361 108 1055 1253 117 910 845 45 635 562 65 210 44
is_linear=0
shrinkage=0.05


Tree=43
num_leaves=26
num_cat=0
split_feature=18 11 6 13 20 14 13 23 21 20 20 21 4 8 20 21 2 10 7 6 14 7 21 0 14
split_gain=43708 25455.9 32099.2 29550.8 27535.3 26417 24946.4 32259.3 32642.3 80766.5 31563.2 32438.5 63754.2 31296.4 26126.4 18736.5 16398 15606.1 12828.4 12539.6 10373.3 6109.68 6339.87 5547.49 2067.71
threshold=7.7000000000000037 -23.499999999999996 25.500000000000004 162.50000000000003 41.800000000000018 -6.4999999999999991 108.50000000000001 -0.5277851165098012 5.3000000000000016 3.3000000000000012 8.9000000000000039 10.100000000000003 23.500000000000004 3.5000000000000004 29.29999999999999 25.600000000000005 54.500000000000007 4.5000000000000009 130.50000000000003 74.500000000000014 25.500000000000004 137.50000000000003 32.100000000000001 187.50000000000003 148.50000000000003
decision_type=10 8 10 10 10 10 10 2 8 10 10 8 10 10 10 10 10 10 8 10 8 10 8 2 10
left_child=6 19 4 15 16 -6 10 21 9 -9 13 12 -12 17 -13 -4 -3 -1 -10 -2 -15 22 -8 -5 -23
right_child=1 2 3 23 5 -7 7 8 18 -11 11 14 -14 20 -16 -17 -18 -19 -20 -21 -22 24 -24 -25 -26
leaf_value=0.0043510725378364543 -0.043889341113113226 0.078757551454838898 0.38918989351742966 0.34617202406686348 1.979401813613044 -0.11215519334834356 -0.45019111031425646 0.12894400462332428 -0.2215354179774213 2.2135675737857823 0.1050850400720772 0.20278305232203986 2.2202628223781002 1.2686799428442068 -0.39118284107116164 1.0804360380917217 -0.78785021563371027 -0.10696536806052237 0.0097716125875556767 -1.7520384463396941 0.37886918880916265 -0.11362139251153758 -0.15914071664451604 -0.20181907228349397 -0.32103158956659694
leaf_weight=27481 21 605 157 89 36 26 735 657 1245 50 95 1753 57 57 207 261 60 3556 1156 22 77 422 251 96 168
leaf_count=27481 21 605 157 89 36 26 735 657 1245 50 95 1753 57 57 207 261 60 3556 1156 22 77 422 251 96 168
internal_value=0.00238128 0.279523 0.318234 0.587946 0.0945251 1.1023 -0.00764097 -0.115678 -0.0222397 0.276371 0.0075634 0.194622 0.898277 -0.00511082 0.140053 0.820805 0.000567377 -0.00840278 -0.110169 -0.917826 0.757371 -0.299947 -0.3761 0.0618091 -0.172681
internal_weight=39340 1373 1330 603 727 62 37967 4684 3108 707 33283 2112 152 31171 1960 418 665 31037 2401 43 134 1576 986 185 590
internal_count=39340 1373 1330 603 727 62 37967 4684 3108 707 33283 2112 152 31171 1960 418 665 31037 2401 43 134 1576 986 185 590
is_linear=0
shrinkage=0.05


Tree=44
num_leaves=25
num_cat=0
split_feature=16 5 24 10 11 0 4 6 8 10 10 24 4 17 13 22 25 7 17 21 6 22 17 21
split_gain=39943.5 28703.4 52789.3 25599.2 25008.9 23469.8 21199.5 49325.2 20679.4 16433.4 14381.5 15058.9 13960.3 11866.4 11549.3 21824.9 9136.59 8305.27 8268.22 6833.73 5561.81 4775.33 4552.25 3694.29
threshold=2.100000000000001 20.500000000000004 0.69325554713765702 19.500000000000004 1.0000000180025095e-35 215.50000000000003 76.500000000000014 82.500000000000014 2.5000000000000004 -14.499999999999998 56.500000000000007 0.45972848220565493 118.50000000000001 1.0000000180025095e-35 108.50000000000001 -0.8814490726585632 0.99962961997441069 26.500000000000004 17.900000000000006 17.899999999999995 69.500000000000014 -0.81241147629689037 7.5000000000000009 18.699999999999996
decision_type=10 10 2 10 10 2 10 10 8 8 8 2 10 10 10 2 2 8 10 8 8 2 10 10
left_child=4 3 6 18 5 14 7 -3 9 21 11 -10 -7 -11 16 -16 -1 -8 23 -14 -12 -6 -4 -2
right_child=1 2 22 -5 8 12 17 -9 10 13 20 -13 19 -15 15 -17 -18 -19 -20 -21 -22 -23 -24 -25
leaf_value=-0.020348060615344443 -0.11178849883199292 0.50199132371436717 2.7601023663174025 1.2761143536944139 0.076306831452154347 -1.6098852198857529 0.4101629719071207 3.0673076233267786 0.29695936796307593 0.026852625516364598 0.11646384899504483 0.94650382166107494 -1.1191009061677117 0.16276066208615347 0.20118384671869638 -0.18529083973398264 0.39530319518276624 -0.28652410445226867 -1.0444102616537185 -0.28534395104703908 -0.61880401492465387 -0.32164382271740083 1.7178294160962104 0.23249188440227975
leaf_weight=22273 320 297 22 38 93 26 70 20 348 9876 64 120 28 1918 432 2366 133 110 21 201 43 398 20 103
leaf_count=22273 320 297 22 38 93 26 70 20 348 9876 64 120 28 1918 432 2366 133 110 21 201 43 398 20 103
internal_value=0.00226222 0.310915 0.561614 0.0305686 -0.00596176 -0.0346702 0.417769 0.663841 0.0508726 0.0371554 0.343943 0.463509 -0.511945 0.0489547 -0.0298414 -0.125621 -0.0178808 -0.0155902 -0.0760321 -0.387288 -0.179018 -0.246268 2.26378 -0.0279566
internal_weight=39340 1021 539 482 38319 25459 497 317 12860 12285 575 468 255 11794 25204 2798 22406 180 444 229 107 491 42 423
internal_count=39340 1021 539 482 38319 25459 497 317 12860 12285 575 468 255 11794 25204 2798 22406 180 444 229 107 491 42 423
is_linear=0
shrinkage=0.05


Tree=45
num_leaves=30
num_cat=0
split_feature=19 25 2 5 12 20 2 2 7 20 6 14 25 19 20 17 12 25 4 14 5 20 18 19 13 5 20 16 21
split_gain=32995.5 38400.6 35537.5 45708.2 35230.7 26611.1 24689.1 21330.3 25387.9 24815.7 28330.1 22567 51267.5 21670.8 85816.5 20488.3 17916.8 15259.4 14466.2 13226.6 12472.4 15072.9 11867.5 8987.04 6873.72 10565.2 6663.34 6296.65 4447.97
threshold=11.500000000000004 0.51972456038539816 15.500000000000002 42.500000000000007 9.7377310036065143 41.500000000000028 57.500000000000007 109.50000000000001 60.500000000000007 8.100000000000005 170.50000000000003 103.50000000000001 0.82392300575755406 4.5000000000000027 4.7000000000000037 1.1000000000000003 40.294655507963078 0.92589048012183117 105.50000000000001 6.5000000000000009 124.50000000000001 45.70000000000001 36.900000000000013 21.699999999999999 131.50000000000003 120.50000000000001 40.800000000000018 2.3000000000000007 30.699999999999992
decision_type=10 2 10 10 10 8 10 10 8 10 10 10 2 10 8 10 10 2 10 10 10 10 8 10 10 10 8 10 10
left_child=7 2 22 5 6 -4 17 9 24 11 19 18 -13 16 -15 -8 -10 -3 -1 -11 21 -6 27 -5 25 -9 -22 -2 -26
right_child=1 4 3 23 20 -7 15 8 13 10 -12 12 -14 14 -16 -17 -18 -19 -20 -21 26 -23 -24 -25 28 -27 -28 -29 -30
leaf_value=-0.010132078219130917 -0.21951681422890373 0.41002278698859024 0.71860435811023038 -0.016917141056695922 -0.76458184154557618 1.7019517337946699 0.06488142886475938 -0.28830771067866473 -0.078331855660106392 -0.017988713367887568 2.0328764802217485 0.0091887447300056622 1.9285007561956133 3.3843284411863852 0.074168513614809917 1.5562002975432598 -0.86520635088284825 -0.50849192185327419 -0.33803344669094421 0.23274086401927976 0.31933501619579541 0.12547257999110906 1.1628245961666106 0.46994279280199758 -0.67053974715275166 0.8911678260280973 -0.30800768020067443 0.23899479357880496 -0.36092177962508581
leaf_weight=31448 261 104 344 244 216 86 37 198 2041 820 20 120 49 22 178 61 75 80 340 1467 77 61 20 155 231 21 94 105 233
leaf_count=31448 261 104 344 244 216 86 37 198 2041 820 20 120 49 22 178 61 75 80 340 1467 77 61 20 155 231 21 94 105 233
internal_value=0.000144706 0.20091 0.373118 0.557637 -0.0857095 0.915274 0.352099 -0.0103346 -0.138202 0.000857222 0.159227 -0.0105756 0.565676 -0.0592006 0.438286 0.993151 -0.106222 0.0106686 -0.0136393 0.142842 -0.361294 -0.568577 -0.0231682 0.172214 -0.406091 -0.175207 -0.02552 -0.0879766 -0.515063
internal_weight=39208 1945 1215 829 730 430 282 37263 2999 34264 2307 31957 169 2316 200 98 2116 184 31788 2287 448 277 386 399 683 219 171 366 464
internal_count=39208 1945 1215 829 730 430 282 37263 2999 34264 2307 31957 169 2316 200 98 2116 184 31788 2287 448 277 386 399 683 219 171 366 464
is_linear=0
shrinkage=0.05


Tree=46
num_leaves=24
num_cat=0
split_feature=15 8 5 24 0 6 20 14 13 20 23 10 5 24 7 20 11 6 18 12 18 24 5
split_gain=30937.3 22498.6 20960 30249.1 20848.7 37748.8 21168.9 16936.8 14937.4 23352 16290.8 14253.5 13150.7 12716.3 12519.9 18003.6 11810.8 10920.9 10138.7 6253.23 5165.15 4250.6 3384.52
threshold=1.5000000000000002 2.5000000000000004 21.500000000000004 0.69325554713765702 109.50000000000001 177.50000000000003 8.100000000000005 67.500000000000014 95.500000000000014 29.600000000000005 -0.32143946530316164 19.500000000000004 71.500000000000014 0.97310932590074095 67.500000000000014 5.3000000000000034 -4.4999999999999991 39.500000000000007 12.900000000000004 6.7448593599997668 12.900000000000004 -0.68391308835034159 -5.4999999999999991
decision_type=10 10 10 2 2 10 10 8 10 8 2 10 10 2 8 10 10 8 10 10 10 2 8
left_child=1 4 11 7 5 6 -1 12 9 13 -11 19 -4 -3 17 -16 20 -10 -18 22 -6 -9 -2
right_child=2 8 3 -5 16 -7 -8 21 14 10 -12 -13 -14 -15 15 -17 18 -19 -20 -21 -22 -23 -24
leaf_value=-0.012417975026448105 0.43743159432668943 0.21288217199004947 0.55691777710285451 2.3603387181957562 -0.32614533908414911 2.1723893690109253 0.12769585532813502 -0.58494569761412485 0.18671860979921229 0.30166554176807403 1.9067265229862791 1.1657931287288665 1.6718999051999661 1.3851359704732895 1.1171816490031778 -0.01736201941384934 -0.10606291046704974 -0.48838062530481507 0.55094418458019701 -0.79207911406244547 -1.1282311081886292 0.25904785772928823 -0.094473033807932955
leaf_weight=31617 37 310 180 24 454 20 2947 35 109 25 43 25 31 25 55 96 2751 133 60 28 21 26 156
leaf_count=31617 37 310 180 24 454 20 2947 35 109 25 43 25 31 25 55 96 2751 133 60 28 21 26 156
internal_value=0.000137471 -0.00512099 0.375273 0.658731 -0.0106506 0.000784998 -0.000471572 0.508589 0.257951 0.471843 1.31663 0.0342024 0.72073 0.300364 0.0386156 0.395882 -0.131006 -0.184307 -0.0920393 -0.0938056 -0.361606 -0.225211 0.00749832
internal_weight=39208 38666 542 296 37870 34584 34564 272 796 403 68 246 211 335 393 151 3286 242 2811 221 475 61 193
internal_count=39208 38666 542 296 37870 34584 34564 272 796 403 68 246 211 335 393 151 3286 242 2811 221 475 61 193
is_linear=0
shrinkage=0.05


Tree=47
num_leaves=28
num_cat=0
split_feature=19 4 0 5 20 1 24 4 23 19 21 2 13 24 13 12 17 21 21 13 1 19 21 3 19 20 21
split_gain=27969.8 31009.1 43704.4 37767.8 35433.8 19169.9 14881.9 18034.1 14756.6 32628.2 56030.5 21992.7 22119.4 21607.8 11739.9 10754.4 8764.16 8052.95 9003.56 4928.17 7454.58 4875.92 4062.1 4013.72 1159.25 968.423 1103.5
threshold=11.500000000000004 63.500000000000007 15.500000000000002 -2.4999999999999996 46.300000000000018 217.50000000000003 -0.86529924138975423 91.500000000000014 0.72947329433276265 1.0000000180025095e-35 1.5000000000000002 68.500000000000014 90.500000000000014 0.83827194252655779 162.50000000000003 8.9378901271701263 4.5000000000000027 32.899999999999991 36.300000000000018 14.500000000000002 -4.4999999999999991 17.500000000000007 31.29999999999999 275.50000000000006 31.399999999999995 60.70000000000001 54.200000000000031
decision_type=10 8 2 10 8 10 2 8 2 10 8 10 10 2 8 10 10 10 10 8 8 10 10 8 10 10 10
left_child=5 2 19 -4 -5 8 17 15 11 16 -11 12 -1 -13 -9 -8 -10 21 -19 20 -2 -3 23 -7 -21 26 -24
right_child=1 6 3 4 -6 22 7 14 9 10 -12 13 -14 -15 -16 -17 -18 18 -20 24 -22 -23 25 -25 -26 -27 -28
leaf_value=-0.0069362207901787322 0.84357804427189498 0.1859637367954621 2.2750031769275667 0.39055714884260517 1.5646419044170115 -0.56038526860443327 0.34910577564012435 0.42325139077829904 -0.016772092893294222 0.90501588435154268 0.12241504040899864 -0.087790177549789017 0.53340073353586559 -0.49999004477006798 -0.14313887563420086 -0.88941163815698543 0.96112393322198286 1.2232844227552415 0.292211370243112 -0.2184864375769168 -0.033418610111499825 -0.70679920330643664 -0.18123961216019047 -1.425844923655192 -0.55900669222877875 -0.045195263065397742 -0.54288954373561971
leaf_weight=22634 28 65 32 598 72 37 21 116 5996 254 2297 5355 191 338 433 106 23 40 74 129 180 20 31 21 31 20 66
leaf_count=22634 28 65 32 598 72 37 21 116 5996 254 2297 5355 191 338 433 106 23 40 74 129 180 20 31 21 31 20 66
internal_value=0.000130598 0.184975 0.365512 0.596877 0.516727 -0.00951765 -0.0357962 -0.147675 -0.0070542 0.0504786 0.200338 -0.0243435 -0.00241467 -0.112263 -0.0234644 -0.684617 -0.0130353 0.344255 0.618904 -0.07584 0.0846386 -0.0240981 -0.5316 -0.873741 -0.284462 -0.361992 -0.427311
internal_weight=39208 1945 1070 702 670 37263 875 676 37088 8570 2551 28518 22825 5693 549 127 6019 199 114 368 208 85 175 58 160 117 97
internal_count=39208 1945 1070 702 670 37263 875 676 37088 8570 2551 28518 22825 5693 549 127 6019 199 114 368 208 85 175 58 160 117 97
is_linear=0
shrinkage=0.05


Tree=48
num_leaves=26
num_cat=0
split_feature=15 11 5 24 19 0 1 8 10 19 5 10 20 19 19 20 0 11 14 19 0 17 15 13 4
split_gain=25899.5 20154.8 18473.3 27542.5 17707.4 18867.3 14813.1 14810.7 15783.4 23800.3 11949.3 11596.5 12635.6 10187.7 9453.62 15233 10425.8 7345.8 7343.84 7084.77 7079.52 4646.35 2713.38 2480.39 2380.58
threshold=1.5000000000000002 1.0000000180025095e-35 21.500000000000004 0.69325554713765702 38.100000000000016 72.500000000000014 213.50000000000003 2.5000000000000004 40.500000000000007 19.300000000000001 -4.4999999999999991 -15.499999999999998 8.100000000000005 15.100000000000003 12.800000000000002 46.800000000000011 -4.4999999999999991 -21.499999999999996 68.500000000000014 19.300000000000001 97.500000000000014 13.700000000000003 1.9000000000000001 208.50000000000003 118.50000000000001
decision_type=10 10 10 2 8 2 10 8 8 10 8 8 10 10 10 8 2 10 10 10 2 10 10 8 10
left_child=1 6 10 4 18 -6 14 11 9 -9 13 23 -13 -2 16 -16 -1 24 -4 -19 -10 22 -12 -3 -8
right_child=2 7 3 -5 5 -7 17 8 20 -11 21 12 -14 -15 15 -17 -18 19 -20 -21 -22 -23 -24 -25 -26
leaf_value=0.061709799843586322 -0.040058832255101977 -0.36680765155134565 0.41091669231840655 2.2331675507128241 2.3822315996343439 0.56716853380203247 -1.3155489671797982 0.32675694799048299 0.46381749682128426 1.5536432189020246 0.22871489349752663 0.024343376143271894 0.18436320059784106 1.2222342353878599 0.098075140643896178 1.0725708350885748 -0.042523706477850941 -0.46201348486900717 -0.28382132461667064 0.10883564965306072 -0.2496142357393028 -0.76376472978756349 -0.22020350847103934 -0.12052008867502398 -0.6456826369381613
leaf_weight=2692 31 177 159 24 22 41 21 389 45 44 50 10550 1397 33 595 43 22044 154 50 84 153 29 103 242 36
leaf_count=2692 31 177 159 24 22 41 21 389 45 44 50 10550 1397 33 595 43 22044 154 50 84 153 29 103 242 36
internal_value=0.000124068 -0.00468724 0.34336 0.609472 0.466205 1.201 -0.0303741 0.0460442 0.282329 0.451429 0.0231606 0.0339873 0.043055 0.610811 -0.0262787 0.163754 -0.0311801 -0.382641 0.244711 -0.260537 -0.0874707 -0.183486 -0.0734981 -0.22456 -0.892475
internal_weight=39208 38666 542 296 272 63 25669 12997 631 433 246 12366 11947 64 25374 638 24736 295 209 238 198 182 153 419 57
internal_count=39208 38666 542 296 272 63 25669 12997 631 433 246 12366 11947 64 25374 638 24736 295 209 238 198 182 153 419 57
is_linear=0
shrinkage=0.05


Tree=49
num_leaves=30
num_cat=0
split_feature=8 23 16 20 20 20 0 20 24 3 21 14 24 10 22 25 25 14 12 4 20 24 5 24 11 21 9 1 4
split_gain=22979.9 18576.9 19389.8 19440.8 23400.8 18657.7 17115.6 25897.8 21735.2 34574.4 17605.2 15835 70187.4 14287.6 13853.7 17724.9 44453.6 11950.3 10168.7 10029.2 11030.6 8126.23 7521.36 6348.3 4903.34 4388.61 3942.54 3167.34 2658.98
threshold=1.5000000000000002 0.22695468355932433 1.5000000000000002 35.300000000000018 30.400000000000009 41.800000000000018 109.50000000000001 7.5000000000000027 -0.38168568572378597 25.500000000000004 9.6000000000000032 103.50000000000001 0.50495637864894027 4.5000000000000009 -0.25881904510252113 0.70252747416915695 0.70860043010605911 -9.4999999999999982 6.7448593599997668 54.500000000000007 36.800000000000011 0.84753307444029569 90.500000000000014 -0.97873101657557326 5.5000000000000009 1.5000000000000002 10.500000000000002 237.50000000000003 94.500000000000014
decision_type=10 2 10 10 10 10 2 10 2 8 10 10 2 10 2 2 2 10 8 10 10 2 10 2 10 8 10 10 10
left_child=6 5 3 4 -3 19 7 11 9 -9 -10 13 -13 -1 15 21 -17 -7 -4 20 -2 -8 25 -24 -20 -16 -21 -19 -5
right_child=1 2 18 28 -6 17 14 8 10 -11 -12 12 -14 -15 22 16 -18 27 24 26 -22 -23 23 -25 -26 -27 -28 -29 -30
leaf_value=-0.0030777627415115296 0.080851398159623777 0.24827703056658096 1.7223186640903869 -1.164543530486879 1.7761826166739831 1.7125830766700565 -0.097373233478921503 0.0074741256506198773 0.51844894172816447 0.46766008988147184 -0.063189269953153923 -0.34893502981354629 1.5555019887118806 -0.11596528319494795 0.16303285915138466 2.4882849932781288 0.13953776880270904 0.55229009303354448 0.92617663624194957 -0.180469036558423 -1.1138429743051528 -0.71297268209786258 0.28210887897324255 -0.183050007075863 0.21120921396895459 -0.49425626012834378 -0.61591474738988017 -0.17133414447307588 -0.40809400173333982
leaf_weight=27814 569 693 29 21 26 21 708 733 145 921 1266 118 82 3117 28 21 495 62 65 127 20 58 77 1547 38 273 88 20 26
leaf_count=27814 569 693 29 21 26 21 708 733 145 921 1266 118 82 3117 28 21 495 62 65 127 20 58 77 1547 38 273 88 20 26
internal_value=0.000117864 0.174367 0.335574 0.239126 0.303528 0.0147597 -0.00829108 0.00206688 0.140741 0.26372 -0.0034178 -0.0115863 0.431884 -0.0144537 -0.118737 0.00860571 0.235126 0.648345 0.895263 -0.0664086 0.0402845 -0.143985 -0.203544 -0.160995 0.662402 -0.433113 -0.358698 0.375796 -0.746082
internal_weight=39208 1805 898 766 719 907 37403 34196 3065 1654 1411 31131 200 30931 3207 1282 516 103 132 804 589 766 1925 1624 103 301 215 82 47
internal_count=39208 1805 898 766 719 907 37403 34196 3065 1654 1411 31131 200 30931 3207 1282 516 103 132 804 589 766 1925 1624 103 301 215 82 47
is_linear=0
shrinkage=0.05


Tree=50
num_leaves=29
num_cat=0
split_feature=8 19 25 14 7 0 13 19 25 25 24 23 23 24 24 25 0 25 6 20 20 21 4 13 7 17 20 9
split_gain=24566.7 24533.2 43996 23386.6 39050.5 21278.5 17640.5 75259 36513.4 17394.6 35358.8 27595 14894.3 22507 44624.4 13044.3 10665.7 12893.8 9635.39 9133.66 13358.5 8638.53 8468.83 4400.74 5106.51 3597.8 3169.28 371.299
threshold=1.0000000180025095e-35 18.100000000000005 -0.89388548498445497 26.500000000000004 53.500000000000007 68.500000000000014 92.500000000000014 3.3000000000000012 0.53435276464917691 0.098816478347602058 0.9937373780806833 0.58216583101416119 -0.58216583101416131 0.45972848220565493 0.5772862706790628 0.99962961997441069 -4.4999999999999991 -0.58427653070765284 20.500000000000004 29.29999999999999 18.300000000000004 17.700000000000006 21.500000000000004 108.50000000000001 137.50000000000003 3.5000000000000013 19.100000000000001 2.5000000000000004
decision_type=10 10 2 8 8 2 10 8 2 2 2 2 2 2 2 2 2 2 10 10 10 10 8 8 10 8 10 10
left_child=5 9 22 18 -5 6 16 8 -8 19 11 -11 23 15 -15 -14 21 -18 -4 20 -2 -1 25 26 -25 -3 -7 -21
right_child=1 2 3 4 -6 12 7 -9 -10 10 -12 -13 13 14 -16 -17 17 -19 -20 27 -22 -23 -24 24 -26 -27 -28 -29
leaf_value=0.073321907275841064 -0.037382716432715984 2.3976083946228028 0.067881371986407507 0.83436125994617627 -0.35322112105786801 -0.12633370043876943 -0.24324027762635594 3.3648624420166016 1.1982425832846126 0.015264741107913355 1.9871917091883144 0.35148195699980811 -0.12238093713113714 0.68138625316946988 -0.041133203523477761 0.5442673445542654 -0.081875450815743434 0.0062720516362197018 -0.81863473263280151 -0.60638360134933311 0.36714777065160342 0.98829206844361939 0.83469124163190522 -0.32507122945553957 -0.13460537825766822 1.4978830800205469 0.42460373816666785 -0.90095253229141248
leaf_weight=3301 2995 25 65 220 101 786 157 20 61 1723 26 945 3393 292 797 75 5509 16800 58 23 219 26 24 925 568 20 27 20
leaf_count=3301 2995 25 65 220 101 786 157 20 61 1723 26 945 3393 292 797 75 5509 16800 58 23 219 26 24 925 568 20 27 20
internal_value=-0.00223524 0.0868414 0.418608 0.236071 0.460698 -0.0198236 0.000937278 0.429417 0.16011 0.0582418 0.152234 0.134352 -0.0980938 -0.045696 0.1526 -0.107964 -0.00304065 -0.0154952 -0.350151 -0.0195031 -0.00981826 0.0804723 1.5932 -0.20164 -0.25261 1.99773 -0.108037 -0.743392
internal_weight=39201 6464 513 444 321 32737 25874 238 218 5951 2694 2668 6863 4557 1089 3468 25636 22309 123 3257 3214 3327 69 2306 1493 45 813 43
internal_count=39201 6464 513 444 321 32737 25874 238 218 5951 2694 2668 6863 4557 1089 3468 25636 22309 123 3257 3214 3327 69 2306 1493 45 813 43
is_linear=0
shrinkage=0.05


Tree=51
num_leaves=31
num_cat=0
split_feature=8 19 5 4 0 23 21 24 23 24 16 13 17 21 22 23 19 4 2 1 13 17 12 20 21 18 19 19 7 21
split_gain=22171.5 22141.2 23447.2 21252.9 19768.7 19731 20913.9 20694.6 14433.7 16840 30796.1 13922.4 17861.1 23999.4 13474.9 11781.9 10252.1 14183.9 10133.1 9821.11 8919.05 10502.9 7138.92 6775.29 25520.1 11024.7 5268.08 14166.8 4643.06 3956.51
threshold=1.0000000180025095e-35 18.100000000000005 59.500000000000007 87.500000000000014 40.500000000000007 -0.22695468355932455 60.400000000000027 0.14153898451656993 -0.5277851165098012 1.0000000180025095e-35 1.0000000180025095e-35 26.500000000000004 2.5000000000000013 5.1000000000000023 -0.5 0.68322629814330826 14.200000000000005 16.500000000000004 224.50000000000003 169.50000000000003 108.50000000000001 3.9000000000000017 3.2253938179816388 8.5000000000000053 10.299999999999999 2.5000000000000013 2.5000000000000013 2.100000000000001 137.50000000000003 7.6000000000000023
decision_type=10 10 10 8 2 2 8 2 2 2 10 10 10 8 2 2 10 10 10 8 8 10 10 10 8 10 10 10 10 10
left_child=4 11 5 -4 14 6 -3 -7 20 19 -11 26 15 -14 16 -13 22 -18 -5 -10 21 -6 -1 25 -25 -16 27 -2 -22 -28
right_child=1 2 3 18 8 7 -8 -9 9 10 -12 12 13 -15 23 -17 17 -19 -20 -21 28 -23 -24 24 -26 -27 29 -29 -30 -31
leaf_value=-0.015078025334717641 -9.4614788582831602e-05 -0.18177415231223573 -1.4486322333415351 0.43341773157366198 -0.096154710650107555 1.1979709264923293 1.5939670634269714 0.046403509553741007 -0.063824353353632304 0.012870261280224032 0.55587859402439299 0.016409936762905499 2.1675866240262986 0.37722317852743276 0.040807695958344707 0.24605754556208581 -0.059325080154077059 1.18789160579443 -0.4269901787825659 -0.34133105167649314 -0.29492800528690011 0.81547945970669389 -0.12111522441525949 0.88147621386950581 0.067939851151253075 -0.20473643787637796 -0.348233208825244 1.2741373950784858 -0.12233069375782323 -0.058742618976393712
leaf_weight=4646 2566 97 24 104 2491 166 20 51 4903 2399 293 1716 20 292 12156 828 53 40 51 341 1085 32 2411 112 692 475 187 22 608 320
leaf_count=4646 2566 97 24 104 2491 166 20 51 4903 2399 293 1716 20 292 12156 828 53 40 51 341 1085 32 2411 112 692 475 187 22 608 320
internal_value=-0.00212348 0.0824993 0.397678 -0.0640683 -0.0188325 0.645141 0.121771 0.927326 -0.0694023 -0.0296845 0.0719718 0.0553297 0.134943 0.49199 0.0110206 0.0911537 -0.0444322 0.477112 0.150316 -0.0818697 -0.144165 -0.0845922 -0.0513053 0.0405321 0.181268 0.0315738 -0.0181354 0.0107373 -0.232944 -0.165517
internal_weight=39201 6464 513 179 32737 334 117 217 12152 7936 2692 5951 2856 312 20585 2544 7150 93 155 5244 4216 2523 7057 13435 804 12631 3095 2588 1693 507
internal_count=39201 6464 513 179 32737 334 117 217 12152 7936 2692 5951 2856 312 20585 2544 7150 93 155 5244 4216 2523 7057 13435 804 12631 3095 2588 1693 507
is_linear=0
shrinkage=0.05


Tree=52
num_leaves=29
num_cat=0
split_feature=8 19 25 14 7 0 25 24 24 25 6 6 10 7 17 10 25 19 20 20 0 25 10 3 4 24 17 9
split_gain=20009.8 19982.5 37644.1 21098.9 31548.9 17841.3 15041 31345.8 17101.7 14492.8 49710.1 14059.2 13813.9 13362.5 13271.9 12876.7 12629.8 17804.7 8402.05 11846 8193.19 8716.12 7842.94 7752.82 7155.41 5294.99 3136.61 352.91
threshold=1.0000000180025095e-35 18.100000000000005 -0.89388548498445497 25.500000000000004 53.500000000000007 40.500000000000007 0.098816478347602058 0.9937373780806833 1.0000000180025095e-35 0.99962961997441069 83.500000000000014 20.500000000000004 -9.4999999999999982 36.500000000000007 0.50000000000000011 -3.4999999999999996 0.48250774176121808 1.0000000180025095e-35 29.29999999999999 14.899999999999999 22.500000000000004 0.95493138204271821 -8.4999999999999982 75.500000000000014 21.500000000000004 0.96900085243778589 3.5000000000000013 2.5000000000000004
decision_type=10 10 2 8 8 2 2 2 2 2 10 10 10 10 10 10 2 10 10 10 2 2 8 10 8 2 8 10
left_child=5 6 24 11 -5 15 18 8 -8 12 23 -4 13 -7 -14 20 25 -18 19 -2 22 -22 -1 -11 26 -17 -3 -20
right_child=1 2 3 4 -6 9 7 -9 -10 10 -12 -13 14 -15 -16 16 17 -19 27 -21 21 -23 -24 -25 -26 -27 -28 -29
leaf_value=0.335753067831768 -0.047455282566818968 2.2095009994506838 0.050800577551126484 0.71954354272555499 -0.33281574629831551 -0.36755229733675238 0.029302655243283432 1.8676619804822483 0.29392089822967526 0.54380929533392197 2.4620482940673831 -1.1315732313365472 -0.06472750370932509 -0.10481716054627335 0.13019906072488896 -0.047306178120489172 0.014309227242499693 0.3313613687928858 -0.58045060634613044 0.23850718545962502 -0.093011601251183518 0.26547588411128925 0.082486868403759017 -0.33109089334805808 0.76707634975512828 0.085756366694250963 1.3694186714291572 -0.86763257324695597
leaf_weight=327 2798 25 65 236 102 677 1722 26 946 40 25 41 8673 1697 971 10845 2009 568 23 416 1146 199 4688 69 24 803 20 20
leaf_count=327 2798 25 65 236 102 677 1722 26 946 40 25 41 8673 1697 971 10845 2009 568 23 416 1146 199 4688 69 24 803 20 20
internal_value=-0.0020173 0.0783744 0.377794 0.208947 0.401968 -0.0178908 0.0525632 0.139966 0.123129 -0.0659322 0.451181 -0.406533 -0.071698 -0.179742 -0.0451014 0.0104695 -0.0159728 0.0841911 -0.019731 -0.0104421 0.0696113 -0.0399714 0.0990009 -0.0100266 1.46429 -0.038133 1.83613 -0.714024
internal_weight=39201 6464 513 444 338 32737 5951 2694 2668 12152 134 106 12018 2374 9644 20585 14225 2577 3257 3214 6360 1345 5015 109 69 11648 45 43
internal_count=39201 6464 513 444 338 32737 5951 2694 2668 12152 134 106 12018 2374 9644 20585 14225 2577 3257 3214 6360 1345 5015 109 69 11648 45 43
is_linear=0
shrinkage=0.05


Tree=53
num_leaves=28
num_cat=0
split_feature=11 17 12 24 25 19 0 19 21 21 12 25 19 22 11 25 2 24 20 19 20 21 24 4 4 17 4
split_gain=18154.1 14743.9 20447.2 34452.6 47114.7 33443.3 13755.7 12200.5 13404.2 12478.9 11799.6 11179.5 11143.9 30210.1 8529.79 8000.33 14849 10825.5 7512.49 6480.95 6332.16 5986.14 6177.19 3435.2 2870.23 1982.71 1391.6
threshold=1.0000000180025095e-35 0.70000000000000018 14.423004471571931 0.45972848220565493 0.098816478347602058 0.90000000000000013 215.50000000000003 9.6000000000000032 10.299999999999999 20.300000000000004 4.4032947393167392 0.99962961997441069 19.900000000000006 1.0000000180025095e-35 -21.499999999999996 0.70252747416915695 61.500000000000007 0.10738035228456497 9.1000000000000032 18.5 36.800000000000011 79.100000000000051 0.73831951690629083 157.50000000000003 122.50000000000001 1.7000000000000004 251.50000000000003
decision_type=10 10 8 2 2 10 2 10 8 8 10 2 10 2 10 2 10 2 10 10 10 10 2 10 10 10 10
left_child=6 12 3 5 -5 -3 7 10 -9 -10 18 -12 15 -14 24 16 -2 -17 -1 25 -15 22 -4 -23 -8 -16 -21
right_child=1 2 21 4 -6 -7 14 8 9 -11 11 -13 13 20 19 17 -18 -19 -20 26 -22 23 -24 -25 -26 -27 -28
leaf_value=-0.011849886292635142 0.026725485675472206 1.5093214654109695 0.025672877470894556 0.029612435543766392 1.4525986850445132 0.10207236456824959 -1.4271412122249605 1.3062662386024992 -0.10895870713658942 0.23786122035586854 -0.088462284216668005 0.45736387038701465 1.7233738507436855 0.45548327348449019 -0.35886200633244358 0.024058712634551123 -0.14713524631412678 0.22763986138360842 0.20482153841936054 -0.11507489417933606 -0.66943437929811145 -0.98257537710255594 -0.6052461463619363 -0.18278875821828844 -0.65385926802953087 -0.81992274892741246 0.27619092090332764
leaf_weight=16494 7009 44 328 104 132 1043 20 24 407 715 7497 95 35 22 119 1957 1489 980 410 44 29 29 44 25 30 29 47
leaf_count=16494 7009 44 328 104 132 1043 20 24 407 715 7497 95 35 22 119 1957 1489 980 410 44 29 29 44 25 30 29 47
internal_value=-0.00191644 0.045648 0.180915 0.277925 0.82552 0.159036 -0.0262572 -0.0223911 0.137064 0.112054 -0.0298509 -0.0816323 0.0251132 0.592153 -0.369285 0.0208487 -0.00373799 0.0919884 -0.0065946 -0.24504 -0.184176 -0.120363 -0.048952 -0.612304 -0.963172 -0.449205 0.0870074
internal_weight=39201 13270 1749 1323 236 1087 25931 25642 1146 1122 24496 7592 11521 86 289 11435 8498 2937 16904 239 51 426 372 54 50 148 91
internal_count=39201 13270 1749 1323 236 1087 25931 25642 1146 1122 24496 7592 11521 86 289 11435 8498 2937 16904 239 51 426 372 54 50 148 91
is_linear=0
shrinkage=0.05


Tree=54
num_leaves=28
num_cat=0
split_feature=8 19 23 21 10 0 6 23 25 6 25 22 10 20 10 6 19 17 10 10 12 18 7 10 20 4 11
split_gain=16779.9 17840.7 20573.4 31027.5 24435.2 15400.9 13081.9 12856.7 18991.8 49265.9 15012.3 12122 16843.7 8872.14 13368.1 10588 8804.32 12313.7 7334.34 6790.64 6364.65 6808.47 6153.12 5863.05 4153.19 3403.37 2255.05
threshold=1.0000000180025095e-35 1.0000000180025095e-35 0.16280825711809002 0.3000000000000001 50.500000000000007 40.500000000000007 127.50000000000001 -0.5277851165098012 0.99962961997441069 82.500000000000014 0.51972456038539816 -0.5 -8.4999999999999982 41.800000000000018 32.500000000000007 -7.4999999999999991 14.200000000000005 1.7000000000000004 3.5000000000000004 -2.4999999999999996 16.865220106333563 3.1000000000000019 1.0000000180025095e-35 1.5000000000000002 8.100000000000005 90.500000000000014 -2.4999999999999996
decision_type=10 10 2 8 10 2 10 2 2 10 2 2 8 10 10 10 10 10 10 10 10 10 8 10 10 10 10
left_child=5 6 13 -4 -5 11 23 20 10 -10 -9 16 22 14 -3 -15 18 -18 -1 -14 21 -7 -13 25 -25 -2 -22
right_child=1 2 3 4 -6 7 -8 8 9 -11 -12 12 19 15 -16 -17 17 -19 -20 -21 26 -23 -24 24 -26 -27 -28
leaf_value=-0.030121548330695531 0.065748043125849878 0.046186773936219568 2.1086724753289121 0.3248701679585238 -0.34315567468047931 -0.11696818388567154 0.93563326829009597 -0.11275216343939982 0.040023997606653157 2.8205133460816882 0.027307782535891001 0.93728394255689962 0.075546815564918851 1.5095463526248931 -0.49833454733683924 0.23769303325149749 1.4742877071554013 0.12045440368459259 -0.18680776331216664 0.001385990551358348 -0.45849445050169946 0.28804185052759185 0.31011038432433002 -0.09949439046586192 0.30784112190971014 -0.40209902852773666 -0.22741290418532173
leaf_weight=6208 1379 1481 23 1377 152 3434 36 3304 66 21 4545 46 4963 20 122 90 22 71 849 8165 131 107 261 1679 65 40 544
leaf_count=6208 1379 1481 23 1377 152 3434 36 3304 66 21 4545 46 4963 20 122 90 22 71 849 8165 131 107 261 1679 65 40 544
internal_value=-0.00182061 0.0717975 0.15402 0.28588 0.258461 -0.0163567 -0.0121213 -0.0609917 -0.0235064 0.711177 -0.0316498 0.00999279 0.0379836 0.0345529 0.00474473 0.468939 -0.0426025 0.440716 -0.0489719 0.0294223 -0.131552 -0.10473 0.404084 -0.0229083 -0.0843127 0.05256 -0.27226
internal_weight=39201 6464 3265 1552 1529 32737 3199 12152 7936 87 7849 20585 13435 1713 1603 110 7150 93 7057 13128 4216 3541 307 3163 1744 1419 675
internal_count=39201 6464 3265 1552 1529 32737 3199 12152 7936 87 7849 20585 13435 1713 1603 110 7150 93 7057 13128 4216 3541 307 3163 1744 1419 675
is_linear=0
shrinkage=0.05


Tree=55
num_leaves=31
num_cat=0
split_feature=19 25 20 22 25 23 19 24 13 24 19 20 0 3 24 14 24 17 0 24 20 15 24 19 19 18 0 10 23 13
split_gain=20437.7 28246 34315.2 20416.1 18678.3 38402.4 34942.5 38573.2 27485.4 24338.5 23500.2 58468.2 17827 25390.8 17664.3 17572.7 17281.7 16168 11818.4 10930.9 10235.6 8801.57 8096.88 7074.87 4444.26 5576.96 4382.35 4060.71 2741.82 1672.64
threshold=10.500000000000002 -0.76107606668641947 20.100000000000001 -0.70710678118654735 0.48250774176121808 0.63405362205439486 1.0000000180025095e-35 -0.021515898191483748 108.50000000000001 -0.86095304316285715 8.5000000000000053 10.200000000000005 82.500000000000014 8.5000000000000018 -0.89391031859722869 24.500000000000004 0.29259762607704992 2.7000000000000011 -16.499999999999996 -0.90149333598846371 9.1000000000000032 2.7000000000000006 0.66484924122790601 36.300000000000018 6.900000000000003 1.1000000000000003 -20.499999999999996 13.500000000000002 -0.93540483100319605 6.5000000000000009
decision_type=10 2 8 2 2 2 8 2 10 2 10 10 2 10 2 10 2 8 2 2 10 10 2 10 8 10 2 10 2 8
left_child=4 2 28 14 8 10 9 -8 18 -7 16 -12 13 -4 15 -3 -6 19 26 -5 -20 -16 -19 -14 25 -10 -1 -26 -2 -30
right_child=1 3 12 17 5 6 7 -9 24 -11 11 -13 23 -15 21 -17 -18 22 20 -21 -22 -23 -24 -25 27 -27 -28 -29 29 -31
leaf_value=0.90377342605590827 0.41189889957507453 0.4865423619510636 0.1611463391262552 0.17579632551478061 -0.058799557416601783 1.6810149809588557 0.19781734442843094 0.78262153270647827 -0.21983063633337188 0.045662083175772784 2.7840542558294077 -0.18235248398521675 -0.15926539645614951 1.5293571809003521 0.070400398727424707 1.9108304316347298 0.10168366190378818 0.08553459958798483 -0.030476230331819478 -0.30985437122776016 0.10969002335772145 0.92198246843248077 0.64465624214443451 0.82690686218200193 0.1668185531426736 -0.54245519202951387 0.21787352337097912 -0.40775892043985973 0.298310267499515 -0.18480313541214977
leaf_weight=25 30 63 46 149 6619 23 834 426 1411 2106 26 46 44 129 228 33 2247 573 21369 521 1387 35 73 31 123 148 340 41 21 122
leaf_count=25 30 63 46 149 6619 23 834 426 1411 2106 26 46 44 129 228 33 2247 573 21369 521 1387 35 73 31 123 148 340 41 21 122
internal_value=0.00177377 0.153605 0.51868 0.0614096 -0.00679586 0.0435216 0.186841 0.395537 -0.0317622 0.0633291 -0.0108205 0.88885 0.893305 1.16971 0.395627 0.976141 -0.0181267 -0.0297639 -0.0174056 -0.201851 -0.021933 0.183729 0.148717 0.248352 -0.224413 -0.250458 0.264853 0.0231742 -0.022685 -0.113856
internal_weight=39269 2098 423 1675 37171 12327 3389 1260 24844 2129 8938 72 250 175 359 96 8866 1316 23121 670 22756 263 646 75 1723 1559 365 164 173 143
internal_count=39269 2098 423 1675 37171 12327 3389 1260 24844 2129 8938 72 250 175 359 96 8866 1316 23121 670 22756 263 646 75 1723 1559 365 164 173 143
is_linear=0
shrinkage=0.05


Tree=56
num_leaves=25
num_cat=0
split_feature=15 13 6 0 8 20 20 9 20 0 20 13 3 7 0 10 18 13 10 6 22 12 22 12
split_gain=14238.7 13375.4 13350.9 31926.6 11558.1 11073.3 10196 9371.98 12389.5 8402.26 8377.87 7097.15 6295.94 6010.69 7820.46 5385.7 5132.77 3276.09 4513.62 2912.43 2377.65 2187.04 1551.97 1490.85
threshold=1.1000000000000003 240.50000000000003 90.500000000000014 137.50000000000003 2.5000000000000004 9.5000000000000036 11.100000000000003 19.500000000000004 30.400000000000009 -6.4999999999999991 8.100000000000005 -2.4999999999999996 34.500000000000007 -5.4999999999999991 15.500000000000002 50.500000000000007 38.500000000000014 274.50000000000006 -26.499999999999996 134.50000000000003 -0.9103761370219875 5.2835469508614858 0.63405362205439497 25.127977163895835
decision_type=10 10 10 2 10 10 8 8 10 2 10 10 8 8 2 10 10 10 10 8 2 8 2 8
left_child=1 4 6 5 9 -4 20 8 -6 11 -11 -1 -9 14 -8 17 -15 19 -19 -3 -2 -22 -17 -5
right_child=2 15 3 23 7 -7 13 12 -10 10 -12 -13 -14 16 -16 22 -18 18 -20 -21 21 -23 -24 -25
leaf_value=0.034865452682333375 -0.49409581208840403 -0.66460179203691394 2.5059219737847647 -0.42348381104292693 0.24798721382817762 1.0089159168799717 0.18209965010596948 0.67303334857736319 1.0908013883293892 -0.018892216102942581 0.060679253053992938 0.21475236405367495 -0.12013440432106244 0.13323722099858193 1.1359589044536864 -0.51868408780831554 0.87532082331180572 0.44556479487154221 -0.16662157643181474 -0.24229596086839017 0.026360261113357361 -0.38306638229460943 -1.1045381969213486 0.14607640892267226
leaf_weight=2467 39 52 21 27 396 30 44 28 49 30390 3712 705 235 343 42 26 25 36 184 190 146 42 20 20
leaf_count=2467 39 52 21 27 396 30 44 28 49 30390 3712 705 235 343 42 26 25 36 184 190 146 42 20 20
internal_value=0.00168508 -0.00259818 0.213319 0.758972 0.000810541 1.62533 0.134796 0.20094 0.340791 -0.00299081 -0.0102309 0.0748466 -0.0356907 0.271599 0.647938 -0.257461 0.183651 -0.20609 -0.0664456 -0.333039 -0.13881 -0.0651074 -0.773403 -0.181118
internal_weight=39269 38490 779 98 37982 51 681 708 445 37274 34102 3172 263 454 86 508 368 462 220 242 227 188 46 47
internal_count=39269 38490 779 98 37982 51 681 708 445 37274 34102 3172 263 454 86 508 368 462 220 242 227 188 46 47
is_linear=0
shrinkage=0.05


Tree=57
num_leaves=31
num_cat=0
split_feature=19 25 20 12 19 22 25 24 19 20 7 14 19 20 24 24 7 3 10 4 17 24 24 0 7 18 2 22 18 8
split_gain=17310.4 25611.2 27523.7 18463.6 19021.3 17963.9 16991.8 25455.9 54720.5 65956.5 51014.7 20579.5 19485.3 53813 17422.9 16338.7 16660.8 15950.9 13275.1 14741.7 13189.6 12559 9845.79 8256.15 7798.44 7719.27 6139.73 1863.99 1719.92 1502.27
threshold=10.500000000000002 -0.74979862697202038 19.600000000000001 29.481589127149871 17.700000000000006 -0.70710678118654735 0.48250774176121808 1.0000000180025095e-35 4.1000000000000023 9.6000000000000032 41.500000000000007 28.500000000000004 8.5000000000000053 10.200000000000005 -0.78829775591774587 -0.89391031859722869 151.50000000000003 25.500000000000004 -2.4999999999999996 31.500000000000004 2.7000000000000011 -0.59125596962661853 -0.90149333598846371 29.500000000000004 -5.4999999999999991 1.1000000000000003 179.50000000000003 -0.32143946530316159 1.1000000000000003 2.5000000000000004
decision_type=10 2 8 10 10 2 2 2 10 10 8 10 10 10 2 2 10 10 8 10 8 2 2 2 8 10 8 2 10 10
left_child=6 2 27 4 -4 15 11 12 10 -10 -9 18 14 -14 -8 17 -17 -3 23 -20 22 26 -7 -1 -22 -23 -13 -2 -29 -5
right_child=1 5 3 29 -6 20 7 8 9 -11 -12 21 13 -15 -16 16 -18 -19 19 -21 24 25 -24 -25 -26 -27 -28 28 -30 -31
leaf_value=0.076028751601982344 -0.211568616644945 0.1596463516354561 0.48161544195505057 0.16008703203304955 1.350661850183509 0.16282433674439489 0.16426786353577119 0.5557250193536295 2.1123274750806189 -0.33221600136973639 0.041987083521964209 -0.052266204640484648 2.7404440996547539 -0.15925904615238931 -0.049107581651390696 0.015777099474587226 1.4031588772932688 1.4669417389269386 -0.043493620935583163 0.22143139152249738 0.64002730259389595 -0.21146017651192259 -0.29909240583544727 -0.13716887498435601 0.065115383130473062 -0.80879496697868625 -0.35802537228825482 0.51517419077101212 0.0032334538251161575 -0.39465546688208214
leaf_weight=5261 80 40 123 23 129 149 1114 556 74 44 3692 3613 24 48 6775 220 24 56 13116 547 66 1582 511 497 555 56 172 21 75 26
leaf_count=5261 80 40 123 23 129 149 1114 556 74 44 3692 3613 24 48 6775 220 24 56 13116 547 66 1582 511 497 555 56 172 21 75 26
internal_value=0.00160082 0.141333 0.463377 0.753804 0.926484 0.0465681 -0.00628594 0.0417061 0.13873 1.2008 0.109228 -0.0300984 -0.011504 0.807309 -0.018977 0.369651 0.152241 0.922235 -0.00605144 -0.0328873 -0.0391839 -0.116216 -0.194811 0.0576267 0.126217 -0.231882 -0.0661607 -0.03332 0.11522 -0.134266
internal_weight=39269 2098 477 301 252 1621 37171 12327 4366 118 4248 24844 7961 72 7889 340 244 96 19421 13663 1281 5423 660 5758 621 1638 3785 176 96 49
internal_count=39269 2098 477 301 252 1621 37171 12327 4366 118 4248 24844 7961 72 7889 340 244 96 19421 13663 1281 5423 660 5758 621 1638 3785 176 96 49
is_linear=0
shrinkage=0.05


Tree=58
num_leaves=29
num_cat=0
split_feature=11 17 25 21 24 12 21 3 0 18 21 18 21 25 6 21 1 9 25 25 23 2 0 21 1 14 14 6
split_gain=13219 14197.5 14492.5 36078.3 36086.2 18040.8 13537.7 14988.3 9684.07 8130.16 13944.7 7916.15 7469.82 6282.93 16868.1 6255.77 6246.89 8899.63 6131.77 6050.07 17643.2 11498.1 5942.97 5737.46 5037.72 5964.63 4577.15 2951.13
threshold=1.0000000180025095e-35 0.70000000000000018 0.098816478347602058 2.7000000000000015 0.823915376013162 12.016350753451475 31.899999999999988 92.500000000000014 139.50000000000003 19.300000000000001 34.300000000000018 6.7000000000000037 31.899999999999988 0.99962961997441069 82.500000000000014 50.800000000000011 194.50000000000003 19.500000000000004 -0.2925894974583354 0.70252747416915695 0.63405362205439486 61.500000000000007 -16.499999999999996 9.2000000000000046 229.50000000000003 65.500000000000014 63.500000000000007 24.500000000000004
decision_type=10 10 2 8 2 8 10 10 2 10 10 10 8 2 10 10 8 8 2 2 2 10 2 8 10 8 10 8
left_child=8 11 6 4 -4 -5 23 -8 9 13 27 19 24 22 -15 -12 26 -18 -13 21 -21 -2 -1 -3 25 -10 -14 -11
right_child=1 2 3 5 -6 -7 7 -9 12 10 15 18 16 14 -16 -17 17 -19 -20 20 -22 -23 -24 -25 -26 -27 -28 -29
leaf_value=0.21550349048440803 0.025024790939788561 -0.26988752156691259 0.67324441320755912 0.39670823771936392 3.1359461284819106 -0.10226230167602893 1.0303527305905635 0.036250202169457638 -0.68281841460863757 -0.65810750637735638 1.3655331099884851 1.1790349231316495 0.35055216083391794 0.10216023946778655 1.6588285005092622 0.30401762490687162 -0.14362903482679412 -1.0567682249792691 0.11269913794738906 -0.002704178568386748 0.26168796594657545 -0.12663023335001328 -0.018674467528740319 0.035645707707345584 -1.0855046808719635 -0.19542490074773888 -0.024285073861153927 0.14590592575073244
leaf_weight=274 7075 229 51 520 21 278 65 91 75 21 35 26 105 134 20 23 334 29 28 1976 927 1518 24154 467 20 385 363 25
leaf_count=274 7075 229 51 520 21 278 65 91 75 21 35 26 105 134 20 23 334 29 28 1976 927 1518 24154 467 20 385 363 25
internal_value=0.00152078 0.0421218 0.176053 0.319597 1.39153 0.222881 0.0294765 0.45046 -0.0192069 -0.0121743 0.428976 0.0221539 -0.151629 -0.0140407 0.304325 0.944587 -0.0609216 -0.21658 0.62612 0.0193169 0.0817228 -0.00176589 -0.0160478 -0.0648817 -0.308667 -0.274891 0.059813 -0.221144
internal_weight=39269 13272 1722 870 72 798 852 156 25997 24686 104 11550 1311 24582 154 58 831 363 54 11496 2903 8593 24428 696 480 460 468 46
internal_count=39269 13272 1722 870 72 798 852 156 25997 24686 104 11550 1311 24582 154 58 831 363 54 11496 2903 8593 24428 696 480 460 468 46
is_linear=0
shrinkage=0.05


Tree=59
num_leaves=29
num_cat=0
split_feature=19 12 21 20 0 24 10 19 5 17 12 24 21 7 0 14 15 13 0 19 20 7 20 1 10 8 24 5
split_gain=14858 18792.4 14722.5 30857.7 12606.4 11503.7 9969.81 11814.7 17739.7 9563.48 9078.31 8751.13 8501.45 14250.7 12316.1 9641.62 8213.92 37167.6 8291.98 7860.2 32841.9 9300.89 7606.09 6985.61 5395.25 5210.97 4802.96 4747.29
threshold=10.500000000000002 15.542420563675455 22.299999999999994 35.500000000000007 150.50000000000003 0.69325554713765702 4.5000000000000009 1.0000000180025095e-35 13.500000000000002 10.500000000000002 7.1422156858348389 -0.2760944163666606 31.29999999999999 39.500000000000007 190.50000000000003 122.50000000000001 1.5000000000000002 83.500000000000014 13.500000000000002 3.3000000000000012 8.7000000000000046 97.500000000000014 29.29999999999999 266.50000000000006 49.500000000000007 5.5000000000000009 0.90149333598846393 101.50000000000001
decision_type=10 8 8 10 2 2 10 8 8 8 10 2 8 8 2 10 10 10 2 10 10 8 10 8 10 10 2 8
left_child=4 2 10 5 6 -4 16 25 -9 -5 26 -12 22 14 -14 -15 18 -18 -1 23 -21 -22 24 27 -3 -8 -2 -6
right_child=1 12 3 9 19 -7 7 8 -10 -11 11 -13 13 15 -16 -17 17 -19 -20 20 21 -23 -24 -25 -26 -27 -28 -29
leaf_value=0.039917301540981165 -0.059554850936972728 -0.089144542014166231 0.56521527480394329 -0.43915042927950076 -0.73285732676470006 1.5927821019600179 -0.15468782595921779 -0.1755542872084021 0.11504659451795994 0.39039380901000081 0.98955913931131367 0.029729038144045691 0.56586932896069531 -0.45057946981707958 -0.052721267309157063 0.1379452742010355 0.025313511149529719 1.8910190589725973 -0.013029702839891848 1.6228065008918446 -0.41385471232569043 0.18701299271666474 -1.0520783397886488 -1.1044712201408717 -0.72894024727375895 0.6016008536635048 0.73334447659552104 -0.19343943229813629
leaf_weight=12062 424 248 448 109 43 29 2342 814 1480 51 48 47 184 157 143 125 161 32 19110 30 134 124 27 23 38 23 20 793
leaf_count=12062 424 248 448 109 43 29 2342 814 1480 51 48 47 184 157 143 125 161 32 19110 30 134 124 27 23 38 23 20 793
internal_value=0.00144474 0.130901 0.263403 0.426138 -0.00586202 0.627688 -0.00066626 -0.0689149 0.0119302 -0.174733 0.0710793 0.514696 -0.0381027 0.0707438 0.295354 -0.189709 0.00947148 0.334653 0.00745813 -0.169046 0.0570044 -0.125066 -0.249884 -0.244835 -0.174152 -0.147333 -0.0238387 -0.221185
internal_weight=39269 2098 1176 637 37171 477 36024 4659 2294 160 539 95 922 609 327 282 31365 193 31172 1147 288 258 313 859 286 2365 444 836
internal_count=39269 2098 1176 637 37171 477 36024 4659 2294 160 539 95 922 609 327 282 31365 193 31172 1147 288 258 313 859 286 2365 444 836
is_linear=0
shrinkage=0.05


Tree=60
num_leaves=25
num_cat=0
split_feature=11 15 6 20 0 19 19 5 23 18 5 6 4 19 23 12 19 22 12 19 20 5 21 4
split_gain=14111.6 15874.4 23299.5 28038.6 8254.34 7527.11 19959.8 17572.6 7264.52 7245.11 11151.5 18577.9 6866.81 6461.84 7016.36 5724.3 14663.2 6784.87 5543.76 5036.71 3499.51 13636.1 2760.65 2632.7
threshold=1.0000000180025095e-35 0.90000000000000013 82.500000000000014 8.100000000000005 217.50000000000003 36.800000000000011 19.900000000000006 52.500000000000007 0.96592582628906831 19.300000000000001 -3.4999999999999996 26.500000000000004 118.50000000000001 41.400000000000013 0.55557023301960229 3.8925595666889587 3.3000000000000012 -0.81241147629689037 9.7377310036065143 17.700000000000006 40.800000000000018 49.500000000000007 17.899999999999995 251.50000000000003
decision_type=10 10 10 10 2 10 10 10 2 10 8 8 10 10 2 10 8 2 8 10 10 10 8 10
left_child=4 5 13 -4 9 6 8 -8 -2 15 -11 -12 -6 14 -3 17 -17 -1 -5 22 -7 -22 -14 -21
right_child=1 2 3 18 12 20 7 -9 -10 10 11 -13 19 -15 -16 16 -18 -19 -20 23 21 -23 -24 -25
leaf_value=-0.064439241151428434 0.016160906148104552 -0.050607326214626561 2.6803664865947905 1.036947378618964 -1.1173914883447731 -0.97623248554411401 1.1149353506509214 0.060246821897677508 0.14297840385242891 1.2319459121142116 -0.767893169170771 0.57449432829100833 -0.90070983171463015 0.89803338519164511 0.43559884957291867 -0.077488298680024048 0.089647250862759514 0.015530870153774821 0.059286507039234562 -0.17938125897198917 0.8752245557308197 -0.6422004863423737 -0.31407639610840654 0.3048448785096407
leaf_weight=3363 11351 228 21 29 23 21 80 78 1254 28 39 76 24 28 110 8047 1568 12551 29 64 20 57 122 50
leaf_count=3363 11351 228 21 29 23 21 80 78 1254 28 39 76 24 28 110 8047 1568 12551 29 64 20 57 122 50
internal_value=0.000718359 0.0425846 0.336182 1.11492 -0.0207446 0.0324259 0.0357778 0.594266 0.0287773 -0.0177841 0.33712 0.11925 -0.289302 0.168094 0.107625 -0.0197721 -0.0502321 -0.00136868 0.548117 -0.216048 -0.4041 -0.248064 -0.410509 0.0329986
internal_weight=39261 13306 445 79 25955 12861 12763 158 12605 25672 143 115 283 366 338 25529 9615 15914 58 260 98 77 146 114
internal_count=39261 13306 445 79 25955 12861 12763 158 12605 25672 143 115 283 366 338 25529 9615 15914 58 260 98 77 146 114
is_linear=0
shrinkage=0.05


Tree=61
num_leaves=29
num_cat=0
split_feature=23 25 19 21 19 21 19 17 5 20 7 23 22 6 3 22 17 3 25 0 17 10 9 21 10 6 12 25
split_gain=12382.6 33889.3 29883.5 95272.3 37406 20794.2 15246.1 19039.2 12507.9 21495 26835.6 30585.2 15318.8 31062.3 54568.3 13419.3 10748.7 10357 10069.8 10019.3 7702.1 7523.64 8538.04 8001.02 7235.1 6273.19 13639 5289.53
threshold=0.68322629814330826 0.49001051533419943 1.0000000180025095e-35 0.3000000000000001 5.3000000000000034 31.899999999999988 18.300000000000004 1.0000000180025095e-35 49.500000000000007 7.5000000000000027 32.500000000000007 -0.41248606129204524 -0.77259657388510594 127.50000000000001 108.50000000000001 -0.47114434510950048 1.0000000180025095e-35 25.500000000000004 0.50494235051780201 14.500000000000002 7.9000000000000021 27.500000000000004 -1.4999999999999998 54.100000000000016 3.5000000000000004 31.500000000000004 9.3074426202606961 -0.79354221435844496
decision_type=2 2 10 8 10 10 10 10 10 10 10 2 2 10 8 2 10 10 2 2 10 10 8 10 10 10 10 2
left_child=8 6 5 -4 -5 18 25 -8 9 15 17 -12 13 16 -15 24 -10 -11 -3 -17 -9 22 -14 -23 -1 26 -2 -27
right_child=1 2 3 4 -6 -7 7 20 12 10 11 -13 21 14 -16 19 -18 -19 -20 -21 -22 23 -24 -25 -26 27 -28 -29
leaf_value=-0.0418922524228727 -0.013831446928031808 1.1548579293489458 2.975617876079153 0.47405697993867335 -0.10886679354343731 1.3870862853938135 1.6191301727487195 -0.47429596456388634 -0.11312948794042602 0.012266064982892224 -0.00059418627000474308 1.3280808998478784 -0.16275204233719454 1.487091919742106 0.15294126419715781 0.066839657409585224 0.20199647745342447 0.24773290727485608 0.027287403895453102 -0.02902721094605051 0.55114469230373175 -0.59113300455516427 -0.042771081335634037 0.085474075743409456 -0.17406924854321271 -0.30081681075365574 0.40995653155965339 -0.068076510072250768
leaf_weight=6005 4616 20 34 892 398 29 31 30 1668 1219 77 99 2752 89 552 5953 323 757 1983 5027 47 154 3215 61 1251 292 198 1489
leaf_count=6005 4616 20 34 892 398 29 31 30 1668 1219 77 99 2752 89 552 5953 323 757 1983 5027 47 154 3215 61 1251 292 198 1489
internal_value=0.000682441 0.048526 0.178228 0.363067 0.294209 0.0577921 -0.0164122 0.572851 -0.0157979 0.00571775 0.155167 0.746786 -0.0655666 0.0354558 0.338182 -0.0119186 -0.0620066 0.102473 0.0385462 0.0229487 0.151622 -0.108577 -0.0981067 -0.399165 -0.0646808 -0.026062 0.00359897 -0.106235
internal_weight=39261 10059 3356 1324 1290 2032 6703 108 29202 20388 2152 176 8814 2632 641 18236 1991 1976 2003 10980 77 6182 5967 215 7256 6595 4814 1781
internal_count=39261 10059 3356 1324 1290 2032 6703 108 29202 20388 2152 176 8814 2632 641 18236 1991 1976 2003 10980 77 6182 5967 215 7256 6595 4814 1781
is_linear=0
shrinkage=0.05


Tree=62
num_leaves=28
num_cat=0
split_feature=11 16 6 14 24 20 20 0 25 6 10 19 21 6 11 23 19 19 25 12 2 7 14 25 7 17 12
split_gain=12204.5 13855.1 18064.7 39768.3 26299.6 21344.9 11896.2 7293.37 7526.36 28714.7 7172.6 6846.6 17370.3 7923.4 6705.47 6696.14 19618.5 5701.68 17348.9 6402.61 5680.08 4774.06 4609.68 4466.33 2823.81 2642.4 1591.28
threshold=1.0000000180025095e-35 0.90000000000000013 81.500000000000014 67.500000000000014 0.69325554713765702 5.3000000000000034 12.900000000000004 143.50000000000003 0.99962961997441069 82.500000000000014 84.500000000000014 4.5000000000000027 13.500000000000004 132.50000000000003 -26.499999999999996 0.96592582628906831 1.0000000180025095e-35 13.1 0.2843486543654084 3.8925595666889587 57.500000000000007 30.500000000000004 44.500000000000007 0.75546532993267157 37.500000000000007 1.7000000000000004 32.092387620976247
decision_type=10 10 10 8 2 10 10 2 2 10 10 10 10 8 10 2 10 10 2 10 8 10 10 2 8 10 10
left_child=7 10 6 5 -5 -4 22 8 17 21 15 13 -13 25 -14 20 -17 19 -19 -1 -2 -10 -3 -8 -15 -9 -12
right_child=1 2 3 4 -6 -7 23 11 9 -11 26 12 14 24 -16 16 -18 18 -20 -21 -22 -23 -24 -25 -26 -27 -28
leaf_value=-0.0003200898197334915 0.038134859635531482 -0.03221244984650172 3.2172702407836917 -0.10278955597341771 1.5758458554744721 0.93491116705394939 0.39417540982241533 -0.41690662962964914 0.46589741329167123 2.1042261654138565 -0.9578157487511636 1.2933218995332718 -0.58342842007124873 -0.70597191769629719 0.011251274749715261 -0.0036155724025514128 0.42068949647297649 0.37353747429396733 -0.19660009449414378 -0.054439467274928793 -0.041486201656024853 -0.16902673369273546 -0.62393582286061466 -0.065384832187555739 -0.099946169807059088 -0.96110643196105972 -0.32708574324846268
leaf_weight=15641 8067 298 20 105 30 21 304 207 47 20 20 25 54 20 388 808 411 330 224 8400 3101 80 37 64 494 25 20
leaf_count=15641 8067 298 20 105 30 21 304 207 47 20 20 25 54 20 388 808 411 330 224 8400 3101 80 37 64 494 25 20
internal_value=0.000648318 0.0395829 0.231423 0.684438 0.270241 2.04826 0.118008 -0.0193117 -0.0134431 0.343262 0.0260135 -0.139016 0.0111208 -0.233003 -0.0614019 0.0281721 0.139444 -0.0155751 0.143013 -0.0192296 0.0160266 0.0659452 -0.097567 0.314252 -0.123527 -0.475549 -0.642451
internal_weight=39261 13306 879 176 135 41 703 25955 24742 147 12427 1213 467 746 442 12387 1219 24595 554 24041 11168 127 335 368 514 232 40
internal_count=39261 13306 879 176 135 41 703 25955 24742 147 12427 1213 467 746 442 12387 1219 24595 554 24041 11168 127 335 368 514 232 40
is_linear=0
shrinkage=0.05


Tree=63
num_leaves=27
num_cat=0
split_feature=11 15 24 19 12 11 0 19 23 21 18 21 21 11 1 23 20 19 19 20 24 20 24 0 21 17
split_gain=11014.5 12737.3 19127.6 8815.68 11825.3 8480.15 6840.5 6552.93 18974 24707.6 6167.11 9906.3 13254.4 5824.65 5813.08 5846.62 5414.88 6992.77 5373.7 5115.92 4333.63 4092.86 3629.21 1903.46 1834.31 1425.01
threshold=1.0000000180025095e-35 1.3000000000000003 0.69325554713765702 41.400000000000013 10.830622050127756 5.5000000000000009 217.50000000000003 1.0000000180025095e-35 0.16280825711809002 0.3000000000000001 19.300000000000001 33.499999999999993 58.500000000000064 -21.499999999999996 23.500000000000004 -0.3520614488341256 30.699999999999996 12.500000000000004 17.500000000000007 36.70000000000001 0.3975391329312199 8.7000000000000046 -0.81403855522663837 261.50000000000006 45.800000000000061 2.100000000000001
decision_type=10 10 2 8 8 10 2 10 2 8 10 10 10 10 10 2 10 10 10 10 2 10 2 2 8 10
left_child=6 7 3 5 -5 -3 10 14 21 -10 16 20 -13 24 15 -2 17 -1 25 -16 -12 -9 -18 -20 -8 -15
right_child=1 2 -4 4 -6 -7 13 8 9 -11 11 12 -14 18 19 -17 22 -19 23 -21 -22 -23 -24 -25 -26 -27
leaf_value=-0.018604704935314374 0.11479464400670647 0.22827823281570106 1.7061673784007629 1.7872529837489131 0.20687564233767577 -0.65553890428235462 -1.1186870325179328 -0.063620751710294646 1.2718409305694056 0.15835634666182277 0.17753636888835744 0.95237180514025033 -0.34915241113415474 -0.29080013797982879 -0.048513982431316646 -0.0030365809693045677 -0.60494624411358555 0.1684423820831466 0.37074459448110231 0.64225837604867086 -0.80404629294167873 0.067430201087763583 -0.14721756816195902 -0.073312537805600597 -0.49039791696346724 -0.72192706128825312
leaf_weight=24681 1682 218 24 20 29 31 21 1633 51 2153 23 71 27 115 3686 2814 51 510 43 27 22 938 287 55 26 23
leaf_count=24681 1682 218 24 20 29 31 21 1633 51 2153 23 71 27 115 3686 2814 51 510 43 27 22 938 287 55 26 23
internal_value=0.000615903 0.0376037 0.348247 0.238884 0.851928 0.118245 -0.0183462 0.0298999 0.0764737 0.184122 -0.0156511 0.311787 0.593789 -0.262824 0.00280888 0.0410453 -0.0174852 -0.0148179 -0.161595 -0.0434909 -0.302348 -0.0158083 -0.216283 0.121529 -0.771123 -0.362655
internal_weight=39261 13306 322 298 49 249 25955 12984 4775 2204 25672 143 98 283 8209 4496 25529 25191 236 3713 45 2571 338 98 47 138
internal_count=39261 13306 322 298 49 249 25955 12984 4775 2204 25672 143 98 283 8209 4496 25529 25191 236 3713 45 2571 338 98 47 138
is_linear=0
shrinkage=0.05


Tree=64
num_leaves=28
num_cat=0
split_feature=11 15 24 19 12 11 0 12 20 7 19 19 22 24 25 6 25 24 19 6 13 19 19 6 19 19 24
split_gain=9940.61 11495.4 17262.6 7956.15 10672.4 7653.34 6420.03 8855.83 13229.3 7780.15 9946.72 40086.7 8594.56 26361.6 6549.67 26102.2 6210.83 19521.8 25015 15881.3 12168.2 18727.6 5814.17 5672.64 5257.77 4419.45 4213.61
threshold=1.0000000180025095e-35 1.3000000000000003 0.69325554713765702 41.400000000000013 10.830622050127756 5.5000000000000009 105.50000000000001 26.583251948676224 8.100000000000005 98.500000000000014 4.5000000000000027 4.700000000000002 -0.77259657388510594 0.52707282776374187 0.99962961997441069 77.500000000000014 0.70252747416915695 0.4288879662599927 4.1000000000000023 172.50000000000003 105.50000000000001 19.900000000000006 13.1 177.50000000000003 5.1000000000000023 1.9000000000000006 0.83827194252655779
decision_type=10 10 2 8 8 10 2 10 10 10 8 8 2 2 2 10 2 2 10 10 10 10 10 8 8 10 2
left_child=6 16 3 5 -5 -3 7 14 -9 10 23 -12 13 -11 22 -16 20 19 -19 -18 21 -2 -1 -8 -14 -10 -22
right_child=1 2 -4 4 -6 -7 9 8 25 12 11 -13 24 -15 15 -17 17 18 -20 -21 26 -23 -24 -25 -26 -27 -28
leaf_value=-0.01679435375246513 0.021736238579354937 0.21686432250869384 1.6208590264121694 1.6978903242293748 0.19653185852642718 -0.6227619728734417 -0.39809766420889237 -0.22764532859954567 1.4459919529301781 -0.08570964254918155 1.8053377330303193 -0.12946468563941232 -0.13149231813146534 1.0334692515089716 0.037670003544343147 1.9559566023803894 0.011458089503498586 0.2188994553792433 1.1682639770093375 0.82106917954740988 -0.10636316034529887 0.76764282956746799 0.16105506770106268 0.0046538778774018559 0.14734268512563883 0.48645125925540927 -0.39315672348419284
leaf_weight=22782 8415 218 24 20 29 31 499 36 28 171 28 610 778 76 114 21 2630 523 80 62 1043 85 469 106 216 21 146
leaf_count=22782 8415 218 24 20 29 31 499 36 28 171 28 610 778 76 114 21 2630 523 80 62 1043 85 469 106 216 21 146
internal_value=0.000585108 0.0357236 0.330834 0.22694 0.809331 0.112333 -0.0174288 -0.00933904 0.500094 -0.0938684 -0.182286 -0.0445517 -0.00530837 0.258653 -0.0111907 0.33607 0.0284049 0.0877046 0.344852 0.0301044 0.00823846 0.0291953 -0.0132069 -0.327533 -0.0709004 1.03476 -0.141579
internal_weight=39261 13306 322 298 49 249 25955 23471 85 2484 1243 638 1241 247 23386 135 12984 3295 603 2692 9689 8500 23251 605 994 49 1189
internal_count=39261 13306 322 298 49 249 25955 23471 85 2484 1243 638 1241 247 23386 135 12984 3295 603 2692 9689 8500 23251 605 994 49 1189
is_linear=0
shrinkage=0.05


Tree=65
num_leaves=22
num_cat=0
split_feature=0 19 0 20 7 12 11 20 4 23 3 7 19 20 14 0 14 3 16 21 19
split_gain=9563.04 10683.4 14392.3 20766.4 17829.2 10326.3 9515.77 11261.1 6922.85 10866.9 5719.57 4523.68 4402.99 8858.55 4556.99 3961.36 5613.71 4596.28 3182.98 2737.44 1200.09
threshold=169.50000000000003 11.500000000000004 15.500000000000002 11.5 -6.4999999999999991 40.294655507963078 -2.4999999999999996 8.100000000000005 90.500000000000014 0.47114434510950071 151.50000000000003 105.50000000000001 4.3000000000000034 13.500000000000002 134.50000000000003 -4.4999999999999991 -2.4999999999999996 -11.499999999999998 1.0000000180025095e-35 2.3000000000000012 1.0000000180025095e-35
decision_type=2 10 2 10 8 10 8 10 10 2 8 10 10 10 8 2 10 8 10 10 10
left_child=1 5 15 -4 -5 6 11 -8 9 18 -10 -1 14 -14 -12 17 -17 -3 -2 -7 -21
right_child=8 2 3 4 -6 19 7 -9 10 -11 12 -13 13 -15 -16 16 -18 -19 -20 20 -22
leaf_value=-0.11049407094491324 -0.46214483148521845 -0.1648756360389152 1.501016900904717 0.91806473816052458 0.1342086687360072 -0.047942225749676048 0.0009722639355805332 0.11222471895085134 0.73068420196126693 -1.3025795593857765 -0.45320821396124206 0.15671657257439461 0.88307945201030147 -0.064661096351365688 -0.13193005031302904 -0.40670720990303733 0.030892398472015678 0.5222590886553129 0.37007624804973605 -0.33599209720673773 -0.6666632455938003
leaf_weight=2319 27 53 31 78 1037 39 31273 2453 20 32 152 170 26 477 403 168 130 45 20 46 68
leaf_count=2319 27 53 31 78 1037 39 31273 2453 20 32 152 170 26 477 403 168 130 45 20 46 68
internal_value=0.0015134 0.00583508 0.134739 0.224533 0.189043 0.000369567 0.00210131 0.00906401 -0.14009 -0.591885 -0.106981 -0.0922434 -0.122815 -0.0156725 -0.21992 -0.12512 -0.215808 0.150645 -0.108008 -0.409533 -0.533235
internal_weight=39067 37910 1542 1146 1115 36368 36215 33726 1157 79 1078 2489 1058 503 555 396 298 98 47 153 114
internal_count=39067 37910 1542 1146 1115 36368 36215 33726 1157 79 1078 2489 1058 503 555 396 298 98 47 153 114
is_linear=0
shrinkage=0.05


Tree=66
num_leaves=29
num_cat=0
split_feature=15 25 24 22 24 23 3 20 0 6 6 19 14 23 25 12 10 18 19 22 7 25 20 20 25 16 19 6
split_gain=8898.53 8726.71 33258.3 43044.6 63362.6 45062.7 20940.9 35483.8 19282.1 17025.3 16417.9 13039.1 7694.12 10076.3 14844.2 15721.4 8422.84 6899.02 9628.05 5975.35 6104.39 3876.3 8339.08 8230.13 5710.88 3291.85 1386.12 1138.62
threshold=0.70000000000000018 0.70252747416915695 0.45972848220565493 -0.79335334029123528 0.5772862706790628 0.63405362205439486 31.500000000000004 8.7000000000000046 95.500000000000014 165.50000000000003 172.50000000000003 13.1 20.500000000000004 -0.16280825711808986 -0.1670516255021193 11.440099784673274 15.500000000000002 39.500000000000007 6.900000000000003 0.77259657388510639 54.500000000000007 -0.1159345995955005 33.900000000000013 10.500000000000004 -0.17552498857989962 1.5000000000000002 28.700000000000006 -6.4999999999999991
decision_type=10 2 2 2 2 2 8 8 2 10 10 10 8 2 2 8 10 10 10 2 8 2 10 10 2 10 8 10
left_child=1 8 6 4 -4 -5 7 -3 9 11 -8 -1 21 19 16 -16 -15 18 -10 20 -14 23 25 27 -25 -23 -21 -2
right_child=12 2 3 5 -6 -7 10 -9 17 -11 -12 -13 13 14 15 -17 -18 -19 -20 26 -22 22 -24 24 -26 -27 -28 -29
leaf_value=-0.0090001747745430943 -0.404606964190801 0.093751579883898817 1.7213354752342338 -0.098674040150498854 0.16802156204783839 0.5733998319269985 -0.06405837584124445 1.3564983052119874 -0.18661352793007105 1.356773298719655 0.63219341324252454 0.25875461661870375 0.31089350489215761 -0.17686941659855612 0.97473597760995245 0.028190539389728538 0.92183724925631572 -0.95233370409562035 0.032457661232628832 -0.64168115619457133 -0.28886393288086198 0.33678719101562388 -1.1041040903046018 0.24089273406771594 1.0877787610758907 -0.15901488193282576 -0.11416380576789381 -0.075478383913986369
leaf_weight=25323 33 2321 115 737 153 377 5471 57 2089 23 86 463 158 103 150 62 21 26 660 33 58 42 21 148 23 165 20 129
leaf_count=25323 33 2321 115 737 153 377 5471 57 2089 23 86 463 158 103 150 62 21 26 660 33 58 42 21 148 23 165 20 129
internal_value=0.00143773 -0.00274778 0.0392758 0.265637 0.834556 0.128769 -0.00014832 0.124019 -0.0164454 -0.00297967 -0.0532832 -0.00419251 0.137488 0.26117 0.443748 0.697916 0.00920187 -0.141684 -0.134017 0.0331164 0.149848 0.00410644 -0.154731 0.11286 0.354801 -0.0584174 -0.442618 -0.142523
internal_weight=39067 37901 9317 1382 268 1114 7935 2378 28584 25809 5557 25786 1166 605 336 212 124 2775 2749 269 216 561 228 333 171 207 53 162
internal_count=39067 37901 9317 1382 268 1114 7935 2378 28584 25809 5557 25786 1166 605 336 212 124 2775 2749 269 216 561 228 333 171 207 53 162
is_linear=0
shrinkage=0.05


Tree=67
num_leaves=21
num_cat=0
split_feature=25 23 16 5 20 4 24 19 24 24 1 18 19 9 12 25 7 14 23 4
split_gain=8855.35 24686.4 26488.3 7811.62 19936.9 28641.8 30481.7 23286.3 19002.3 46510.1 95149.2 18475.9 17944.4 10656.2 10031.9 9651.78 6753.88 4691.09 4054.31 2075.65
threshold=0.99962961997441069 0.72947329433276265 1.0000000180025095e-35 50.500000000000007 7.5000000000000027 22.500000000000004 -0.38168568572378597 16.100000000000009 0.45972848220565493 0.57023701209772126 116.50000000000001 2.5000000000000013 3.1000000000000014 39.500000000000007 0.91199578238293888 -0.93228921317451319 28.500000000000004 69.500000000000014 -0.5277851165098012 75.500000000000014
decision_type=2 2 10 10 10 10 2 10 2 2 10 10 10 10 8 2 10 10 2 10
left_child=3 16 -3 4 7 15 -7 11 13 10 -10 -1 -11 14 -5 -6 -2 19 -19 -18
right_child=1 2 -4 8 5 6 -8 -9 9 12 -12 -13 -14 -15 -16 -17 17 18 -20 -21
leaf_value=0.0051147556091077151 0.65017304512170648 0.38593756680687274 2.6204014244533722 0.93159694528579706 0.23483057615518488 0.48035057583572893 -0.042876604899499272 1.2523482156766428 1.473204812087868 -0.086004431098874345 0.078319204161317643 -0.23864366275649887 0.34733181831963961 -1.1962339592121898 -0.071431081774645619 -0.060916471394488442 -0.056084817302854445 -0.12953740179538728 0.8438453680471234 -0.43567694078745511
leaf_weight=23466 39 36 21 25 348 876 408 37 169 1865 442 804 274 21 8709 1331 95 20 23 58
leaf_count=23466 39 36 21 25 348 876 408 37 169 1865 442 804 274 21 8709 1331 95 20 23 58
internal_value=0.00136584 0.275683 1.20916 -0.000699936 0.013877 0.136326 0.314091 -0.00104948 -0.0352512 0.0794034 0.464139 -0.00296031 -0.0304953 -0.0712649 -0.06856 0.000381904 0.0492644 -0.0703042 0.391109 -0.199982
internal_weight=39067 292 57 38775 27270 2963 1284 24307 11505 2750 611 24270 2139 8755 8734 1679 235 196 43 153
internal_count=39067 292 57 38775 27270 2963 1284 24307 11505 2750 611 24270 2139 8755 8734 1679 235 196 43 153
is_linear=0
shrinkage=0.05


Tree=68
num_leaves=25
num_cat=0
split_feature=2 25 6 8 5 5 18 25 19 24 7 21 1 25 5 14 14 14 5 6 18 1 22 5
split_gain=8378.31 10824 38485 8453.11 9700.54 13641.5 12559.8 8571.68 20544 11942.2 7179.9 7071.03 5662.39 13780 5070.14 4448.99 7574.63 3789.96 13731.4 3464.32 3250.04 2948.32 1603.54 863.029
threshold=148.50000000000003 0.99962961997441069 83.500000000000014 3.5000000000000004 71.500000000000014 66.500000000000014 1.0000000180025095e-35 -0.5488429582847193 15.100000000000003 0.10738035228456497 29.500000000000004 31.899999999999988 171.50000000000003 0.85651926849515192 167.50000000000003 65.500000000000014 66.500000000000014 58.500000000000007 119.50000000000001 78.500000000000014 1.7000000000000004 255.50000000000003 0.13052619222005177 66.500000000000014
decision_type=10 2 10 10 10 8 10 2 10 2 10 8 10 2 10 8 10 8 8 10 10 10 2 10
left_child=1 3 10 7 5 -5 -6 8 -1 -9 22 15 13 14 -13 23 -17 21 -19 -12 -18 -14 -3 -2
right_child=11 2 -4 4 6 -7 -8 9 -10 -11 19 12 17 -15 -16 16 20 18 -20 -21 -22 -23 -24 -25
leaf_value=-0.046177467836939018 -0.95620077610015874 0.18384599823504688 2.0766652339271139 0.25168262513390943 0.61453957570635753 1.4664236755967142 -0.83900662618024013 -0.0057593873572501396 0.38241770931938179 0.067795577151042632 -0.15306197637692096 0.25850114685017617 0.30337260643081698 1.3351205869154497 -0.11587838495369607 0.51345924124231235 -0.20238642405538756 -1.3628877909287163 -0.11905372789909173 0.42962558913615445 -0.55878610420776043 -0.19612941082980898 0.71839072729678866 -0.53217512925465904
leaf_weight=10837 20 20 28 306 23 25 42 17475 287 8065 144 160 86 22 208 34 404 23 629 31 76 45 47 30
leaf_count=10837 20 20 28 306 23 25 42 17475 287 8065 144 160 86 22 208 34 404 23 629 31 76 45 47 30
internal_value=0.00129755 0.0062923 0.321724 0.00399423 0.233767 0.34343 -0.324675 0.00151251 -0.0351197 0.0174677 0.118673 -0.106045 -0.0360928 0.119564 0.0468953 -0.251531 -0.207732 -0.113623 -0.162931 -0.049843 -0.258816 0.131788 0.558825 -0.701785
internal_weight=39067 37330 270 37060 396 331 65 36664 11124 25540 242 1737 1173 390 368 564 514 783 652 175 480 131 67 50
internal_count=39067 37330 270 37060 396 331 65 36664 11124 25540 242 1737 1173 390 368 564 514 783 652 175 480 131 67 50
is_linear=0
shrinkage=0.05


Tree=69
num_leaves=26
num_cat=0
split_feature=23 25 6 25 19 19 2 13 16 21 21 19 14 22 6 25 25 25 0 13 25 21 14 14 19
split_gain=7962.91 26157.6 28676.8 20634.8 17821.8 45175.9 11793.3 22581.7 35197.5 16302.8 15598.8 10921.8 21648.6 10692.9 29879 53170.4 15987.5 9374.59 8725.08 5840.62 6948.56 6869.98 4839.56 2288.39 1340.56
threshold=0.63405362205439486 0.99962961997441069 80.500000000000014 0.49001051533419943 5.3000000000000034 3.9000000000000017 68.500000000000014 94.500000000000014 0.70000000000000018 2.3000000000000012 52.900000000000027 11.600000000000003 46.500000000000007 -0.77259657388510594 125.50000000000001 0.60503365783732044 0.91586428826728705 0.90515966073569354 -11.499999999999998 108.50000000000001 -0.70862667826445969 32.899999999999991 13.500000000000002 18.500000000000004 0.3000000000000001
decision_type=2 2 10 2 10 10 10 10 10 8 10 10 8 2 10 2 2 2 2 8 2 8 8 10 10
left_child=6 3 24 11 5 -5 7 10 9 -9 18 22 -13 14 16 -16 -8 -6 -1 20 -15 -21 -2 -12 -3
right_child=1 2 -4 4 17 -7 13 8 -10 -11 23 12 -14 19 15 -17 -18 -19 -20 21 -22 -23 -24 -25 -26
leaf_value=0.15625623014801404 0.012144604115957931 0.097549679756164562 2.6085686329007149 0.13136962797356599 -0.0089120766449075454 1.1049314806793606 -0.0065758251625811686 1.1176744746725733 2.5214470710073198 -0.1059449929583036 -1.2463779774308206 0.60874698916352621 -0.20975170618189232 0.37278877770525776 -0.22492879263641274 0.68755115115415932 -0.42381410358809168 -0.51558224751794934 -0.0039144154145874278 -0.22079867947649634 -0.065670964634545526 -0.059863042373859011 -0.072742027697642861 -0.58854798559959121 0.6327054955742577
leaf_weight=886 3255 25 20 3051 266 124 800 41 21 81 20 191 140 96 278 375 322 139 21068 1723 1538 1078 3468 39 22
leaf_count=886 3255 25 20 3051 266 124 800 41 21 81 20 191 140 96 278 375 322 139 21068 1723 1538 1078 3468 39 22
internal_value=0.00123267 0.0379852 1.02283 0.0317802 0.129549 0.169392 -0.0126321 0.00443612 0.630724 0.305271 0.000367655 -0.0178386 0.262554 -0.0735282 0.0301818 0.299083 -0.126318 -0.182806 0.00254961 -0.115036 -0.0399108 -0.158861 -0.0316434 -0.811541 0.348048
internal_weight=39067 10701 67 10634 3580 3175 28366 22156 143 122 22013 7054 331 6210 1775 653 1122 405 21954 4435 1634 2801 6723 59 47
internal_count=39067 10701 67 10634 3580 3175 28366 22156 143 122 22013 7054 331 6210 1775 653 1122 405 21954 4435 1634 2801 6723 59 47
is_linear=0
shrinkage=0.05


Tree=70
num_leaves=27
num_cat=0
split_feature=12 22 25 17 25 19 12 19 25 10 23 19 14 13 0 20 20 17 20 25 19 10 7 19 20 4
split_gain=9221.79 11587.3 10917.5 28171.6 39786.6 39938.1 31231.1 17745.5 23178.6 20555.9 13426.2 13308.9 9956.63 12445.3 9790.37 33913.2 12778.6 7925.46 7879.04 6370.33 6324.9 5827.37 9493.7 7353.38 5298.7 2529.8
threshold=16.077747371871034 -0.84874750804349186 0.44436171794418389 0.3000000000000001 0.92589048012183117 0.90000000000000013 10.519670730563448 19.900000000000006 -0.76107606668641947 16.500000000000004 0.55557023301960229 1.0000000180025095e-35 28.500000000000004 40.500000000000007 98.500000000000014 24.600000000000001 1.0000000180025095e-35 2.100000000000001 12.200000000000005 -0.7721279831368929 61.299999999999997 89.500000000000014 155.50000000000003 0.90000000000000013 10.100000000000003 62.500000000000007
decision_type=10 2 2 10 2 10 8 10 2 10 2 10 10 10 2 10 8 8 8 2 10 8 8 8 10 10
left_child=2 14 7 10 6 -6 -5 12 17 -10 18 -12 13 -1 15 25 -16 -9 -4 -14 21 23 -23 -3 -18 -2
right_child=1 20 3 4 5 -7 -8 8 9 -11 11 -13 19 -15 16 -17 24 -19 -20 -21 -22 22 -24 -25 -26 -27
leaf_value=-0.0087705363385080486 -0.6351751601696014 -0.23116123099576821 -0.0070284335714214958 0.57473148544715058 1.1654644876577944 -0.29149708421254739 -0.11851002361716295 1.7344777743021649 -0.36307945947968556 0.90388761507347226 0.0465319108981746 0.28851010824673101 -0.21458267268746917 0.21278661909721161 1.1099178339999456 2.0014288546710182 -0.25627010452414029 0.60124467357441236 -0.21352204587216483 -0.056712575161473322 0.61343613139220654 -0.8058764594933665 0.38091437278146095 -0.045895784614481315 0.15232416215094638 0.15056828372180464
leaf_weight=18754 20 944 6920 783 53 418 205 36 89 50 2528 733 756 656 26 29 152 27 495 4129 28 72 22 1238 166 21
leaf_count=18754 20 944 6920 783 53 418 205 36 89 50 2528 733 756 656 26 29 152 27 495 4129 28 72 22 1238 166 21
internal_value=-0.000841608 -0.0897025 0.00575164 0.0445344 0.250613 -0.12755 0.430891 -0.01346 0.453243 0.0926641 0.0163713 0.100923 -0.0173404 -0.00128257 0.153842 0.692855 0.0441588 1.24881 -0.0208132 -0.0811445 -0.133464 -0.142653 -0.528117 -0.126047 -0.0429788 -0.232721
internal_weight=39350 2718 36632 12135 1459 471 988 24497 202 139 10676 3261 24295 19410 414 70 344 63 7415 4885 2304 2276 94 2182 318 41
internal_count=39350 2718 36632 12135 1459 471 988 24497 202 139 10676 3261 24295 19410 414 70 344 63 7415 4885 2304 2276 94 2182 318 41
is_linear=0
shrinkage=0.05


Tree=71
num_leaves=27
num_cat=0
split_feature=12 22 21 20 1 25 25 7 3 23 18 20 20 24 2 18 10 20 20 10 1 22 7 1 17 10
split_gain=8322.66 10457.6 10827.8 11479.9 14388 9982.93 29522.6 75406.2 31851.5 20963.3 31524.4 10083.5 9026.84 19768.2 21713.2 12145.4 9512.72 6024.41 4832.32 9165.5 5266.98 4404.2 2864.77 2415.18 1256.34 706.781
threshold=16.077747371871034 -0.84874750804349186 1.8000000000000005 13.200000000000005 106.50000000000001 -0.18399835165767989 -0.15855351192338588 33.500000000000007 31.500000000000004 0.58216583101416119 1.0000000180025095e-35 36.800000000000011 14.899999999999999 0.57023701209772126 116.50000000000001 0.70000000000000018 5.5000000000000009 10.9 53.300000000000018 109.50000000000001 261.50000000000006 -0.13052619222005163 17.500000000000004 251.50000000000003 5.700000000000002 4.5000000000000009
decision_type=10 2 8 10 10 2 2 10 10 2 10 10 10 2 8 10 10 8 8 10 8 2 8 10 10 10
left_child=5 2 -2 22 -5 12 7 8 -7 11 -11 -8 15 14 -14 16 -1 -17 19 20 -3 24 -4 -23 -20 -15
right_child=1 18 3 4 -6 6 9 -9 -10 10 -12 -13 13 25 -16 17 -18 -19 21 -21 -22 23 -24 -25 -26 -27
leaf_value=-0.0043025326136398381 1.2004485719877742 -0.12704644780761701 -0.58244904371408324 1.1426799153739757 0.12310401506859947 0.031009737380585892 -0.009353572133906668 2.8557826599975429 1.1246388982094471 0.034732651701654217 0.30780505822127496 -0.4243584264271163 0.39618852651930742 -0.40239862835123424 -0.20003550662897354 -0.22944111521710681 -0.14592457749106894 -0.011231054689622919 0.0010899855602871289 -1.0029032757205349 -0.79441609183947248 0.41814629646374829 -0.10006581921615217 -0.18694068297743799 -0.37275518947526032 -0.68062398457527173
leaf_weight=13277 23 2036 39 44 162 321 13275 30 84 4451 1386 148 527 42 215 1076 1302 448 55 31 30 94 146 20 38 50
leaf_count=13277 23 2036 39 44 162 321 13275 30 84 4451 1386 148 527 42 215 1076 1302 448 55 31 30 94 146 20 38 50
internal_value=-0.000799527 -0.0852174 0.14615 0.0841321 0.340878 0.00546406 0.0296693 0.437005 0.257837 0.0204693 0.0995739 -0.0139294 -0.0226827 0.137712 0.223428 -0.0309898 -0.0169503 -0.165295 -0.126791 -0.149542 -0.136737 0.103682 -0.201757 0.311991 -0.151664 -0.553608
internal_weight=39350 2718 414 391 206 36632 19695 435 405 19260 5837 13423 16937 834 742 16103 14579 1524 2304 2097 2066 207 185 114 93 92
internal_count=39350 2718 414 391 206 36632 19695 435 405 19260 5837 13423 16937 834 742 16103 14579 1524 2304 2097 2066 207 185 114 93 92
is_linear=0
shrinkage=0.05


Tree=72
num_leaves=25
num_cat=0
split_feature=25 6 3 12 24 24 4 25 11 12 20 8 7 25 24 10 14 23 11 1 1 3 9 10
split_gain=7773.98 37688.5 7751.26 7275.59 9065.23 15125 74244.9 10252.6 8753.05 7761.27 12072 7383.82 6295.84 9027.5 7875.64 5707.16 4884.71 4295.61 3552.1 1695.13 876.2 554.189 260.242 119.272
threshold=0.99962961997441069 83.500000000000014 75.500000000000014 14.423004471571931 0.57023701209772126 0.45972848220565493 131.50000000000003 0.47493347945960995 1.5000000000000002 8.1183970827624581 1.0000000180025095e-35 4.5000000000000009 56.500000000000007 0.49001051533419943 0.41327478071396911 -22.499999999999996 24.500000000000004 -0.5 8.5000000000000018 71.500000000000014 30.500000000000004 82.500000000000014 -4.4999999999999991 -3.4999999999999996
decision_type=2 10 10 10 2 2 10 2 10 10 10 10 8 2 2 8 10 2 10 10 10 10 10 10
left_child=3 2 16 8 5 7 -7 -5 12 11 -11 -10 13 -1 -14 17 20 -6 -17 -18 -2 23 -23 -4
right_child=1 -3 21 4 15 6 -8 -9 9 10 -12 -13 14 -15 -16 18 19 -19 -20 -21 -22 22 -24 -25
leaf_value=-0.0081929877927332181 0.082246196745153599 2.0001291946108855 -0.23214178681373598 0.021325430220110655 -0.12687867911982126 2.1956982110372998 -0.0090044417532940731 -0.20205445201776087 0.031195096124837847 0.60874136206123142 0.10709170855397253 0.51295133921559211 -0.063645742038048667 0.071574869818847892 0.040670414322819336 -0.24843759268930007 0.64996155875198769 0.79964661923321811 -0.76655775308609009 0.20651865568943323 -0.29184364857880968 -0.25376303877149309 -0.47892170602625073 -0.065550626743407489
leaf_weight=16228 49 28 22 1124 29 44 289 946 4402 155 530 81 7659 4539 2369 603 66 22 35 32 23 21 33 21
leaf_count=16228 49 28 22 1124 29 44 289 946 4402 155 530 81 7659 4539 2369 603 66 22 35 32 23 21 33 21
internal_value=-0.000759551 0.25495 0.0719348 -0.00269104 -0.0762904 -0.0304475 0.282308 -0.0807603 0.00363683 0.0638513 0.220604 0.0398996 -0.00646832 0.00924171 -0.0390022 -0.236175 0.275434 0.272799 -0.276861 0.505164 -0.0372547 -0.284713 -0.39136 -0.150783
internal_weight=39350 295 267 39055 3092 2403 333 2070 35963 5168 685 4483 30795 20767 10028 689 170 51 638 98 72 97 54 43
internal_count=39350 295 267 39055 3092 2403 333 2070 35963 5168 685 4483 30795 20767 10028 689 170 51 638 98 72 97 54 43
is_linear=0
shrinkage=0.05


Tree=73
num_leaves=22
num_cat=0
split_feature=13 21 21 13 6 14 12 19 25 6 13 13 10 10 3 18 13 10 9 6 21
split_gain=7115.16 9351.14 39117.6 52803.2 14187.8 11142.4 10709.8 9959.28 8414.71 36447.4 8410.01 8296.93 6980.61 5458.11 5224.8 3525.76 2526.99 2724.64 2147.49 1460.38 1378.27
threshold=240.50000000000003 31.899999999999988 36.300000000000018 106.50000000000001 34.500000000000007 -9.4999999999999982 17.556904528076917 16.900000000000009 0.99962961997441069 82.500000000000014 88.500000000000014 108.50000000000001 27.500000000000004 50.500000000000007 4.5000000000000009 20.700000000000006 274.50000000000006 -25.499999999999996 -1.4999999999999998 134.50000000000003 51.70000000000001
decision_type=10 10 10 8 10 8 10 10 2 10 10 10 10 10 10 10 10 10 10 8 10
left_child=1 6 3 4 -3 -4 8 11 12 -10 -7 -8 -1 15 -5 16 19 -18 -9 -2 -15
right_child=13 2 5 14 -6 10 7 18 9 -11 -12 -13 -14 20 -16 -17 17 -19 -20 -21 -22
leaf_value=0.0014382469250563809 -0.49235880698623324 0.54228005843127469 1.0526385436058046 -0.59439177409462307 1.739357267664029 -0.1589816465689457 0.11663829802822034 -0.40918828889727599 0.10845193180921969 2.2837061189469838 0.079994779642524355 -0.17528509275710957 -0.27256675194391711 -0.95248920154571537 0.20397606691187053 0.51803536731749777 0.30181779077519544 -0.12705163991397347 -1.0696489021182061 -0.20424844861557645 -0.40302862113430388
leaf_weight=34930 58 34 25 23 91 596 312 20 232 21 963 1107 234 25 188 20 46 190 32 182 21
leaf_count=34930 58 34 25 23 91 596 312 20 232 21 963 1107 234 25 188 20 46 190 32 182 21
internal_value=-0.000721573 0.00179106 0.109372 0.599391 1.41375 0.00542795 -0.00380845 -0.136004 0.00168213 0.289007 -0.011365 -0.111099 -0.000385128 -0.18063 0.11695 -0.13231 -0.159635 -0.0434584 -0.815626 -0.273875 -0.701649
internal_weight=39350 38808 1920 336 125 1584 36888 1471 35417 253 1559 1419 35164 542 211 496 476 236 52 240 46
internal_count=39350 38808 1920 336 125 1584 36888 1471 35417 253 1559 1419 35164 542 211 496 476 236 52 240 46
is_linear=0
shrinkage=0.05


end of trees

feature_importances:
Column_19=205
Column_20=125
Column_25=121
Column_21=116
Column_24=110
Column_0=90
Column_10=90
Column_7=84
Column_18=82
Column_13=76
Column_6=74
Column_14=72
Column_12=70
Column_4=69
Column_17=69
Column_23=69
Column_5=67
Column_8=66
Column_3=60
Column_9=53
Column_1=45
Column_22=42
Column_11=39
Column_2=35
Column_16=21
Column_15=20

parameters:
[boosting: gbdt]
[objective: regression]
[metric: l1]
[tree_learner: serial]
[device_type: cpu]
[data_sample_strategy: bagging]
[data: ]
[valid: ]
[num_iterations: 74]
[learning_rate: 0.05]
[num_leaves: 31]
[num_threads: 1]
[seed: 42]
[deterministic: 1]
[force_col_wise: 1]
[force_row_wise: 0]
[histogram_pool_size: -1]
[max_depth: 5]
[min_data_in_leaf: 20]
[min_sum_hessian_in_leaf: 0.001]
[bagging_fraction: 0.8]
[pos_bagging_fraction: 1]
[neg_bagging_fraction: 1]
[bagging_freq: 5]
[bagging_seed: 42]
[bagging_by_query: 0]
[feature_fraction: 0.8]
[feature_fraction_bynode: 1]
[feature_fraction_seed: 42]
[extra_trees: 0]
[extra_seed: 12879]
[early_stopping_round: 0]
[early_stopping_min_delta: 0]
[first_metric_only: 0]
[max_delta_step: 0]
[lambda_l1: 0]
[lambda_l2: 0]
[linear_lambda: 0]
[min_gain_to_split: 0]
[drop_rate: 0.1]
[max_drop: 50]
[skip_drop: 0.5]
[xgboost_dart_mode: 0]
[uniform_drop: 0]
[drop_seed: 17869]
[top_rate: 0.2]
[other_rate: 0.1]
[min_data_per_group: 100]
[max_cat_threshold: 32]
[cat_l2: 10]
[cat_smooth: 10]
[max_cat_to_onehot: 4]
[top_k: 20]
[monotone_constraints: ]
[monotone_constraints_method: basic]
[monotone_penalty: 0]
[feature_contri: ]
[forcedsplits_filename: ]
[refit_decay_rate: 0.9]
[cegb_tradeoff: 1]
[cegb_penalty_split: 0]
[cegb_penalty_feature_lazy: ]
[cegb_penalty_feature_coupled: ]
[path_smooth: 0]
[interaction_constraints: ]
[verbosity: -1]
[saved_feature_importance_type: 0]
[use_quantized_grad: 0]
[num_grad_quant_bins: 4]
[quant_train_renew_leaf: 0]
[stochastic_rounding: 1]
[linear_tree: 0]
[max_bin: 255]
[max_bin_by_feature: ]
[min_data_in_bin: 3]
[bin_construct_sample_cnt: 200000]
[data_random_seed: 42]
[is_enable_sparse: 1]
[enable_bundle: 1]
[use_missing: 1]
[zero_as_missing: 0]
[feature_pre_filter: 1]
[pre_partition: 0]
[two_round: 0]
[header: 0]
[label_column: ]
[weight_column: ]
[group_column: ]
[ignore_column: ]
[categorical_feature: ]
[forcedbins_filename: ]
[precise_float_parser: 0]
[parser_config_file: ]
[objective_seed: 16083]
[num_class: 1]
[is_unbalance: 0]
[scale_pos_weight: 1]
[sigmoid: 1]
[boost_from_average: 1]
[reg_sqrt: 0]
[alpha: 0.9]
[fair_c: 1]
[poisson_max_delta_step: 0.7]
[tweedie_variance_power: 1.5]
[lambdarank_truncation_level: 30]
[lambdarank_norm: 1]
[label_gain: ]
[lambdarank_position_bias_regularization: 0]
[eval_at: ]
[multi_error_top_k: 1]
[auc_mu_weights: ]
[num_machines: 1]
[local_listen_port: 12400]
[time_out: 120]
[machine_list_filename: ]
[machines: ]
[gpu_platform_id: -1]
[gpu_device_id: -1]
[gpu_device_id_list: ]
[gpu_use_dp: 0]
[num_gpu: 1]

end of parameters

pandas_categorical:null
